timestamp_iso,lat,lon,accuracy_m,altitude_m,speed_mps,heading_deg
2026-05-26T18:05:45.282Z,56.9642034,23.5969588,6.808,15.195,0.000,-1.000
2026-05-26T18:05:50.142Z,56.9642034,23.5969588,6.808,15.195,0.000,-1.000
2026-05-26T18:05:50.143Z,56.9642554,23.5968916,8.995,10.686,0.000,-1.000
2026-05-26T18:05:50.144Z,56.9642034,23.5969588,6.808,15.375,0.000,-1.000
2026-05-26T18:06:26.808Z,56.9642458,23.5969097,6.695,14.594,0.000,-1.000
2026-05-26T18:06:35.341Z,56.9642438,23.5969208,6.554,15.357,0.000,-1.000
2026-05-26T18:06:35.350Z,56.9642438,23.5969208,6.554,15.357,0.000,-1.000
2026-05-26T18:06:41.820Z,56.9642450,23.5969179,6.228,24.174,0.000,-1.000
2026-05-26T18:06:56.822Z,56.9642460,23.5969155,5.948,24.174,0.000,-1.000
2026-05-26T18:07:11.827Z,56.9642468,23.5969135,5.703,24.174,0.000,-1.000
2026-05-26T18:07:18.506Z,56.9642477,23.5969113,6.369,24.174,0.000,-1.000
2026-05-26T18:07:19.496Z,56.9642477,23.5969113,6.371,15.148,0.000,-1.000
2026-05-26T18:07:25.504Z,56.9642492,23.5969076,5.856,15.148,0.000,-1.000
2026-05-26T18:07:31.516Z,56.9642497,23.5969063,5.621,15.148,0.000,-1.000
2026-05-26T18:07:34.798Z,56.9642034,23.5969588,6.808,14.382,0.000,-1.000
2026-05-26T18:10:52.105Z,56.9642573,23.5968842,12.282,21.120,0.000,-1.000
2026-05-26T18:10:53.105Z,56.9642569,23.5968701,15.316,17.367,1.219,-1.000
2026-05-26T18:10:54.105Z,56.9642565,23.5968613,11.544,17.079,0.000,-1.000
2026-05-26T18:10:55.105Z,56.9642561,23.5968532,9.885,17.051,0.000,-1.000
2026-05-26T18:10:56.105Z,56.9642558,23.5968481,9.637,17.048,0.000,-1.000
2026-05-26T18:10:57.105Z,56.9642550,23.5968314,20.688,17.047,0.000,-1.000
2026-05-26T18:10:59.104Z,56.9642543,23.5968479,18.798,17.047,0.000,-1.000
2026-05-26T18:11:09.117Z,56.9642034,23.5969588,6.808,15.375,0.000,-1.000
2026-05-26T18:11:11.104Z,56.9641493,23.5966236,116.222,17.047,0.000,-1.000
2026-05-26T18:11:12.104Z,56.9641493,23.5966236,223.590,17.047,0.000,-1.000
2026-05-26T18:11:13.104Z,56.9641813,23.5966718,174.278,17.047,0.000,-1.000
2026-05-26T18:11:14.104Z,56.9641676,23.5968362,122.826,17.002,0.000,-1.000
2026-05-26T18:11:15.104Z,56.9641676,23.5968362,122.826,17.002,0.000,-1.000
2026-05-26T18:11:16.104Z,56.9642152,23.5971284,120.697,16.583,0.000,-1.000
2026-05-26T18:11:17.104Z,56.9642340,23.5972631,90.895,16.199,0.000,-1.000
2026-05-26T18:11:18.104Z,56.9642412,23.5973610,69.617,15.919,0.000,-1.000
2026-05-26T18:11:19.104Z,56.9642470,23.5974290,84.912,15.692,0.000,-1.000
2026-05-26T18:11:20.104Z,56.9642640,23.5973673,82.061,15.690,0.000,-1.000
2026-05-26T18:11:21.104Z,56.9642640,23.5973673,82.061,15.690,0.000,-1.000
2026-05-26T18:11:23.104Z,56.9642630,23.5973632,81.308,15.583,0.000,-1.000
2026-05-26T18:11:24.104Z,56.9642630,23.5973631,81.379,15.583,0.000,-1.000
2026-05-26T18:11:25.104Z,56.9642630,23.5973631,81.617,15.583,0.000,-1.000
2026-05-26T18:11:26.105Z,56.9642630,23.5973631,82.128,15.583,0.000,-1.000
2026-05-26T18:11:39.119Z,56.9642034,23.5969588,6.808,24.124,0.000,-1.000
2026-05-26T18:11:43.105Z,56.9640039,23.5968310,114.037,15.583,0.000,-1.000
2026-05-26T18:11:44.105Z,56.9640039,23.5968310,114.037,15.583,0.000,-1.000
2026-05-26T18:11:45.105Z,56.9640536,23.5968941,12.395,15.495,0.000,-1.000
2026-05-26T18:11:46.105Z,56.9640536,23.5968941,10.854,15.495,0.000,-1.000
2026-05-26T18:11:46.993Z,56.9639693,23.5968091,13.537,19.082,0.527,255.801
2026-05-26T18:11:47.993Z,56.9639735,23.5967242,9.052,19.856,2.124,301.260
2026-05-26T18:11:48.993Z,56.9639812,23.5967007,4.749,18.586,0.421,265.804
2026-05-26T18:11:49.993Z,56.9639829,23.5967544,4.749,18.342,0.970,243.061
2026-05-26T18:11:50.993Z,56.9639947,23.5967795,4.749,17.129,0.725,269.557
2026-05-26T18:11:51.993Z,56.9640045,23.5967886,4.749,15.550,0.488,281.376
2026-05-26T18:11:52.993Z,56.9640025,23.5967771,4.749,14.986,0.722,277.478
2026-05-26T18:11:53.993Z,56.9640095,23.5967989,4.749,13.487,0.472,-1.000
2026-05-26T18:11:54.993Z,56.9640131,23.5967958,4.749,13.368,0.618,264.732
2026-05-26T18:11:55.993Z,56.9640215,23.5967869,4.749,13.807,0.776,290.320
2026-05-26T18:11:56.993Z,56.9640283,23.5967895,4.749,13.091,0.785,314.116
2026-05-26T18:11:57.993Z,56.9640329,23.5967800,4.749,13.144,0.737,296.888
2026-05-26T18:11:58.993Z,56.9640333,23.5967715,4.749,13.082,0.643,305.090
2026-05-26T18:11:59.993Z,56.9640358,23.5967677,4.749,12.765,0.408,-1.000
2026-05-26T18:12:00.993Z,56.9640428,23.5967668,4.749,12.372,0.503,324.653
2026-05-26T18:12:01.993Z,56.9640480,23.5967847,4.749,11.813,0.416,-1.000
2026-05-26T18:12:02.993Z,56.9640554,23.5967768,4.749,11.965,0.496,-1.000
2026-05-26T18:12:03.993Z,56.9640604,23.5967656,4.749,11.507,0.473,-1.000
2026-05-26T18:12:04.993Z,56.9640744,23.5967600,4.749,11.826,0.829,2.521
2026-05-26T18:12:05.993Z,56.9640750,23.5967580,4.749,12.722,0.529,303.965
2026-05-26T18:12:06.993Z,56.9640819,23.5967544,4.749,12.406,0.550,303.965
2026-05-26T18:12:07.993Z,56.9640879,23.5967589,4.749,12.588,0.367,303.965
2026-05-26T18:12:08.993Z,56.9640926,23.5967641,4.749,12.782,0.231,303.965
2026-05-26T18:12:09.993Z,56.9640969,23.5967694,4.749,12.694,0.280,303.965
2026-05-26T18:12:10.993Z,56.9641036,23.5967768,4.749,12.679,0.306,303.965
2026-05-26T18:12:11.993Z,56.9641085,23.5967782,4.749,12.457,0.309,303.965
2026-05-26T18:12:12.993Z,56.9641129,23.5967822,4.749,12.352,0.292,303.965
2026-05-26T18:12:13.993Z,56.9641163,23.5967909,4.749,12.524,0.073,303.965
2026-05-26T18:12:14.993Z,56.9641278,23.5967902,4.749,12.546,0.614,350.887
2026-05-26T18:12:15.993Z,56.9641370,23.5967954,4.749,12.571,0.756,5.310
2026-05-26T18:12:16.993Z,56.9641411,23.5968118,4.749,12.624,0.738,36.965
2026-05-26T18:12:17.993Z,56.9641459,23.5968118,4.749,12.712,0.648,32.467
2026-05-26T18:12:18.993Z,56.9641497,23.5968159,4.749,12.341,0.543,36.321
2026-05-26T18:12:19.993Z,56.9641546,23.5968205,4.749,12.332,0.545,35.741
2026-05-26T18:12:20.993Z,56.9641555,23.5968188,4.749,12.237,0.217,38.651
2026-05-26T18:12:21.993Z,56.9641551,23.5968116,4.749,12.319,0.064,38.651
2026-05-26T18:12:22.993Z,56.9641567,23.5968149,4.749,12.592,0.204,38.651
2026-05-26T18:12:23.993Z,56.9641564,23.5968152,4.749,12.897,0.029,38.651
2026-05-26T18:12:24.993Z,56.9641565,23.5968134,4.749,12.944,0.038,38.651
2026-05-26T18:12:25.993Z,56.9641574,23.5968141,4.749,12.718,0.142,38.651
2026-05-26T18:12:26.993Z,56.9641564,23.5968173,4.749,12.307,0.114,38.651
2026-05-26T18:12:27.993Z,56.9641633,23.5968241,4.749,12.203,0.570,35.938
2026-05-26T18:12:28.993Z,56.9641687,23.5968365,4.749,12.895,0.797,48.146
2026-05-26T18:12:29.993Z,56.9641744,23.5968283,4.749,12.817,0.645,22.580
2026-05-26T18:12:30.993Z,56.9641705,23.5968345,4.749,11.459,0.387,43.656
2026-05-26T18:12:31.993Z,56.9641793,23.5968438,4.749,12.284,0.633,37.920
2026-05-26T18:12:32.993Z,56.9641815,23.5968528,4.749,12.210,0.567,49.068
2026-05-26T18:12:33.993Z,56.9641809,23.5968499,4.749,11.947,0.069,53.196
2026-05-26T18:12:34.993Z,56.9641808,23.5968487,4.749,11.938,0.000,53.196
2026-05-26T18:12:35.993Z,56.9641808,23.5968487,4.749,11.938,0.000,53.196
2026-05-26T18:12:37.993Z,56.9641801,23.5968511,4.749,11.674,0.068,53.196
2026-05-26T18:12:38.993Z,56.9641806,23.5968492,4.749,11.868,0.008,53.196
2026-05-26T18:12:39.993Z,56.9641805,23.5968540,4.749,12.040,0.172,53.196
2026-05-26T18:12:40.993Z,56.9641801,23.5968530,4.749,12.044,0.000,53.196
2026-05-26T18:12:41.993Z,56.9641826,23.5968573,4.749,12.201,0.218,53.196
2026-05-26T18:12:42.993Z,56.9641920,23.5968674,4.749,12.911,0.800,37.338
2026-05-26T18:12:43.993Z,56.9641961,23.5968756,4.749,12.628,0.689,40.537
2026-05-26T18:12:44.993Z,56.9642057,23.5968847,4.749,13.012,0.837,35.692
2026-05-26T18:12:45.993Z,56.9642091,23.5968887,4.749,12.739,0.611,34.093
2026-05-26T18:12:46.993Z,56.9642172,23.5968986,4.749,12.590,0.752,33.946
2026-05-26T18:12:47.993Z,56.9642205,23.5969072,4.749,12.603,0.655,37.540
2026-05-26T18:12:48.993Z,56.9642276,23.5969185,4.749,12.158,0.878,35.919
2026-05-26T18:12:49.993Z,56.9642350,23.5969302,4.749,12.714,0.985,34.954
2026-05-26T18:12:50.993Z,56.9642459,23.5969443,4.749,13.720,1.211,33.863
2026-05-26T18:12:51.993Z,56.9642470,23.5969585,4.749,14.049,0.974,48.284
2026-05-26T18:12:52.993Z,56.9642582,23.5969464,4.749,13.644,0.707,5.262
2026-05-26T18:12:53.993Z,56.9642601,23.5969535,4.749,12.655,0.463,28.324
2026-05-26T18:12:54.993Z,56.9642668,23.5969532,4.749,12.726,0.557,13.519
2026-05-26T18:12:55.993Z,56.9642744,23.5969618,4.749,12.197,0.751,22.212
2026-05-26T18:12:56.993Z,56.9642763,23.5969642,4.749,12.408,0.442,32.126
2026-05-26T18:12:57.993Z,56.9642783,23.5969718,4.749,11.968,0.434,36.615
2026-05-26T18:12:58.993Z,56.9642844,23.5969768,4.749,11.939,0.582,30.352
2026-05-26T18:12:59.993Z,56.9642983,23.5969871,4.749,12.436,1.191,28.105
2026-05-26T18:13:00.993Z,56.9643056,23.5969856,4.749,13.287,0.983,19.418
2026-05-26T18:13:01.993Z,56.9643123,23.5969897,4.749,12.899,0.893,19.508
2026-05-26T18:13:02.993Z,56.9643154,23.5969920,4.749,11.144,0.643,18.679
2026-05-26T18:13:03.993Z,56.9643214,23.5969983,4.749,12.497,0.595,22.265
2026-05-26T18:13:04.993Z,56.9643267,23.5969996,4.749,12.569,0.492,18.232
2026-05-26T18:13:05.993Z,56.9643369,23.5970037,4.749,12.782,0.727,15.299
2026-05-26T18:13:06.993Z,56.9643444,23.5970100,4.749,12.620,0.997,19.528
2026-05-26T18:13:07.994Z,56.9643468,23.5970128,4.749,13.375,0.714,23.399
2026-05-26T18:13:08.994Z,56.9643536,23.5970176,4.749,13.487,0.794,24.039
2026-05-26T18:13:09.994Z,56.9643533,23.5970236,4.749,14.095,0.513,41.859
2026-05-26T18:13:10.995Z,56.9643554,23.5970269,4.749,13.233,0.347,42.739
2026-05-26T18:13:11.995Z,56.9643577,23.5970334,4.749,11.896,0.468,54.071
2026-05-26T18:13:12.995Z,56.9643651,23.5970374,4.749,10.472,0.919,-1.000
2026-05-26T18:13:13.996Z,56.9643671,23.5970428,4.749,10.226,0.745,-1.000
2026-05-26T18:13:14.996Z,56.9643755,23.5970512,4.749,10.668,0.494,40.093
2026-05-26T18:13:15.996Z,56.9643804,23.5970589,4.749,10.218,0.510,43.587
2026-05-26T18:13:16.996Z,56.9643884,23.5970757,4.749,10.993,0.797,51.511
2026-05-26T18:13:17.997Z,56.9643972,23.5970817,4.749,10.693,0.813,39.218
2026-05-26T18:13:18.997Z,56.9643993,23.5970911,4.749,10.181,0.628,49.374
2026-05-26T18:13:19.997Z,56.9644106,23.5971005,4.749,10.711,0.838,37.365
2026-05-26T18:13:20.997Z,56.9644162,23.5971156,4.749,10.879,0.915,42.590
2026-05-26T18:13:21.998Z,56.9644191,23.5971319,4.749,10.457,0.907,55.122
2026-05-26T18:13:22.998Z,56.9644248,23.5971371,4.749,11.079,0.705,44.109
2026-05-26T18:13:23.998Z,56.9644321,23.5971465,4.749,11.643,0.733,38.948
2026-05-26T18:13:24.998Z,56.9644405,23.5971581,4.749,11.635,0.891,40.420
2026-05-26T18:13:25.998Z,56.9644453,23.5971672,4.749,11.534,0.811,43.257
2026-05-26T18:13:26.998Z,56.9644537,23.5971759,4.749,11.875,0.849,40.178
2026-05-26T18:13:27.998Z,56.9644561,23.5971879,4.749,11.390,0.747,53.860
2026-05-26T18:13:28.998Z,56.9644661,23.5971912,4.749,11.492,0.698,43.526
2026-05-26T18:13:29.999Z,56.9644709,23.5972055,4.749,11.026,0.880,46.141
2026-05-26T18:13:30.999Z,56.9644766,23.5972128,4.749,10.946,0.791,41.336
2026-05-26T18:13:31.999Z,56.9644801,23.5972187,4.749,10.142,0.593,42.030
2026-05-26T18:13:32.999Z,56.9644875,23.5972337,4.749,10.393,0.828,44.921
2026-05-26T18:13:33.999Z,56.9644944,23.5972469,4.749,11.199,0.896,47.606
2026-05-26T18:13:34.999Z,56.9644930,23.5972553,4.749,10.659,0.544,57.708
2026-05-26T18:13:35.999Z,56.9644941,23.5972645,4.749,10.143,0.486,63.181
2026-05-26T18:13:36.999Z,56.9645025,23.5972831,4.749,11.601,0.851,55.947
2026-05-26T18:13:37.999Z,56.9645080,23.5972920,4.749,10.538,0.765,51.344
2026-05-26T18:13:38.999Z,56.9645118,23.5973052,4.749,10.675,0.749,55.680
2026-05-26T18:13:39.999Z,56.9645183,23.5973206,4.749,10.874,0.868,51.058
2026-05-26T18:13:40.999Z,56.9645206,23.5973298,4.749,10.532,0.686,57.075
2026-05-26T18:13:41.999Z,56.9645220,23.5973365,4.749,10.432,0.495,58.538
2026-05-26T18:13:43.000Z,56.9645293,23.5973509,4.749,10.513,0.766,52.510
2026-05-26T18:13:44.000Z,56.9645319,23.5973576,4.749,10.591,0.676,53.664
2026-05-26T18:13:45.000Z,56.9645326,23.5973712,4.749,10.531,0.720,62.456
2026-05-26T18:13:46.000Z,56.9645426,23.5973876,4.749,11.631,1.025,53.188
2026-05-26T18:13:47.000Z,56.9645472,23.5974028,4.749,11.438,1.007,56.226
2026-05-26T18:13:48.000Z,56.9645490,23.5974215,4.749,11.379,0.998,69.662
2026-05-26T18:13:49.000Z,56.9645521,23.5974360,4.749,12.008,0.867,70.249
2026-05-26T18:13:50.000Z,56.9645546,23.5974489,4.749,11.453,0.776,73.327
2026-05-26T18:13:51.000Z,56.9645686,23.5974691,4.749,11.626,1.144,55.756
2026-05-26T18:13:52.000Z,56.9645714,23.5974850,4.749,12.398,0.988,66.791
2026-05-26T18:13:53.000Z,56.9645706,23.5974970,4.749,12.608,0.797,82.805
2026-05-26T18:13:54.000Z,56.9645718,23.5975145,4.749,12.925,0.811,88.578
2026-05-26T18:13:55.000Z,56.9645683,23.5975282,4.749,12.634,0.754,99.172
2026-05-26T18:13:56.000Z,56.9645684,23.5975396,4.749,11.844,0.661,95.891
2026-05-26T18:13:57.000Z,56.9645696,23.5975481,4.749,12.032,0.524,86.047
2026-05-26T18:13:58.000Z,56.9645641,23.5975602,4.749,12.032,0.529,103.427
2026-05-26T18:13:59.000Z,56.9645671,23.5975691,4.749,12.149,0.471,94.787
2026-05-26T18:14:00.000Z,56.9645665,23.5975914,4.749,12.237,0.943,92.640
2026-05-26T18:14:01.000Z,56.9645657,23.5976046,4.749,12.564,0.883,93.297
2026-05-26T18:14:02.000Z,56.9645637,23.5976084,4.749,11.619,0.553,101.584
2026-05-26T18:14:03.000Z,56.9645635,23.5976260,4.749,10.730,0.658,99.788
2026-05-26T18:14:04.000Z,56.9645623,23.5976456,4.749,11.217,0.804,100.686
2026-05-26T18:14:05.000Z,56.9645636,23.5976644,4.749,12.393,0.915,93.463
2026-05-26T18:14:06.000Z,56.9645633,23.5976824,4.749,13.225,0.975,94.397
2026-05-26T18:14:07.000Z,56.9645687,23.5977014,4.749,13.834,0.962,86.710
2026-05-26T18:14:08.000Z,56.9645670,23.5977175,4.749,12.746,0.864,89.939
2026-05-26T18:14:09.000Z,56.9645712,23.5977274,4.749,12.948,0.740,85.046
2026-05-26T18:14:10.000Z,56.9645696,23.5977362,4.749,13.613,0.656,94.191
2026-05-26T18:14:11.000Z,56.9645715,23.5977545,4.749,13.172,0.861,86.888
2026-05-26T18:14:12.000Z,56.9645725,23.5977732,4.749,12.820,1.072,82.132
2026-05-26T18:14:13.000Z,56.9645722,23.5977792,4.749,12.805,0.739,81.224
2026-05-26T18:14:14.000Z,56.9645736,23.5977935,4.749,13.010,0.798,77.421
2026-05-26T18:14:15.000Z,56.9645797,23.5978051,4.749,13.292,0.809,64.604
2026-05-26T18:14:16.000Z,56.9645829,23.5978126,4.749,14.128,0.683,59.747
2026-05-26T18:14:17.000Z,56.9645893,23.5978136,4.749,14.125,0.510,38.745
2026-05-26T18:14:18.000Z,56.9645897,23.5978149,4.749,14.167,0.404,37.204
2026-05-26T18:14:19.000Z,56.9645960,23.5978159,4.749,14.037,0.617,22.265
2026-05-26T18:14:20.000Z,56.9646021,23.5978172,4.749,13.797,0.821,16.542
2026-05-26T18:14:21.000Z,56.9646092,23.5978170,4.749,14.092,0.934,9.003
2026-05-26T18:14:22.001Z,56.9646136,23.5978143,4.749,13.455,0.799,359.467
2026-05-26T18:14:23.001Z,56.9646174,23.5978099,4.749,12.974,0.632,353.654
2026-05-26T18:14:24.001Z,56.9646230,23.5978059,4.749,12.862,0.694,352.523
2026-05-26T18:14:25.001Z,56.9646281,23.5978067,4.749,12.612,0.716,358.503
2026-05-26T18:14:26.001Z,56.9646281,23.5978037,4.749,12.434,0.526,353.700
2026-05-26T18:14:27.001Z,56.9646297,23.5978062,4.749,11.251,0.364,4.075
2026-05-26T18:14:28.001Z,56.9646368,23.5978079,4.749,10.569,0.665,7.248
2026-05-26T18:14:29.001Z,56.9646432,23.5978059,4.749,11.124,0.883,2.085
2026-05-26T18:14:30.001Z,56.9646536,23.5978085,4.749,11.153,1.061,6.145
2026-05-26T18:14:31.001Z,56.9646586,23.5978047,4.749,11.471,0.922,1.297
2026-05-26T18:14:32.001Z,56.9646615,23.5978003,4.749,10.670,0.765,357.872
2026-05-26T18:14:33.001Z,56.9646688,23.5977964,4.749,10.048,0.788,3.976
2026-05-26T18:14:34.001Z,56.9646739,23.5977934,4.749,9.616,0.674,0.492
2026-05-26T18:14:35.001Z,56.9646851,23.5977899,4.749,9.492,0.917,1.614
2026-05-26T18:14:36.001Z,56.9646915,23.5977907,4.749,8.725,0.887,2.067
2026-05-26T18:14:37.001Z,56.9646958,23.5977915,4.749,8.422,0.883,1.121
2026-05-26T18:14:38.001Z,56.9647020,23.5977858,4.749,8.259,0.797,355.830
2026-05-26T18:14:39.001Z,56.9647072,23.5977751,4.749,8.263,0.719,346.854
2026-05-26T18:14:40.001Z,56.9647180,23.5977751,4.749,8.859,0.784,3.195
2026-05-26T18:14:41.001Z,56.9647276,23.5977701,4.749,9.294,0.730,2.458
2026-05-26T18:14:42.001Z,56.9647390,23.5977638,4.749,9.526,0.887,359.967
2026-05-26T18:14:43.001Z,56.9647508,23.5977583,4.749,9.663,0.977,359.032
2026-05-26T18:14:44.001Z,56.9647561,23.5977546,4.749,9.922,0.699,357.037
2026-05-26T18:14:45.001Z,56.9647645,23.5977532,4.749,10.004,0.653,357.823
2026-05-26T18:14:46.001Z,56.9647749,23.5977468,4.749,10.116,0.916,353.014
2026-05-26T18:14:47.001Z,56.9647848,23.5977473,4.749,9.196,0.995,0.088
2026-05-26T18:14:48.001Z,56.9647928,23.5977468,4.749,8.619,0.935,3.633
2026-05-26T18:14:49.001Z,56.9647996,23.5977505,4.749,8.736,0.825,7.409
2026-05-26T18:14:50.001Z,56.9648075,23.5977540,4.749,8.825,0.847,6.365
2026-05-26T18:14:51.001Z,56.9648085,23.5977631,4.749,8.741,0.649,20.150
2026-05-26T18:14:52.001Z,56.9648256,23.5977651,4.749,8.633,1.011,11.112
2026-05-26T18:14:53.001Z,56.9648378,23.5977658,4.749,8.330,1.072,8.885
2026-05-26T18:14:54.001Z,56.9648486,23.5977675,4.749,8.196,0.972,8.249
2026-05-26T18:14:55.001Z,56.9648570,23.5977683,4.749,8.708,0.788,8.284
2026-05-26T18:14:56.001Z,56.9648645,23.5977715,4.749,8.971,0.792,11.773
2026-05-26T18:14:57.001Z,56.9648735,23.5977728,4.749,9.342,0.972,5.230
2026-05-26T18:14:58.001Z,56.9648869,23.5977727,4.749,9.356,1.272,3.426
2026-05-26T18:14:59.001Z,56.9648862,23.5977671,4.749,8.484,0.845,358.099
2026-05-26T18:15:00.001Z,56.9648974,23.5977672,4.749,8.879,1.045,0.442
2026-05-26T18:15:01.001Z,56.9649078,23.5977708,4.749,8.724,1.058,5.100
2026-05-26T18:15:02.001Z,56.9649176,23.5977738,4.749,8.623,1.026,7.192
2026-05-26T18:15:03.001Z,56.9649269,23.5977773,4.749,8.389,0.996,8.610
2026-05-26T18:15:04.001Z,56.9649324,23.5977768,4.749,8.271,0.743,2.836
2026-05-26T18:15:05.001Z,56.9649494,23.5977703,4.749,8.404,1.239,354.316
2026-05-26T18:15:06.001Z,56.9649590,23.5977674,4.749,8.575,0.961,354.901
2026-05-26T18:15:07.001Z,56.9649717,23.5977679,4.749,8.560,1.018,357.849
2026-05-26T18:15:08.001Z,56.9649826,23.5977709,4.749,8.799,0.999,3.595
2026-05-26T18:15:09.001Z,56.9649990,23.5977666,4.749,9.281,1.341,356.772
2026-05-26T18:15:10.001Z,56.9650080,23.5977649,4.749,9.166,1.073,355.860
2026-05-26T18:15:11.001Z,56.9650184,23.5977650,4.749,9.328,1.110,356.688
2026-05-26T18:15:12.001Z,56.9650242,23.5977657,4.749,8.711,0.871,359.923
2026-05-26T18:15:13.000Z,56.9650302,23.5977633,4.749,8.763,0.899,358.115
2026-05-26T18:15:14.000Z,56.9650370,23.5977633,4.749,8.912,0.948,1.870
2026-05-26T18:15:15.000Z,56.9650470,23.5977682,4.749,8.663,1.074,6.620
2026-05-26T18:15:16.000Z,56.9650604,23.5977700,4.749,8.463,1.396,5.841
2026-05-26T18:15:17.000Z,56.9650663,23.5977717,4.749,8.810,1.064,8.923
2026-05-26T18:15:18.000Z,56.9650713,23.5977727,4.749,8.875,0.817,9.858
2026-05-26T18:15:19.000Z,56.9650771,23.5977743,4.749,9.487,0.681,9.380
2026-05-26T18:15:20.000Z,56.9650815,23.5977766,4.749,10.426,0.674,10.829
2026-05-26T18:15:21.000Z,56.9650865,23.5977739,4.749,10.768,0.655,6.709
2026-05-26T18:15:22.000Z,56.9650888,23.5977756,4.749,10.691,0.475,9.048
2026-05-26T18:15:23.000Z,56.9650892,23.5977721,4.749,10.854,0.182,8.310
2026-05-26T18:15:24.000Z,56.9650889,23.5977717,4.749,10.907,0.251,8.310
2026-05-26T18:15:25.000Z,56.9650929,23.5977720,4.749,10.876,0.389,8.310
2026-05-26T18:15:26.000Z,56.9650958,23.5977701,4.749,10.923,0.323,8.310
2026-05-26T18:15:27.000Z,56.9650980,23.5977664,4.749,11.126,0.303,8.310
2026-05-26T18:15:28.000Z,56.9650981,23.5977648,4.749,11.365,0.202,8.310
2026-05-26T18:15:29.000Z,56.9651086,23.5977565,4.749,11.301,0.696,346.836
2026-05-26T18:15:30.000Z,56.9651149,23.5977542,4.749,11.164,0.680,349.140
2026-05-26T18:15:31.000Z,56.9651233,23.5977490,4.749,10.945,0.696,348.761
2026-05-26T18:15:32.000Z,56.9651263,23.5977434,4.749,10.986,0.431,339.235
2026-05-26T18:15:33.000Z,56.9651336,23.5977359,4.749,11.183,0.590,338.241
2026-05-26T18:15:34.000Z,56.9651384,23.5977275,4.749,11.847,0.591,333.974
2026-05-26T18:15:35.000Z,56.9651471,23.5977239,4.749,11.669,0.731,342.003
2026-05-26T18:15:36.000Z,56.9651519,23.5977209,4.749,11.893,0.640,345.679
2026-05-26T18:15:37.000Z,56.9651560,23.5977233,4.749,11.419,0.534,357.964
2026-05-26T18:15:38.000Z,56.9651628,23.5977260,4.749,10.672,0.691,6.251
2026-05-26T18:15:39.000Z,56.9651696,23.5977255,4.749,10.302,0.701,4.372
2026-05-26T18:15:40.000Z,56.9651794,23.5977148,4.749,10.392,0.864,348.959
2026-05-26T18:15:41.000Z,56.9651871,23.5977104,4.749,9.409,0.827,351.953
2026-05-26T18:15:42.000Z,56.9651885,23.5977086,4.749,11.063,0.555,358.148
2026-05-26T18:15:43.000Z,56.9651958,23.5977066,4.749,11.506,0.607,359.436
2026-05-26T18:15:44.000Z,56.9652026,23.5977051,4.749,10.522,0.672,0.515
2026-05-26T18:15:45.000Z,56.9652070,23.5977039,4.749,10.038,0.610,1.811
2026-05-26T18:15:46.000Z,56.9652063,23.5976977,4.749,10.739,0.305,351.439
2026-05-26T18:15:47.000Z,56.9652067,23.5976923,4.749,11.232,0.235,351.439
2026-05-26T18:15:48.000Z,56.9652108,23.5976920,4.749,11.253,0.454,351.439
2026-05-26T18:15:49.000Z,56.9652128,23.5976862,4.749,11.864,0.428,349.135
2026-05-26T18:15:50.000Z,56.9652243,23.5976740,4.749,12.646,0.918,336.412
2026-05-26T18:15:51.000Z,56.9652351,23.5976680,4.749,11.039,1.027,339.302
2026-05-26T18:15:52.000Z,56.9652441,23.5976600,4.749,11.842,1.024,339.249
2026-05-26T18:15:53.000Z,56.9652440,23.5976625,4.749,11.139,0.497,347.435
2026-05-26T18:15:54.000Z,56.9652529,23.5976486,4.749,9.822,0.828,338.713
2026-05-26T18:15:55.000Z,56.9652589,23.5976444,4.749,9.661,0.752,339.843
2026-05-26T18:15:56.000Z,56.9652703,23.5976379,4.749,8.628,1.009,343.447
2026-05-26T18:15:57.000Z,56.9652752,23.5976274,4.749,9.145,0.908,333.920
2026-05-26T18:15:58.000Z,56.9652753,23.5976196,4.749,10.002,0.559,322.888
2026-05-26T18:15:59.000Z,56.9652768,23.5976072,4.749,9.900,0.595,308.490
2026-05-26T18:16:00.000Z,56.9652856,23.5976002,4.749,9.567,0.720,323.060
2026-05-26T18:16:01.000Z,56.9652926,23.5975807,4.749,10.392,1.053,314.048
2026-05-26T18:16:02.000Z,56.9652985,23.5975670,4.749,10.295,1.049,313.157
2026-05-26T18:16:03.000Z,56.9653057,23.5975576,4.749,10.011,0.994,318.351
2026-05-26T18:16:04.000Z,56.9653065,23.5975485,4.749,11.047,0.607,310.701
2026-05-26T18:16:05.000Z,56.9653089,23.5975470,4.749,10.012,0.396,318.598
2026-05-26T18:16:06.000Z,56.9653139,23.5975414,4.749,10.335,0.532,323.570
2026-05-26T18:16:07.000Z,56.9653234,23.5975395,4.749,10.446,0.776,335.448
2026-05-26T18:16:08.000Z,56.9653307,23.5975416,4.749,10.152,0.766,344.796
2026-05-26T18:16:09.000Z,56.9653366,23.5975385,4.749,9.724,0.776,342.782
2026-05-26T18:16:10.000Z,56.9653465,23.5975310,4.749,10.720,1.012,343.606
2026-05-26T18:16:11.000Z,56.9653573,23.5975276,4.749,10.084,1.159,347.793
2026-05-26T18:16:12.000Z,56.9653682,23.5975265,4.749,9.727,1.227,354.358
2026-05-26T18:16:13.000Z,56.9653704,23.5975221,4.749,9.732,0.834,356.322
2026-05-26T18:16:14.000Z,56.9653779,23.5975220,4.749,8.602,0.843,2.455
2026-05-26T18:16:15.000Z,56.9653851,23.5975168,4.749,8.812,0.926,2.306
2026-05-26T18:16:16.000Z,56.9653940,23.5975147,4.749,8.507,0.986,2.075
2026-05-26T18:16:17.000Z,56.9653914,23.5975171,4.749,9.656,0.518,18.701
2026-05-26T18:16:18.000Z,56.9653982,23.5975148,4.749,10.204,0.640,13.055
2026-05-26T18:16:19.000Z,56.9654018,23.5975036,4.749,11.469,0.698,1.918
2026-05-26T18:16:20.000Z,56.9654134,23.5974964,4.749,12.870,0.946,357.725
2026-05-26T18:16:21.000Z,56.9654215,23.5974968,4.749,13.640,0.987,2.083
2026-05-26T18:16:22.000Z,56.9654308,23.5974964,4.749,13.585,0.894,0.060
2026-05-26T18:16:23.000Z,56.9654389,23.5974980,4.749,13.347,0.869,358.359
2026-05-26T18:16:24.000Z,56.9654408,23.5975062,4.749,11.955,0.446,8.398
2026-05-26T18:16:25.000Z,56.9654521,23.5975001,4.749,12.848,0.784,351.918
2026-05-26T18:16:26.000Z,56.9654597,23.5975045,4.749,12.616,0.797,3.365
2026-05-26T18:16:27.000Z,56.9654654,23.5975043,4.749,12.337,0.663,359.735
2026-05-26T18:16:28.000Z,56.9654695,23.5975037,4.749,11.534,0.536,0.446
2026-05-26T18:16:29.000Z,56.9654780,23.5974923,4.749,12.941,0.742,343.627
2026-05-26T18:16:30.000Z,56.9654717,23.5974827,4.749,12.596,0.297,287.661
2026-05-26T18:16:31.000Z,56.9654774,23.5974690,4.749,13.287,0.624,293.945
2026-05-26T18:16:32.000Z,56.9654880,23.5974684,4.749,13.023,0.600,326.665
2026-05-26T18:16:33.000Z,56.9654973,23.5974652,4.749,13.127,0.817,337.677
2026-05-26T18:16:34.000Z,56.9655059,23.5974605,4.749,13.883,0.792,340.369
2026-05-26T18:16:35.000Z,56.9655149,23.5974563,4.749,13.998,0.977,341.102
2026-05-26T18:16:36.000Z,56.9655186,23.5974570,4.749,13.468,0.669,349.509
2026-05-26T18:16:37.000Z,56.9655218,23.5974527,4.749,13.131,0.477,342.104
2026-05-26T18:16:38.000Z,56.9655311,23.5974488,4.749,13.753,0.602,347.772
2026-05-26T18:16:39.000Z,56.9655415,23.5974443,4.749,13.242,0.823,348.511
2026-05-26T18:16:40.000Z,56.9655477,23.5974415,4.749,12.904,0.740,345.081
2026-05-26T18:16:41.000Z,56.9655541,23.5974383,4.749,13.296,0.712,346.858
2026-05-26T18:16:42.000Z,56.9655615,23.5974365,4.749,11.918,0.718,349.158
2026-05-26T18:16:43.000Z,56.9655706,23.5974304,4.749,13.195,0.873,345.283
2026-05-26T18:16:44.000Z,56.9655801,23.5974241,4.749,13.196,0.930,336.434
2026-05-26T18:16:45.000Z,56.9655858,23.5974221,4.749,13.415,0.739,339.078
2026-05-26T18:16:46.000Z,56.9655914,23.5974143,4.749,13.020,0.685,333.328
2026-05-26T18:16:47.000Z,56.9655999,23.5974071,4.749,13.538,0.582,334.529
2026-05-26T18:16:48.000Z,56.9656059,23.5974018,4.749,12.864,0.668,335.070
2026-05-26T18:16:49.001Z,56.9656165,23.5973911,4.749,12.784,0.945,330.377
2026-05-26T18:16:50.001Z,56.9656210,23.5973854,4.749,12.576,0.781,329.637
2026-05-26T18:16:51.001Z,56.9656249,23.5973766,4.749,13.199,0.673,321.719
2026-05-26T18:16:52.001Z,56.9656306,23.5973695,4.749,13.131,0.678,321.640
2026-05-26T18:16:53.001Z,56.9656375,23.5973632,4.749,13.206,0.746,325.232
2026-05-26T18:16:54.001Z,56.9656465,23.5973542,4.749,12.923,0.695,334.611
2026-05-26T18:16:55.001Z,56.9656533,23.5973508,4.749,12.418,0.703,337.860
2026-05-26T18:16:56.001Z,56.9656603,23.5973477,4.749,11.591,0.704,346.033
2026-05-26T18:16:57.001Z,56.9656659,23.5973378,4.749,12.475,0.721,335.437
2026-05-26T18:16:58.001Z,56.9656710,23.5973301,4.749,12.340,0.730,327.395
2026-05-26T18:16:59.001Z,56.9656804,23.5973263,4.749,12.466,0.776,336.882
2026-05-26T18:17:00.001Z,56.9656843,23.5973200,4.749,11.759,0.755,333.527
2026-05-26T18:17:01.001Z,56.9656873,23.5973162,4.749,12.523,0.526,336.745
2026-05-26T18:17:02.001Z,56.9656904,23.5973107,4.749,12.618,0.566,327.172
2026-05-26T18:17:03.001Z,56.9656949,23.5972990,4.749,11.899,0.702,319.322
2026-05-26T18:17:04.001Z,56.9657020,23.5972836,4.749,11.787,0.941,315.695
2026-05-26T18:17:05.001Z,56.9657035,23.5972720,4.749,12.045,0.767,306.965
2026-05-26T18:17:06.001Z,56.9657076,23.5972624,4.749,12.368,0.691,310.822
2026-05-26T18:17:07.001Z,56.9657123,23.5972532,4.749,12.173,0.716,315.599
2026-05-26T18:17:08.001Z,56.9657089,23.5972441,4.749,11.542,0.481,292.688
2026-05-26T18:17:09.001Z,56.9657140,23.5972372,4.749,11.902,0.553,305.305
2026-05-26T18:17:10.001Z,56.9657208,23.5972286,4.749,12.153,0.659,308.365
2026-05-26T18:17:11.001Z,56.9657291,23.5972220,4.749,12.422,0.720,318.744
2026-05-26T18:17:12.001Z,56.9657374,23.5972162,4.749,12.309,0.826,323.172
2026-05-26T18:17:13.001Z,56.9657427,23.5972112,4.749,11.987,0.860,324.901
2026-05-26T18:17:14.001Z,56.9657476,23.5972052,4.749,11.682,0.708,326.504
2026-05-26T18:17:15.001Z,56.9657535,23.5971943,4.749,12.201,0.791,323.247
2026-05-26T18:17:16.000Z,56.9657573,23.5971858,4.749,12.029,0.708,319.166
2026-05-26T18:17:17.000Z,56.9657631,23.5971741,4.749,11.701,0.819,318.334
2026-05-26T18:17:18.000Z,56.9657648,23.5971626,4.749,11.965,0.724,311.265
2026-05-26T18:17:19.000Z,56.9657696,23.5971494,4.749,12.008,0.852,311.823
2026-05-26T18:17:20.000Z,56.9657696,23.5971394,4.749,11.630,0.666,304.646
2026-05-26T18:17:21.000Z,56.9657761,23.5971253,4.749,11.889,0.908,312.487
2026-05-26T18:17:22.000Z,56.9657829,23.5971108,4.749,12.238,1.101,314.946
2026-05-26T18:17:23.000Z,56.9657855,23.5970986,4.749,12.575,0.982,309.937
2026-05-26T18:17:24.000Z,56.9657873,23.5970935,4.749,12.312,0.629,309.262
2026-05-26T18:17:25.000Z,56.9657884,23.5970849,4.749,12.433,0.565,303.808
2026-05-26T18:17:26.000Z,56.9657891,23.5970728,4.749,12.386,0.631,297.558
2026-05-26T18:17:27.000Z,56.9657931,23.5970659,4.749,12.260,0.625,300.520
2026-05-26T18:17:28.000Z,56.9658011,23.5970505,4.749,12.465,0.912,305.806
2026-05-26T18:17:29.000Z,56.9658040,23.5970487,4.749,10.754,0.614,309.170
2026-05-26T18:17:30.000Z,56.9658141,23.5970338,4.749,12.415,0.961,314.338
2026-05-26T18:17:31.000Z,56.9658187,23.5970283,4.749,12.326,0.684,317.867
2026-05-26T18:17:32.000Z,56.9658237,23.5970217,4.749,12.217,0.666,324.581
2026-05-26T18:17:33.000Z,56.9658280,23.5970122,4.749,11.936,0.747,318.771
2026-05-26T18:17:34.000Z,56.9658365,23.5970080,4.749,11.605,0.666,326.453
2026-05-26T18:17:35.000Z,56.9658442,23.5969962,4.749,12.200,0.861,322.465
2026-05-26T18:17:36.000Z,56.9658478,23.5969879,4.749,11.038,0.725,316.497
2026-05-26T18:17:37.000Z,56.9658513,23.5969759,4.749,11.244,0.718,315.811
2026-05-26T18:17:38.000Z,56.9658570,23.5969634,4.749,11.076,0.843,317.800
2026-05-26T18:17:39.000Z,56.9658598,23.5969554,4.749,11.067,0.611,318.387
2026-05-26T18:17:40.000Z,56.9658661,23.5969459,4.749,10.201,0.730,322.780
2026-05-26T18:17:41.000Z,56.9658720,23.5969328,4.749,11.521,0.850,321.898
2026-05-26T18:17:42.000Z,56.9658746,23.5969254,4.749,11.634,0.675,320.550
2026-05-26T18:17:43.000Z,56.9658820,23.5969162,4.749,11.223,0.855,324.785
2026-05-26T18:17:44.000Z,56.9658871,23.5969088,4.749,11.311,0.741,324.605
2026-05-26T18:17:45.000Z,56.9658890,23.5969064,4.749,11.711,0.459,329.738
2026-05-26T18:17:46.000Z,56.9658911,23.5968949,4.749,12.135,0.428,309.881
2026-05-26T18:17:47.000Z,56.9658951,23.5968844,4.749,11.230,0.582,310.949
2026-05-26T18:17:48.000Z,56.9658989,23.5968705,4.749,11.466,0.683,309.122
2026-05-26T18:17:49.000Z,56.9659018,23.5968594,4.749,11.716,0.707,308.576
2026-05-26T18:17:50.000Z,56.9659096,23.5968466,4.749,12.824,0.948,312.091
2026-05-26T18:17:51.000Z,56.9659116,23.5968400,4.749,12.521,0.761,311.975
2026-05-26T18:17:52.000Z,56.9659135,23.5968332,4.749,12.901,0.600,316.172
2026-05-26T18:17:53.000Z,56.9659173,23.5968212,4.749,12.570,0.707,313.649
2026-05-26T18:17:54.000Z,56.9659195,23.5968097,4.749,12.667,0.670,311.887
2026-05-26T18:17:55.000Z,56.9659221,23.5968034,4.749,12.345,0.582,313.003
2026-05-26T18:17:56.000Z,56.9659242,23.5967936,4.749,12.284,0.592,306.629
2026-05-26T18:17:57.000Z,56.9659280,23.5967823,4.749,11.974,0.618,305.473
2026-05-26T18:17:58.000Z,56.9659273,23.5967658,4.749,12.235,0.672,294.032
2026-05-26T18:17:59.000Z,56.9659305,23.5967480,4.749,12.360,0.852,295.919
2026-05-26T18:18:00.000Z,56.9659370,23.5967351,4.749,12.219,0.942,303.860
2026-05-26T18:18:01.000Z,56.9659354,23.5967269,4.749,11.370,0.613,297.111
2026-05-26T18:18:02.000Z,56.9659364,23.5967152,4.749,10.595,0.566,294.842
2026-05-26T18:18:03.000Z,56.9659440,23.5966922,4.749,11.811,0.969,301.148
2026-05-26T18:18:04.000Z,56.9659424,23.5966852,4.749,11.282,0.670,297.618
2026-05-26T18:18:05.000Z,56.9659452,23.5966728,4.749,11.223,0.697,301.140
2026-05-26T18:18:06.000Z,56.9659464,23.5966608,4.749,10.561,0.596,297.353
2026-05-26T18:18:07.000Z,56.9659479,23.5966458,4.749,9.909,0.682,296.839
2026-05-26T18:18:08.000Z,56.9659473,23.5966248,4.749,9.679,0.929,287.046
2026-05-26T18:18:09.000Z,56.9659472,23.5966066,4.749,10.603,0.934,282.873
2026-05-26T18:18:10.000Z,56.9659525,23.5965974,4.749,10.297,0.868,298.050
2026-05-26T18:18:11.000Z,56.9659590,23.5965870,4.749,10.338,0.721,309.356
2026-05-26T18:18:12.000Z,56.9659704,23.5965662,4.749,10.028,1.184,313.250
2026-05-26T18:18:13.000Z,56.9659739,23.5965563,4.749,8.896,0.943,314.659
2026-05-26T18:18:14.000Z,56.9659779,23.5965427,4.749,9.724,0.883,313.537
2026-05-26T18:18:15.000Z,56.9659816,23.5965317,4.749,9.870,0.696,314.918
2026-05-26T18:18:16.000Z,56.9659855,23.5965190,4.749,10.159,0.751,310.586
2026-05-26T18:18:17.000Z,56.9659902,23.5965046,4.749,10.217,0.827,310.098
2026-05-26T18:18:18.000Z,56.9659960,23.5964881,4.749,11.097,0.981,306.175
2026-05-26T18:18:19.000Z,56.9659974,23.5964747,4.749,10.738,0.806,301.081
2026-05-26T18:18:20.000Z,56.9660012,23.5964592,4.749,10.490,0.931,298.350
2026-05-26T18:18:21.000Z,56.9659994,23.5964487,4.749,10.696,0.741,286.326
2026-05-26T18:18:22.000Z,56.9660050,23.5964341,4.749,10.881,0.859,295.500
2026-05-26T18:18:23.000Z,56.9660058,23.5964182,4.749,10.630,0.953,287.877
2026-05-26T18:18:24.000Z,56.9660035,23.5964070,4.749,10.210,0.760,276.315
2026-05-26T18:18:25.000Z,56.9660057,23.5963914,4.749,11.139,0.847,281.329
2026-05-26T18:18:26.000Z,56.9660093,23.5963749,4.749,10.652,0.926,290.047
2026-05-26T18:18:27.000Z,56.9660112,23.5963627,4.749,10.907,0.843,289.538
2026-05-26T18:18:28.000Z,56.9660101,23.5963467,4.749,10.333,0.884,280.119
2026-05-26T18:18:29.000Z,56.9660088,23.5963394,4.749,8.926,0.647,272.414
2026-05-26T18:18:30.000Z,56.9660116,23.5963250,4.749,8.722,0.721,278.110
2026-05-26T18:18:31.000Z,56.9660144,23.5963104,4.749,9.790,0.758,285.552
2026-05-26T18:18:32.000Z,56.9660166,23.5962968,4.749,9.969,0.781,288.103
2026-05-26T18:18:33.000Z,56.9660202,23.5962928,4.749,9.989,0.556,297.344
2026-05-26T18:18:34.000Z,56.9660207,23.5962876,4.749,9.029,0.423,289.111
2026-05-26T18:18:35.000Z,56.9660207,23.5962761,4.749,8.819,0.466,280.770
2026-05-26T18:18:36.000Z,56.9660237,23.5962529,4.749,9.707,0.913,279.258
2026-05-26T18:18:37.000Z,56.9660244,23.5962352,4.749,10.059,0.944,279.756
2026-05-26T18:18:38.000Z,56.9660258,23.5962163,4.749,9.890,0.997,280.504
2026-05-26T18:18:39.000Z,56.9660213,23.5961990,4.749,10.077,0.909,265.833
2026-05-26T18:18:40.000Z,56.9660196,23.5961829,4.749,9.841,0.879,263.417
2026-05-26T18:18:41.000Z,56.9660249,23.5961689,4.749,10.929,0.813,281.454
2026-05-26T18:18:42.000Z,56.9660245,23.5961537,4.749,10.955,0.784,284.115
2026-05-26T18:18:43.000Z,56.9660241,23.5961384,4.749,11.191,0.737,281.749
2026-05-26T18:18:44.000Z,56.9660252,23.5961240,4.749,10.886,0.738,281.731
2026-05-26T18:18:45.000Z,56.9660233,23.5961072,4.749,10.194,0.851,274.431
2026-05-26T18:18:46.000Z,56.9660246,23.5960875,4.749,11.373,1.021,277.880
2026-05-26T18:18:47.000Z,56.9660255,23.5960771,4.749,11.015,0.778,276.994
2026-05-26T18:18:48.000Z,56.9660248,23.5960612,4.749,11.053,0.825,272.680
2026-05-26T18:18:49.000Z,56.9660255,23.5960446,4.749,10.715,0.904,275.877
2026-05-26T18:18:50.000Z,56.9660237,23.5960315,4.749,10.337,0.824,271.680
2026-05-26T18:18:51.000Z,56.9660198,23.5960169,4.749,10.975,0.827,263.273
2026-05-26T18:18:52.000Z,56.9660151,23.5960017,4.749,10.566,0.915,256.798
2026-05-26T18:18:53.000Z,56.9660127,23.5959953,4.749,10.164,0.628,255.820
2026-05-26T18:18:54.000Z,56.9660116,23.5959839,4.749,10.584,0.587,262.711
2026-05-26T18:18:55.000Z,56.9660093,23.5959653,4.749,10.836,0.790,263.432
2026-05-26T18:18:56.000Z,56.9660077,23.5959617,4.749,9.884,0.414,262.631
2026-05-26T18:18:57.000Z,56.9660051,23.5959359,4.749,11.651,0.942,261.631
2026-05-26T18:18:58.000Z,56.9660018,23.5959178,4.749,11.115,1.016,259.868
2026-05-26T18:18:59.000Z,56.9660013,23.5959036,4.749,11.381,0.858,262.077
2026-05-26T18:19:00.000Z,56.9660007,23.5958924,4.749,11.586,0.644,259.251
2026-05-26T18:19:01.000Z,56.9660005,23.5958767,4.749,10.268,0.704,263.308
2026-05-26T18:19:02.000Z,56.9659982,23.5958648,4.749,11.539,0.629,257.354
2026-05-26T18:19:03.000Z,56.9659962,23.5958580,4.749,11.282,0.510,248.800
2026-05-26T18:19:04.000Z,56.9659936,23.5958422,4.749,10.785,0.731,248.917
2026-05-26T18:19:05.000Z,56.9659968,23.5958316,4.749,9.262,0.619,265.234
2026-05-26T18:19:06.000Z,56.9659919,23.5958161,4.749,10.445,0.706,250.985
2026-05-26T18:19:07.000Z,56.9659925,23.5958028,4.749,10.088,0.728,257.224
2026-05-26T18:19:08.000Z,56.9659948,23.5957936,4.749,9.970,0.612,272.556
2026-05-26T18:19:09.000Z,56.9659959,23.5957898,4.749,9.632,0.345,273.333
2026-05-26T18:19:10.000Z,56.9659968,23.5957804,4.749,9.621,0.353,273.236
2026-05-26T18:19:11.000Z,56.9659965,23.5957712,4.749,9.744,0.356,273.236
2026-05-26T18:19:12.000Z,56.9659971,23.5957721,4.749,10.334,0.015,273.236
2026-05-26T18:19:13.000Z,56.9659971,23.5957685,4.749,10.398,0.075,273.236
2026-05-26T18:19:14.000Z,56.9659953,23.5957639,4.749,10.416,0.177,273.236
2026-05-26T18:19:15.000Z,56.9659960,23.5957599,4.749,10.008,0.185,273.236
2026-05-26T18:19:16.000Z,56.9659934,23.5957580,4.749,10.105,0.094,273.236
2026-05-26T18:19:17.000Z,56.9659945,23.5957605,4.749,9.831,0.012,273.236
2026-05-26T18:19:18.000Z,56.9659928,23.5957591,4.749,9.786,0.072,273.236
2026-05-26T18:19:19.000Z,56.9659925,23.5957608,4.749,9.864,0.021,273.236
2026-05-26T18:19:20.000Z,56.9659926,23.5957608,4.749,9.876,0.000,273.236
2026-05-26T18:19:21.000Z,56.9659910,23.5957615,4.749,9.856,0.043,273.236
2026-05-26T18:19:22.000Z,56.9659909,23.5957617,4.749,9.874,0.000,273.236
2026-05-26T18:19:26.000Z,56.9659876,23.5957613,4.749,9.492,0.000,273.236
2026-05-26T18:19:27.000Z,56.9659859,23.5957584,4.749,9.360,0.026,273.236
2026-05-26T18:19:28.000Z,56.9659852,23.5957586,4.749,9.147,0.038,273.236
2026-05-26T18:19:29.000Z,56.9659852,23.5957589,4.749,9.154,0.000,273.236
2026-05-26T18:19:30.000Z,56.9659830,23.5957553,4.749,9.180,0.030,273.236
2026-05-26T18:19:31.000Z,56.9659838,23.5957522,4.749,9.080,0.092,273.236
2026-05-26T18:19:32.000Z,56.9659866,23.5957530,4.749,8.930,0.107,273.236
2026-05-26T18:19:33.000Z,56.9659860,23.5957508,4.749,8.886,0.143,273.236
2026-05-26T18:19:34.000Z,56.9659860,23.5957519,4.749,8.936,0.000,273.236
2026-05-26T18:19:35.000Z,56.9659860,23.5957519,4.749,8.936,0.000,273.236
2026-05-26T18:19:37.000Z,56.9659853,23.5957484,4.749,9.281,0.039,273.236
2026-05-26T18:19:38.000Z,56.9659848,23.5957451,4.749,9.417,0.080,273.236
2026-05-26T18:19:39.000Z,56.9659854,23.5957428,4.749,9.261,0.058,273.236
2026-05-26T18:19:40.000Z,56.9659860,23.5957434,4.749,9.269,0.000,273.236
2026-05-26T18:19:41.000Z,56.9659862,23.5957403,4.749,9.674,0.044,273.236
2026-05-26T18:19:42.000Z,56.9659889,23.5957374,4.749,9.994,0.080,273.236
2026-05-26T18:19:43.000Z,56.9659901,23.5957379,4.749,9.838,0.163,273.236
2026-05-26T18:19:44.000Z,56.9659903,23.5957324,4.749,9.141,0.371,273.236
2026-05-26T18:19:45.000Z,56.9659957,23.5957254,4.749,9.184,0.398,294.283
2026-05-26T18:19:46.000Z,56.9660003,23.5957253,4.749,8.675,0.397,323.599
2026-05-26T18:19:47.000Z,56.9660131,23.5957132,4.749,9.833,0.839,325.871
2026-05-26T18:19:48.000Z,56.9660068,23.5957220,4.749,9.873,0.000,337.805
2026-05-26T18:19:51.000Z,56.9660030,23.5957252,4.749,10.070,0.020,339.182
2026-05-26T18:19:52.000Z,56.9660020,23.5957264,4.749,10.175,0.002,339.182
2026-05-26T18:19:53.000Z,56.9660020,23.5957264,4.749,10.172,0.000,339.182
2026-05-26T18:19:54.000Z,56.9660067,23.5957266,4.749,10.317,0.409,339.182
2026-05-26T18:19:55.000Z,56.9660099,23.5957268,4.749,10.379,0.472,337.803
2026-05-26T18:19:56.000Z,56.9660191,23.5957176,4.749,11.218,0.846,333.472
2026-05-26T18:19:57.000Z,56.9660232,23.5957178,4.749,11.526,0.670,340.212
2026-05-26T18:19:58.000Z,56.9660239,23.5957222,4.749,10.714,0.379,356.496
2026-05-26T18:19:59.000Z,56.9660300,23.5957211,4.749,10.388,0.473,355.033
2026-05-26T18:20:00.000Z,56.9660381,23.5957148,4.749,10.592,0.705,340.570
2026-05-26T18:20:01.000Z,56.9660428,23.5957128,4.749,10.651,0.612,337.102
2026-05-26T18:20:02.000Z,56.9660388,23.5957194,4.749,10.356,0.024,335.896
2026-05-26T18:20:03.000Z,56.9660385,23.5957195,4.749,10.352,0.000,335.896
2026-05-26T18:20:05.000Z,56.9660425,23.5957221,4.749,10.445,0.084,335.896
2026-05-26T18:20:06.000Z,56.9660421,23.5957224,4.749,10.446,0.000,335.896
2026-05-26T18:20:10.000Z,56.9660495,23.5957318,4.749,9.083,0.075,335.896
2026-05-26T18:20:11.000Z,56.9660492,23.5957321,4.749,9.084,0.000,335.896
2026-05-26T18:20:19.000Z,56.9660505,23.5957308,4.749,8.194,0.034,335.896
2026-05-26T18:20:20.000Z,56.9660503,23.5957309,4.749,8.194,0.000,335.896
2026-05-26T18:20:23.000Z,56.9660503,23.5957309,4.749,8.194,0.000,335.896
2026-05-26T18:20:26.000Z,56.9660490,23.5957301,4.749,7.504,0.120,335.896
2026-05-26T18:20:27.000Z,56.9660558,23.5957223,4.749,7.227,0.596,332.554
2026-05-26T18:20:28.000Z,56.9660582,23.5957122,4.749,7.535,0.609,319.609
2026-05-26T18:20:29.000Z,56.9660620,23.5957098,4.749,7.617,0.534,329.376
2026-05-26T18:20:30.000Z,56.9660671,23.5957032,4.749,8.216,0.606,330.717
2026-05-26T18:20:31.000Z,56.9660710,23.5956980,4.749,9.024,0.599,334.422
2026-05-26T18:20:32.000Z,56.9660715,23.5956941,4.749,9.344,0.384,340.014
2026-05-26T18:20:33.000Z,56.9660845,23.5956868,4.749,9.771,0.826,346.493
2026-05-26T18:20:34.000Z,56.9660880,23.5956768,4.749,10.535,0.622,345.582
2026-05-26T18:20:35.000Z,56.9660925,23.5956675,4.749,10.825,0.607,340.801
2026-05-26T18:20:36.000Z,56.9660980,23.5956642,4.749,11.128,0.605,343.174
2026-05-26T18:20:37.000Z,56.9661048,23.5956631,4.749,11.448,0.629,347.295
2026-05-26T18:20:38.000Z,56.9661072,23.5956608,4.749,11.159,0.389,344.232
2026-05-26T18:20:39.000Z,56.9661206,23.5956616,4.749,11.271,0.599,346.537
2026-05-26T18:20:40.000Z,56.9661287,23.5956573,4.749,11.864,0.676,346.727
2026-05-26T18:20:41.000Z,56.9661347,23.5956549,4.749,11.550,0.613,348.253
2026-05-26T18:20:42.000Z,56.9661416,23.5956559,4.749,11.668,0.627,355.538
2026-05-26T18:20:43.000Z,56.9661474,23.5956555,4.749,11.747,0.612,356.925
2026-05-26T18:20:44.000Z,56.9661504,23.5956548,4.749,11.844,0.482,354.055
2026-05-26T18:20:45.000Z,56.9661571,23.5956541,4.749,11.611,0.651,354.055
2026-05-26T18:20:46.000Z,56.9661624,23.5956476,4.749,12.060,0.501,354.786
2026-05-26T18:20:47.000Z,56.9661718,23.5956452,4.749,11.639,0.643,350.506
2026-05-26T18:20:48.000Z,56.9661802,23.5956414,4.749,12.756,0.674,353.507
2026-05-26T18:20:49.000Z,56.9661862,23.5956375,4.749,13.144,0.623,352.375
2026-05-26T18:20:50.000Z,56.9661928,23.5956335,4.749,13.343,0.610,350.620
2026-05-26T18:20:51.000Z,56.9662007,23.5956321,4.749,13.521,0.655,350.313
2026-05-26T18:20:52.000Z,56.9661965,23.5956337,4.749,13.700,0.038,351.038
2026-05-26T18:20:53.000Z,56.9662079,23.5956341,4.749,13.905,0.581,354.050
2026-05-26T18:20:54.000Z,56.9662165,23.5956301,4.749,13.775,0.774,351.847
2026-05-26T18:20:55.000Z,56.9662270,23.5956209,4.749,13.469,1.129,341.474
2026-05-26T18:20:56.000Z,56.9662269,23.5956270,4.749,12.890,0.617,1.970
2026-05-26T18:20:57.000Z,56.9662356,23.5956262,4.749,12.897,0.700,358.351
2026-05-26T18:20:58.000Z,56.9662426,23.5956252,4.749,12.556,0.713,351.702
2026-05-26T18:20:59.000Z,56.9662484,23.5956282,4.749,12.882,0.643,357.648
2026-05-26T18:21:00.000Z,56.9662531,23.5956298,4.749,12.380,0.557,2.655
2026-05-26T18:21:01.000Z,56.9662629,23.5956259,4.749,12.107,0.714,353.409
2026-05-26T18:21:02.000Z,56.9662658,23.5956303,4.749,12.877,0.485,1.405
2026-05-26T18:21:03.000Z,56.9662650,23.5956323,4.749,13.126,0.368,1.405
2026-05-26T18:21:04.000Z,56.9662648,23.5956322,4.749,13.250,0.000,1.405
2026-05-26T18:21:05.000Z,56.9662740,23.5956333,4.749,13.478,0.686,358.713
2026-05-26T18:21:06.000Z,56.9662816,23.5956347,4.749,13.512,0.790,356.589
2026-05-26T18:21:07.000Z,56.9662860,23.5956320,4.749,13.558,0.624,355.020
2026-05-26T18:21:08.000Z,56.9662930,23.5956323,4.749,12.090,0.676,353.255
2026-05-26T18:21:09.000Z,56.9662991,23.5956307,4.749,11.513,0.634,351.960
2026-05-26T18:21:10.000Z,56.9663025,23.5956287,4.749,11.821,0.484,349.161
2026-05-26T18:21:11.000Z,56.9663029,23.5956289,4.749,11.539,0.368,348.755
2026-05-26T18:21:12.000Z,56.9663131,23.5956237,4.749,11.343,0.689,344.254
2026-05-26T18:21:13.000Z,56.9663186,23.5956265,4.749,10.070,0.660,357.701
2026-05-26T18:21:14.000Z,56.9663158,23.5956192,4.749,12.971,0.475,348.495
2026-05-26T18:21:15.000Z,56.9663132,23.5956129,4.749,13.066,0.291,337.575
2026-05-26T18:21:16.000Z,56.9663187,23.5956149,4.749,12.967,0.368,337.575
2026-05-26T18:21:17.000Z,56.9663219,23.5956275,4.749,11.363,0.276,337.575
2026-05-26T18:21:18.000Z,56.9663322,23.5956350,4.749,11.423,0.652,358.886
2026-05-26T18:21:19.000Z,56.9663432,23.5956302,4.749,11.301,0.920,356.167
2026-05-26T18:21:20.000Z,56.9663528,23.5956193,4.749,11.335,0.979,347.566
2026-05-26T18:21:21.000Z,56.9663589,23.5956185,4.749,9.241,0.770,351.688
2026-05-26T18:21:22.000Z,56.9663608,23.5956183,4.749,8.506,1.137,-1.000
2026-05-26T18:21:23.000Z,56.9663724,23.5956042,4.749,7.537,0.752,337.841
2026-05-26T18:21:24.000Z,56.9663799,23.5956001,4.749,8.416,0.709,340.926
2026-05-26T18:21:25.000Z,56.9663885,23.5955999,4.749,9.290,0.645,350.348
2026-05-26T18:21:26.000Z,56.9663941,23.5956109,4.749,9.063,0.493,4.165
2026-05-26T18:21:27.000Z,56.9664026,23.5956100,4.749,8.378,0.452,359.204
2026-05-26T18:21:28.000Z,56.9664121,23.5956100,4.749,8.771,0.529,358.648
2026-05-26T18:21:29.000Z,56.9664228,23.5955967,4.749,9.409,0.592,344.640
2026-05-26T18:21:30.000Z,56.9664294,23.5955941,4.749,10.267,0.515,344.345
2026-05-26T18:21:31.000Z,56.9664306,23.5955916,4.749,8.446,0.937,-1.000
2026-05-26T18:21:32.000Z,56.9664477,23.5955797,4.749,9.924,0.885,338.301
2026-05-26T18:21:33.000Z,56.9664561,23.5955717,4.749,9.583,0.852,332.987
2026-05-26T18:21:34.000Z,56.9664653,23.5955686,4.749,10.122,0.728,333.186
2026-05-26T18:21:35.000Z,56.9664701,23.5955629,4.749,9.874,0.679,330.991
2026-05-26T18:21:36.000Z,56.9664718,23.5955628,4.749,8.950,0.441,333.533
2026-05-26T18:21:37.000Z,56.9664708,23.5955618,4.749,9.875,0.166,-1.000
2026-05-26T18:21:38.000Z,56.9664758,23.5955530,4.749,9.863,0.228,-1.000
2026-05-26T18:21:39.000Z,56.9664749,23.5955488,4.749,10.566,0.183,-1.000
2026-05-26T18:21:40.000Z,56.9664871,23.5955425,4.749,10.761,0.308,-1.000
2026-05-26T18:21:41.000Z,56.9664996,23.5955360,4.749,10.243,0.574,343.178
2026-05-26T18:21:42.000Z,56.9665134,23.5955312,4.749,11.100,0.879,346.449
2026-05-26T18:21:43.000Z,56.9665215,23.5955266,4.749,10.928,0.719,346.044
2026-05-26T18:21:44.000Z,56.9665310,23.5955231,4.749,11.512,0.662,347.412
2026-05-26T18:21:45.000Z,56.9665340,23.5955184,4.749,10.598,0.389,337.995
2026-05-26T18:21:46.000Z,56.9665452,23.5955149,4.749,11.585,0.380,342.131
2026-05-26T18:21:47.000Z,56.9665635,23.5955082,4.749,12.403,0.933,344.300
2026-05-26T18:21:48.000Z,56.9665691,23.5955043,4.749,12.754,0.738,339.089
2026-05-26T18:21:49.000Z,56.9665694,23.5955040,4.749,11.744,0.787,-1.000
2026-05-26T18:21:50.000Z,56.9665804,23.5955093,4.749,11.679,0.371,359.625
2026-05-26T18:21:51.000Z,56.9665872,23.5955041,4.749,12.352,0.420,344.601
2026-05-26T18:21:52.000Z,56.9665962,23.5954947,4.749,13.332,0.441,329.806
2026-05-26T18:21:53.000Z,56.9665999,23.5954916,4.749,11.749,0.930,-1.000
2026-05-26T18:21:54.000Z,56.9666024,23.5954904,4.749,10.924,1.109,-1.000
2026-05-26T18:21:55.000Z,56.9666106,23.5954879,4.749,10.965,0.640,-1.000
2026-05-26T18:21:56.000Z,56.9666256,23.5954940,4.749,11.645,0.846,2.147
2026-05-26T18:21:57.000Z,56.9666331,23.5954905,4.749,12.161,0.900,354.731
2026-05-26T18:21:58.000Z,56.9666355,23.5954970,4.749,11.200,0.545,359.001
2026-05-26T18:21:59.000Z,56.9666376,23.5954990,4.749,10.231,0.713,-1.000
2026-05-26T18:22:00.000Z,56.9666438,23.5955024,4.749,11.465,0.100,-1.000
2026-05-26T18:22:01.000Z,56.9666505,23.5955020,4.749,11.666,0.197,-1.000
2026-05-26T18:22:02.000Z,56.9666597,23.5954881,4.749,10.126,0.618,321.601
2026-05-26T18:22:03.000Z,56.9666655,23.5954906,4.749,9.557,0.536,352.407
2026-05-26T18:22:04.000Z,56.9666754,23.5954766,4.749,11.364,0.724,339.309
2026-05-26T18:22:05.000Z,56.9666792,23.5954645,4.749,11.102,0.721,331.806
2026-05-26T18:22:06.000Z,56.9666843,23.5954548,4.749,11.336,0.743,330.223
2026-05-26T18:22:07.000Z,56.9666889,23.5954571,4.749,9.993,0.635,340.500
2026-05-26T18:22:08.000Z,56.9666905,23.5954596,4.749,9.379,0.757,-1.000
2026-05-26T18:22:09.000Z,56.9667041,23.5954563,4.749,10.122,0.586,350.058
2026-05-26T18:22:10.000Z,56.9667245,23.5954578,4.749,10.083,1.280,349.722
2026-05-26T18:22:11.000Z,56.9667301,23.5954540,4.749,9.844,0.791,348.251
2026-05-26T18:22:12.000Z,56.9667323,23.5954492,4.749,9.066,0.496,351.333
2026-05-26T18:22:13.000Z,56.9667419,23.5954370,4.749,8.772,0.457,332.436
2026-05-26T18:22:14.000Z,56.9667586,23.5954403,4.749,9.635,0.683,354.046
2026-05-26T18:22:15.000Z,56.9667653,23.5954530,4.749,8.926,0.350,43.845
2026-05-26T18:22:16.000Z,56.9667796,23.5954556,4.749,9.414,0.542,26.977
2026-05-26T18:22:17.000Z,56.9667837,23.5954470,4.749,8.385,0.757,-1.000
2026-05-26T18:22:18.000Z,56.9667885,23.5954437,4.749,9.505,0.108,-1.000
2026-05-26T18:22:19.000Z,56.9667949,23.5954400,4.749,8.813,0.368,-1.000
2026-05-26T18:22:20.000Z,56.9668030,23.5954384,4.749,9.508,0.430,351.961
2026-05-26T18:22:21.000Z,56.9668110,23.5954354,4.749,8.451,0.591,350.516
2026-05-26T18:22:22.000Z,56.9668150,23.5954367,4.749,8.584,0.360,354.251
2026-05-26T18:22:23.000Z,56.9668213,23.5954414,4.749,9.058,0.018,354.251
2026-05-26T18:22:24.000Z,56.9668207,23.5954414,4.749,9.082,0.000,354.251
2026-05-26T18:22:25.000Z,56.9668347,23.5954487,4.749,9.847,0.667,19.320
2026-05-26T18:22:26.000Z,56.9668394,23.5954490,4.749,10.172,0.456,28.766
2026-05-26T18:22:27.000Z,56.9668535,23.5954464,4.749,10.902,0.927,6.906
2026-05-26T18:22:28.000Z,56.9668548,23.5954440,4.749,10.036,0.500,359.799
2026-05-26T18:22:29.000Z,56.9668614,23.5954414,4.749,9.762,0.442,351.444
2026-05-26T18:22:30.000Z,56.9668718,23.5954414,4.749,10.688,0.585,355.710
2026-05-26T18:22:31.000Z,56.9668821,23.5954450,4.749,10.211,0.662,0.086
2026-05-26T18:22:32.000Z,56.9668861,23.5954475,4.749,11.073,0.399,5.334
2026-05-26T18:22:33.000Z,56.9668933,23.5954469,4.749,11.053,0.372,3.213
2026-05-26T18:22:34.000Z,56.9669096,23.5954440,4.749,11.330,0.915,354.733
2026-05-26T18:22:35.000Z,56.9669184,23.5954509,4.749,11.311,0.711,8.344
2026-05-26T18:22:36.000Z,56.9669295,23.5954527,4.749,11.255,0.821,4.016
2026-05-26T18:22:37.000Z,56.9669342,23.5954505,4.749,10.264,0.561,356.716
2026-05-26T18:22:38.000Z,56.9669492,23.5954480,4.749,10.636,0.994,355.609
2026-05-26T18:22:39.000Z,56.9669559,23.5954443,4.749,10.677,0.861,351.590
2026-05-26T18:22:40.000Z,56.9669553,23.5954472,4.749,10.431,0.557,353.088
2026-05-26T18:22:41.000Z,56.9669700,23.5954441,4.749,10.579,1.061,353.349
2026-05-26T18:22:42.000Z,56.9669746,23.5954380,4.749,9.851,0.744,345.665
2026-05-26T18:22:43.000Z,56.9669858,23.5954348,4.749,10.253,0.834,353.723
2026-05-26T18:22:44.000Z,56.9669915,23.5954294,4.749,10.200,0.833,344.444
2026-05-26T18:22:45.000Z,56.9669966,23.5954259,4.749,11.023,0.734,340.894
2026-05-26T18:22:46.000Z,56.9670013,23.5954270,4.749,9.827,0.590,349.205
2026-05-26T18:22:47.000Z,56.9670081,23.5954276,4.749,10.582,0.708,350.475
2026-05-26T18:22:48.000Z,56.9670144,23.5954279,4.749,10.833,0.686,355.960
2026-05-26T18:22:49.000Z,56.9670221,23.5954246,4.749,10.156,0.693,354.286
2026-05-26T18:22:50.000Z,56.9670311,23.5954243,4.749,10.389,0.779,355.301
2026-05-26T18:22:51.000Z,56.9670373,23.5954231,4.749,10.079,0.803,353.556
2026-05-26T18:22:52.000Z,56.9670419,23.5954206,4.749,9.565,0.663,349.608
2026-05-26T18:22:53.000Z,56.9670505,23.5954220,4.749,10.427,0.807,352.497
2026-05-26T18:22:54.000Z,56.9670599,23.5954135,4.749,11.041,1.009,341.281
2026-05-26T18:22:55.000Z,56.9670700,23.5954126,4.749,10.910,1.035,344.186
2026-05-26T18:22:56.000Z,56.9670746,23.5954124,4.749,9.908,0.680,344.816
2026-05-26T18:22:57.000Z,56.9670853,23.5954095,4.749,10.271,0.769,347.705
2026-05-26T18:22:58.000Z,56.9670921,23.5954084,4.749,9.916,0.799,347.583
2026-05-26T18:22:59.000Z,56.9670975,23.5954122,4.749,10.024,0.619,353.387
2026-05-26T18:23:00.000Z,56.9671082,23.5954111,4.749,9.525,0.779,351.308
2026-05-26T18:23:01.000Z,56.9671154,23.5954119,4.749,8.272,0.676,354.037
2026-05-26T18:23:02.000Z,56.9671198,23.5954123,4.749,8.372,0.558,354.671
2026-05-26T18:23:03.000Z,56.9671345,23.5954134,4.749,9.392,0.964,359.645
2026-05-26T18:23:04.000Z,56.9671449,23.5954080,4.749,9.142,1.018,354.009
2026-05-26T18:23:05.000Z,56.9671425,23.5954096,4.749,8.845,0.552,359.056
2026-05-26T18:23:06.000Z,56.9671411,23.5954024,4.749,8.791,0.220,344.242
2026-05-26T18:23:07.000Z,56.9671460,23.5954018,4.749,7.732,0.381,343.355
2026-05-26T18:23:08.000Z,56.9671546,23.5953974,4.749,8.608,0.624,348.270
2026-05-26T18:23:09.000Z,56.9671649,23.5953907,4.749,8.879,0.873,345.363
2026-05-26T18:23:10.000Z,56.9671726,23.5953922,4.749,8.774,0.809,354.791
2026-05-26T18:23:11.000Z,56.9671806,23.5953909,4.749,9.581,0.815,0.306
2026-05-26T18:23:12.000Z,56.9671898,23.5953901,4.749,9.909,0.847,1.140
2026-05-26T18:23:13.000Z,56.9671962,23.5953737,4.749,8.938,0.770,333.057
2026-05-26T18:23:14.000Z,56.9672036,23.5953706,4.749,8.445,0.627,337.023
2026-05-26T18:23:15.000Z,56.9672187,23.5953703,4.749,9.719,0.982,346.991
2026-05-26T18:23:16.000Z,56.9672274,23.5953723,4.749,10.092,1.015,352.359
2026-05-26T18:23:17.000Z,56.9672341,23.5953769,4.749,9.753,0.948,359.930
2026-05-26T18:23:18.000Z,56.9672367,23.5953741,4.749,9.351,0.656,348.565
2026-05-26T18:23:19.000Z,56.9672384,23.5953696,4.749,10.378,0.376,330.547
2026-05-26T18:23:20.000Z,56.9672479,23.5953675,4.749,10.530,0.619,339.832
2026-05-26T18:23:21.000Z,56.9672585,23.5953627,4.749,9.998,0.861,343.304
2026-05-26T18:23:22.000Z,56.9672705,23.5953638,4.749,10.102,0.983,351.559
2026-05-26T18:23:23.000Z,56.9672743,23.5953600,4.749,8.863,0.807,344.098
2026-05-26T18:23:24.000Z,56.9672787,23.5953642,4.749,9.280,0.499,356.259
2026-05-26T18:23:25.000Z,56.9672883,23.5953624,4.749,8.683,0.780,350.520
2026-05-26T18:23:26.000Z,56.9672970,23.5953586,4.749,8.952,0.842,350.190
2026-05-26T18:23:27.000Z,56.9672983,23.5953588,4.749,8.198,0.470,350.229
2026-05-26T18:23:28.000Z,56.9672960,23.5953601,4.749,7.325,0.630,-1.000
2026-05-26T18:23:29.000Z,56.9673005,23.5953627,4.749,8.281,0.140,-1.000
2026-05-26T18:23:30.000Z,56.9673012,23.5953604,4.749,8.606,0.281,-1.000
2026-05-26T18:23:31.000Z,56.9673198,23.5953645,4.749,8.944,0.842,2.988
2026-05-26T18:23:32.000Z,56.9673332,23.5953609,4.749,9.064,1.182,1.588
2026-05-26T18:23:33.000Z,56.9673354,23.5953556,4.749,10.050,0.657,349.310
2026-05-26T18:23:34.000Z,56.9673395,23.5953546,4.749,10.316,0.472,345.413
2026-05-26T18:23:35.000Z,56.9673450,23.5953545,4.749,9.897,0.333,351.867
2026-05-26T18:23:36.000Z,56.9673553,23.5953519,4.749,10.499,0.613,353.975
2026-05-26T18:23:37.000Z,56.9673567,23.5953578,4.749,10.996,0.329,13.744
2026-05-26T18:23:38.000Z,56.9673540,23.5953548,4.749,11.220,0.035,13.744
2026-05-26T18:23:39.000Z,56.9673536,23.5953550,4.749,11.147,0.000,13.744
2026-05-26T18:23:44.000Z,56.9673628,23.5953499,4.749,11.069,0.017,13.744
2026-05-26T18:23:45.000Z,56.9673633,23.5953496,4.749,10.994,0.027,13.744
2026-05-26T18:23:46.000Z,56.9673632,23.5953496,4.749,10.988,0.000,13.744
2026-05-26T18:23:55.000Z,56.9673688,23.5953445,4.749,11.154,0.151,13.744
2026-05-26T18:23:56.000Z,56.9673762,23.5953415,4.749,10.937,0.487,7.802
2026-05-26T18:23:57.000Z,56.9673874,23.5953370,4.749,10.041,0.879,351.181
2026-05-26T18:23:58.000Z,56.9673959,23.5953372,4.749,11.039,1.000,355.831
2026-05-26T18:23:59.000Z,56.9674024,23.5953363,4.749,11.085,0.947,356.395
2026-05-26T18:24:00.000Z,56.9674059,23.5953294,4.749,10.834,0.738,348.885
2026-05-26T18:24:01.000Z,56.9674034,23.5953351,4.749,10.993,0.212,8.349
2026-05-26T18:24:02.000Z,56.9674085,23.5953273,4.749,9.634,0.617,343.197
2026-05-26T18:24:03.000Z,56.9674156,23.5953281,4.749,12.250,0.568,351.252
2026-05-26T18:24:04.000Z,56.9674250,23.5953295,4.749,12.052,0.679,356.245
2026-05-26T18:24:05.000Z,56.9674253,23.5953302,4.749,12.644,0.261,353.776
2026-05-26T18:24:06.000Z,56.9674325,23.5953293,4.749,12.356,0.133,353.776
2026-05-26T18:24:07.000Z,56.9674498,23.5953285,4.749,11.257,0.706,0.271
2026-05-26T18:24:08.000Z,56.9674538,23.5953338,4.749,10.276,0.801,-1.000
2026-05-26T18:24:09.000Z,56.9674623,23.5953384,4.749,10.135,0.383,15.403
2026-05-26T18:24:10.000Z,56.9674789,23.5953333,4.749,9.558,0.788,3.870
2026-05-26T18:24:11.000Z,56.9674847,23.5953352,4.749,9.920,0.562,9.004
2026-05-26T18:24:12.000Z,56.9674919,23.5953333,4.749,9.613,0.556,4.703
2026-05-26T18:24:13.000Z,56.9675024,23.5953262,4.749,8.141,0.779,353.420
2026-05-26T18:24:14.000Z,56.9675097,23.5953180,4.749,8.203,0.671,338.370
2026-05-26T18:24:15.000Z,56.9675167,23.5953109,4.749,8.303,0.661,331.907
2026-05-26T18:24:16.000Z,56.9675216,23.5953086,4.749,8.257,0.427,334.277
2026-05-26T18:24:17.000Z,56.9675305,23.5953037,4.749,8.233,0.571,339.305
2026-05-26T18:24:18.000Z,56.9675410,23.5952952,4.749,7.688,0.875,335.636
2026-05-26T18:24:19.000Z,56.9675610,23.5952904,4.749,8.257,1.382,347.244
2026-05-26T18:24:20.000Z,56.9675691,23.5952933,4.749,8.295,0.855,354.382
2026-05-26T18:24:21.000Z,56.9675793,23.5952949,4.749,8.478,0.760,0.925
2026-05-26T18:24:22.000Z,56.9675924,23.5952886,4.749,9.894,0.902,355.218
2026-05-26T18:24:23.000Z,56.9675998,23.5952863,4.749,8.258,0.746,352.331
2026-05-26T18:24:24.000Z,56.9676039,23.5952857,4.749,7.973,0.366,348.671
2026-05-26T18:24:25.000Z,56.9676131,23.5952869,4.749,8.278,0.437,356.710
2026-05-26T18:24:26.000Z,56.9676282,23.5952828,4.749,9.694,0.845,353.796
2026-05-26T18:24:27.000Z,56.9676370,23.5952795,4.749,9.476,0.776,354.025
2026-05-26T18:24:28.000Z,56.9676362,23.5952762,4.749,10.144,0.292,329.628
2026-05-26T18:24:29.000Z,56.9676451,23.5952786,4.749,10.257,0.425,353.932
2026-05-26T18:24:30.000Z,56.9676581,23.5952828,4.749,10.342,0.739,4.461
2026-05-26T18:24:31.000Z,56.9676644,23.5952785,4.749,8.822,0.570,353.349
2026-05-26T18:24:32.000Z,56.9676687,23.5952811,4.749,8.351,0.386,0.155
2026-05-26T18:24:33.000Z,56.9676706,23.5952839,4.749,8.754,0.284,7.678
2026-05-26T18:24:34.000Z,56.9676847,23.5952835,4.749,8.068,0.620,12.520
2026-05-26T18:24:35.000Z,56.9676903,23.5952781,4.749,8.071,0.492,356.636
2026-05-26T18:24:36.000Z,56.9677002,23.5952732,4.749,8.053,0.736,350.333
2026-05-26T18:24:37.000Z,56.9677056,23.5952706,4.749,7.133,0.568,350.476
2026-05-26T18:24:38.000Z,56.9677140,23.5952709,4.749,6.840,0.599,355.584
2026-05-26T18:24:39.000Z,56.9677269,23.5952648,4.749,7.995,0.833,349.246
2026-05-26T18:24:40.000Z,56.9677364,23.5952612,4.749,8.176,0.813,346.289
2026-05-26T18:24:41.000Z,56.9677470,23.5952658,4.749,9.005,0.756,358.671
2026-05-26T18:24:42.000Z,56.9677535,23.5952686,4.749,8.518,0.692,4.905
2026-05-26T18:24:43.000Z,56.9677602,23.5952635,4.749,7.892,0.559,356.857
2026-05-26T18:24:44.000Z,56.9677645,23.5952573,4.749,7.264,0.861,-1.000
2026-05-26T18:24:45.000Z,56.9677756,23.5952502,4.749,7.082,0.643,337.282
2026-05-26T18:24:46.000Z,56.9677746,23.5952467,4.749,6.934,0.439,-1.000
2026-05-26T18:24:47.000Z,56.9677831,23.5952452,4.749,6.954,0.308,-1.000
2026-05-26T18:24:48.000Z,56.9677897,23.5952472,4.749,7.467,0.124,-1.000
2026-05-26T18:24:49.000Z,56.9677955,23.5952498,4.749,7.259,0.188,-1.000
2026-05-26T18:24:50.000Z,56.9678023,23.5952504,4.749,7.069,0.307,-1.000
2026-05-26T18:24:51.000Z,56.9678125,23.5952490,4.749,7.678,0.282,-1.000
2026-05-26T18:24:52.000Z,56.9678181,23.5952388,4.749,6.606,0.459,303.849
2026-05-26T18:24:53.000Z,56.9678327,23.5952364,4.749,7.128,0.695,338.970
2026-05-26T18:24:54.000Z,56.9678432,23.5952329,4.749,7.633,0.747,344.133
2026-05-26T18:24:55.000Z,56.9678560,23.5952261,4.749,7.516,0.892,342.140
2026-05-26T18:24:56.000Z,56.9678632,23.5952281,4.749,7.015,0.655,350.080
2026-05-26T18:24:57.000Z,56.9678714,23.5952298,4.749,7.101,0.692,355.555
2026-05-26T18:24:58.000Z,56.9678784,23.5952240,4.749,6.220,0.593,345.359
2026-05-26T18:24:59.000Z,56.9678865,23.5952258,4.749,6.675,0.604,351.332
2026-05-26T18:25:00.000Z,56.9678907,23.5952222,4.749,6.214,0.549,339.701
2026-05-26T18:25:01.000Z,56.9678990,23.5952188,4.749,5.931,0.667,343.034
2026-05-26T18:25:02.000Z,56.9679120,23.5952172,4.749,6.615,0.961,349.002
2026-05-26T18:25:03.000Z,56.9679174,23.5952163,4.749,6.768,0.653,353.735
2026-05-26T18:25:04.000Z,56.9679286,23.5952130,4.749,6.854,0.806,350.757
2026-05-26T18:25:05.000Z,56.9679382,23.5952114,4.749,7.413,0.894,351.921
2026-05-26T18:25:06.000Z,56.9679450,23.5952078,4.749,7.371,0.737,347.220
2026-05-26T18:25:07.000Z,56.9679558,23.5952029,4.749,7.665,0.859,344.952
2026-05-26T18:25:08.000Z,56.9679626,23.5951958,4.749,7.241,0.715,339.453
2026-05-26T18:25:09.000Z,56.9679662,23.5951958,4.749,7.745,0.517,345.632
2026-05-26T18:25:10.000Z,56.9679728,23.5951945,4.749,7.648,0.518,349.806
2026-05-26T18:25:11.000Z,56.9679793,23.5951917,4.749,8.283,0.572,347.451
2026-05-26T18:25:12.000Z,56.9679859,23.5951915,4.749,7.172,0.563,356.940
2026-05-26T18:25:13.000Z,56.9679908,23.5951941,4.749,7.718,0.523,359.631
2026-05-26T18:25:14.000Z,56.9679918,23.5951961,4.749,7.064,0.290,1.919
2026-05-26T18:25:15.000Z,56.9680104,23.5951907,4.749,7.702,0.825,355.124
2026-05-26T18:25:16.000Z,56.9680209,23.5951852,4.749,7.440,0.919,347.169
2026-05-26T18:25:17.000Z,56.9680291,23.5951856,4.749,8.021,0.773,350.927
2026-05-26T18:25:18.000Z,56.9680404,23.5951875,4.749,8.420,0.822,352.539
2026-05-26T18:25:19.000Z,56.9680522,23.5951961,4.749,9.271,0.799,3.370
2026-05-26T18:25:20.000Z,56.9680562,23.5951907,4.749,9.003,0.677,352.405
2026-05-26T18:25:21.000Z,56.9680549,23.5951867,4.749,8.386,0.354,335.506
2026-05-26T18:25:22.000Z,56.9680581,23.5951858,4.749,8.127,0.397,339.834
2026-05-26T18:25:23.000Z,56.9680660,23.5951824,4.749,7.994,0.567,345.758
2026-05-26T18:25:24.000Z,56.9680782,23.5951779,4.749,8.390,0.952,348.452
2026-05-26T18:25:25.000Z,56.9680830,23.5951776,4.749,8.137,0.806,353.137
2026-05-26T18:25:26.000Z,56.9680825,23.5951765,4.749,8.606,0.393,354.815
2026-05-26T18:25:27.000Z,56.9680914,23.5951749,4.749,7.714,0.678,354.423
2026-05-26T18:25:28.000Z,56.9680996,23.5951722,4.749,7.812,0.652,347.981
2026-05-26T18:25:29.000Z,56.9681154,23.5951693,4.749,7.504,0.916,349.429
2026-05-26T18:25:30.000Z,56.9681148,23.5951587,4.749,7.354,0.481,316.133
2026-05-26T18:25:31.000Z,56.9681249,23.5951587,4.749,8.919,0.482,336.694
2026-05-26T18:25:32.000Z,56.9681331,23.5951535,4.749,8.995,0.600,341.053
2026-05-26T18:25:33.000Z,56.9681367,23.5951495,4.749,9.014,0.493,342.396
2026-05-26T18:25:34.000Z,56.9681410,23.5951444,4.749,8.529,0.522,341.177
2026-05-26T18:25:35.000Z,56.9681449,23.5951425,4.749,7.991,0.509,344.013
2026-05-26T18:25:36.000Z,56.9681482,23.5951395,4.749,6.465,1.107,-1.000
2026-05-26T18:25:37.000Z,56.9681481,23.5951364,4.749,6.837,0.750,-1.000
2026-05-26T18:25:38.000Z,56.9681564,23.5951336,4.749,7.315,0.501,346.436
2026-05-26T18:25:39.000Z,56.9681739,23.5951257,4.749,7.134,1.233,344.941
2026-05-26T18:25:40.000Z,56.9681769,23.5951228,4.749,7.105,0.770,338.332
2026-05-26T18:25:41.000Z,56.9681802,23.5951231,4.749,6.341,0.496,341.072
2026-05-26T18:25:42.000Z,56.9681927,23.5951185,4.749,7.811,0.605,347.070
2026-05-26T18:25:43.000Z,56.9682085,23.5951141,4.749,8.085,0.857,348.418
2026-05-26T18:25:44.000Z,56.9682186,23.5951161,4.749,8.248,0.724,354.925
2026-05-26T18:25:45.000Z,56.9682245,23.5951067,4.749,7.474,0.588,332.831
2026-05-26T18:25:46.000Z,56.9682361,23.5951018,4.749,8.576,0.830,336.786
2026-05-26T18:25:47.000Z,56.9682486,23.5951012,4.749,8.275,0.783,342.821
2026-05-26T18:25:48.000Z,56.9682618,23.5950979,4.749,8.669,0.842,347.481
2026-05-26T18:25:49.000Z,56.9682683,23.5950958,4.749,7.897,0.798,348.608
2026-05-26T18:25:50.000Z,56.9682775,23.5950916,4.749,7.426,0.722,346.555
2026-05-26T18:25:51.000Z,56.9682858,23.5950926,4.749,8.215,0.666,351.806
2026-05-26T18:25:52.000Z,56.9682967,23.5951001,4.749,8.021,0.777,4.363
2026-05-26T18:25:53.000Z,56.9683003,23.5950981,4.749,7.781,0.491,2.068
2026-05-26T18:25:54.000Z,56.9683002,23.5950945,4.749,7.535,0.224,355.937
2026-05-26T18:25:55.000Z,56.9682987,23.5950966,4.749,7.541,0.044,355.937
2026-05-26T18:25:56.000Z,56.9682991,23.5950971,4.749,7.599,0.000,355.937
2026-05-26T18:25:57.000Z,56.9682985,23.5950981,4.749,7.803,0.011,355.937
2026-05-26T18:25:58.000Z,56.9682985,23.5950980,4.749,7.809,0.000,355.937
2026-05-26T18:26:01.000Z,56.9682990,23.5951023,4.749,8.148,0.163,355.937
2026-05-26T18:26:02.000Z,56.9682990,23.5951031,4.749,8.249,0.164,355.937
2026-05-26T18:26:03.000Z,56.9683096,23.5951014,4.749,7.805,0.729,3.681
2026-05-26T18:26:04.000Z,56.9683137,23.5950963,4.749,7.892,0.688,352.138
2026-05-26T18:26:05.000Z,56.9683156,23.5950919,4.749,7.713,0.529,344.330
2026-05-26T18:26:06.000Z,56.9683202,23.5950928,4.749,8.046,0.500,350.346
2026-05-26T18:26:07.000Z,56.9683304,23.5950916,4.749,8.370,0.682,354.455
2026-05-26T18:26:08.000Z,56.9683298,23.5950903,4.749,8.621,0.306,353.129
2026-05-26T18:26:09.000Z,56.9683359,23.5950864,4.749,8.864,0.342,353.129
2026-05-26T18:26:10.000Z,56.9683397,23.5950814,4.749,9.246,0.384,353.129
2026-05-26T18:26:11.000Z,56.9683453,23.5950830,4.749,9.577,0.467,353.129
2026-05-26T18:26:12.000Z,56.9683543,23.5950786,4.749,9.546,0.621,343.520
2026-05-26T18:26:13.000Z,56.9683640,23.5950806,4.749,9.574,0.794,355.354
2026-05-26T18:26:14.000Z,56.9683691,23.5950788,4.749,9.578,0.734,0.467
2026-05-26T18:26:15.000Z,56.9683733,23.5950763,4.749,9.211,0.694,356.303
2026-05-26T18:26:16.000Z,56.9683792,23.5950747,4.749,7.840,0.627,351.719
2026-05-26T18:26:17.000Z,56.9683967,23.5950727,4.749,9.283,0.958,354.220
2026-05-26T18:26:18.000Z,56.9684059,23.5950668,4.749,8.916,0.931,345.744
2026-05-26T18:26:19.000Z,56.9684113,23.5950622,4.749,9.053,0.733,342.323
2026-05-26T18:26:20.000Z,56.9684084,23.5950693,4.749,7.735,0.266,359.751
2026-05-26T18:26:21.000Z,56.9684225,23.5950683,4.749,8.473,0.734,2.383
2026-05-26T18:26:22.000Z,56.9684383,23.5950648,4.749,8.507,1.008,356.943
2026-05-26T18:26:23.000Z,56.9684438,23.5950681,4.749,8.623,0.745,0.998
2026-05-26T18:26:24.000Z,56.9684476,23.5950686,4.749,6.846,0.453,359.500
2026-05-26T18:26:25.000Z,56.9684527,23.5950655,4.749,8.382,0.446,342.418
2026-05-26T18:26:26.000Z,56.9684536,23.5950636,4.749,8.758,0.311,332.708
2026-05-26T18:26:27.000Z,56.9684621,23.5950640,4.749,9.214,0.284,329.355
2026-05-26T18:26:28.000Z,56.9684699,23.5950598,4.749,9.126,0.347,329.355
2026-05-26T18:26:29.000Z,56.9684789,23.5950613,4.749,8.103,0.653,349.751
2026-05-26T18:26:30.000Z,56.9684906,23.5950575,4.749,9.680,0.841,353.417
2026-05-26T18:26:31.000Z,56.9685015,23.5950532,4.749,9.580,0.951,351.583
2026-05-26T18:26:32.000Z,56.9685120,23.5950501,4.749,10.511,0.950,349.850
2026-05-26T18:26:33.000Z,56.9685126,23.5950499,4.749,9.480,0.488,343.423
2026-05-26T18:26:34.000Z,56.9685244,23.5950417,4.749,10.647,0.690,338.704
2026-05-26T18:26:35.000Z,56.9685293,23.5950412,4.749,10.786,0.706,347.549
2026-05-26T18:26:36.000Z,56.9685350,23.5950432,4.749,11.459,0.628,354.836
2026-05-26T18:26:37.000Z,56.9685424,23.5950394,4.749,11.382,0.632,351.863
2026-05-26T18:26:38.000Z,56.9685495,23.5950396,4.749,11.933,0.508,355.611
2026-05-26T18:26:39.000Z,56.9685582,23.5950391,4.749,11.887,0.725,355.556
2026-05-26T18:26:40.000Z,56.9685631,23.5950400,4.749,11.849,0.630,356.599
2026-05-26T18:26:41.000Z,56.9685687,23.5950265,4.749,11.230,0.547,338.378
2026-05-26T18:26:42.000Z,56.9685757,23.5950192,4.749,11.165,0.602,335.279
2026-05-26T18:26:43.000Z,56.9685804,23.5950197,4.749,10.885,0.490,344.913
2026-05-26T18:26:44.000Z,56.9685845,23.5950129,4.749,10.339,0.532,337.536
2026-05-26T18:26:45.000Z,56.9685928,23.5950121,4.749,10.282,0.727,344.131
2026-05-26T18:26:46.000Z,56.9685953,23.5950141,4.749,9.903,0.565,351.235
2026-05-26T18:26:47.000Z,56.9685999,23.5950232,4.749,9.412,0.473,10.717
2026-05-26T18:26:48.000Z,56.9686102,23.5950215,4.749,10.177,0.451,359.532
2026-05-26T18:26:49.000Z,56.9686164,23.5950251,4.749,11.526,0.530,7.384
2026-05-26T18:26:50.000Z,56.9686212,23.5950361,4.749,9.940,0.474,15.637
2026-05-26T18:26:51.000Z,56.9686314,23.5950325,4.749,9.259,0.559,3.913
2026-05-26T18:26:52.000Z,56.9686339,23.5950276,4.749,9.069,0.406,354.004
2026-05-26T18:26:53.000Z,56.9686386,23.5950239,4.749,8.831,0.476,352.517
2026-05-26T18:26:54.000Z,56.9686455,23.5950207,4.749,9.375,0.659,353.614
2026-05-26T18:26:55.000Z,56.9686502,23.5950221,4.749,8.601,0.662,355.284
2026-05-26T18:26:56.000Z,56.9686527,23.5950158,4.749,8.389,0.479,344.258
2026-05-26T18:26:57.000Z,56.9686593,23.5950075,4.749,8.766,0.469,334.477
2026-05-26T18:26:58.000Z,56.9686763,23.5949979,4.749,9.510,0.804,340.175
2026-05-26T18:26:59.000Z,56.9686818,23.5949995,4.749,9.407,0.471,349.090
2026-05-26T18:27:00.000Z,56.9686986,23.5949906,4.749,8.596,1.126,342.605
2026-05-26T18:27:01.000Z,56.9687038,23.5949943,4.749,8.525,0.750,353.558
2026-05-26T18:27:02.000Z,56.9687100,23.5949973,4.749,8.842,0.487,359.494
2026-05-26T18:27:03.000Z,56.9687080,23.5949959,4.749,9.256,0.059,359.727
2026-05-26T18:27:04.000Z,56.9687078,23.5949959,4.749,9.260,0.000,359.727
2026-05-26T18:27:05.000Z,56.9687120,23.5949964,4.749,10.249,0.070,359.727
2026-05-26T18:27:06.000Z,56.9687118,23.5949963,4.749,10.260,0.000,359.727
2026-05-26T18:27:07.000Z,56.9687118,23.5949963,4.749,10.260,0.000,359.727
2026-05-26T18:27:11.000Z,56.9687148,23.5949980,4.749,11.223,0.004,359.727
2026-05-26T18:27:12.000Z,56.9687179,23.5949960,4.749,10.974,0.191,359.727
2026-05-26T18:27:13.000Z,56.9687278,23.5949928,4.749,11.152,0.652,355.647
2026-05-26T18:27:14.000Z,56.9687399,23.5949940,4.749,11.177,0.945,3.380
2026-05-26T18:27:15.000Z,56.9687439,23.5949904,4.749,10.831,0.672,357.140
2026-05-26T18:27:16.000Z,56.9687431,23.5949851,4.749,10.843,0.256,351.135
2026-05-26T18:27:17.000Z,56.9687587,23.5949799,4.749,12.342,0.795,349.946
2026-05-26T18:27:18.000Z,56.9687624,23.5949822,4.749,12.585,0.540,355.199
2026-05-26T18:27:19.000Z,56.9687612,23.5949851,4.749,12.861,0.214,0.060
2026-05-26T18:27:20.000Z,56.9687671,23.5949824,4.749,12.515,0.235,0.060
2026-05-26T18:27:21.000Z,56.9687725,23.5949771,4.749,12.195,0.171,0.060
2026-05-26T18:27:22.000Z,56.9687801,23.5949732,4.749,12.424,0.451,4.641
2026-05-26T18:27:23.000Z,56.9687852,23.5949757,4.749,12.055,0.488,11.408
2026-05-26T18:27:24.000Z,56.9687852,23.5949707,4.749,12.356,0.000,10.738
2026-05-26T18:27:25.000Z,56.9687851,23.5949695,4.749,12.169,0.139,10.738
2026-05-26T18:27:26.000Z,56.9687832,23.5949687,4.749,11.927,0.029,10.738
2026-05-26T18:27:27.000Z,56.9687830,23.5949687,4.749,11.913,0.000,10.738
2026-05-26T18:27:40.000Z,56.9687933,23.5949589,4.749,11.521,0.166,10.738
2026-05-26T18:27:41.000Z,56.9687979,23.5949589,4.749,11.312,0.240,10.738
2026-05-26T18:27:42.000Z,56.9688081,23.5949513,4.749,11.592,0.680,341.227
2026-05-26T18:27:43.000Z,56.9688168,23.5949488,4.749,10.900,0.772,346.214
2026-05-26T18:27:44.000Z,56.9688254,23.5949495,4.749,10.334,0.826,355.073
2026-05-26T18:27:45.000Z,56.9688288,23.5949492,4.749,10.521,0.623,356.630
2026-05-26T18:27:46.000Z,56.9688334,23.5949442,4.749,10.306,0.558,346.557
2026-05-26T18:27:47.000Z,56.9688426,23.5949452,4.749,10.063,0.780,352.467
2026-05-26T18:27:48.000Z,56.9688484,23.5949469,4.749,10.069,0.629,0.321
2026-05-26T18:27:49.000Z,56.9688554,23.5949454,4.749,10.470,0.689,357.659
2026-05-26T18:27:50.000Z,56.9688568,23.5949478,4.749,9.798,0.346,7.316
2026-05-26T18:27:51.000Z,56.9688618,23.5949404,4.749,9.418,0.369,344.732
2026-05-26T18:27:52.000Z,56.9688715,23.5949379,4.749,9.682,0.664,350.134
2026-05-26T18:27:53.000Z,56.9688811,23.5949323,4.749,10.069,0.888,347.814
2026-05-26T18:27:54.000Z,56.9688848,23.5949308,4.749,9.009,0.651,350.335
2026-05-26T18:27:55.000Z,56.9688896,23.5949220,4.749,9.898,0.564,339.187
2026-05-26T18:27:56.000Z,56.9688922,23.5949203,4.749,10.190,0.363,339.880
2026-05-26T18:27:57.000Z,56.9689020,23.5949153,4.749,10.271,0.395,339.880
2026-05-26T18:27:58.000Z,56.9689060,23.5949055,4.749,9.511,0.474,323.364
2026-05-26T18:27:59.000Z,56.9689188,23.5949052,4.749,11.006,0.706,345.201
2026-05-26T18:28:00.000Z,56.9689267,23.5949060,4.749,10.782,0.692,352.699
2026-05-26T18:28:01.000Z,56.9689376,23.5949029,4.749,11.846,0.959,351.478
2026-05-26T18:28:02.000Z,56.9689345,23.5949015,4.749,10.735,0.524,350.372
2026-05-26T18:28:03.000Z,56.9689451,23.5948951,4.749,11.316,0.680,346.700
2026-05-26T18:28:04.000Z,56.9689530,23.5948961,4.749,11.683,0.628,353.034
2026-05-26T18:28:05.000Z,56.9689626,23.5948927,4.749,11.096,0.724,350.706
2026-05-26T18:28:06.000Z,56.9689640,23.5948961,4.749,10.965,0.431,355.475
2026-05-26T18:28:07.000Z,56.9689689,23.5949001,4.749,11.771,0.526,3.733
2026-05-26T18:28:08.000Z,56.9689929,23.5948932,4.749,12.227,1.327,357.464
2026-05-26T18:28:09.000Z,56.9689968,23.5948867,4.749,11.767,1.107,350.024
2026-05-26T18:28:10.000Z,56.9690002,23.5948864,4.749,11.248,0.719,349.772
2026-05-26T18:28:11.000Z,56.9690085,23.5948880,4.749,11.249,0.659,357.595
2026-05-26T18:28:12.000Z,56.9690197,23.5948863,4.749,10.997,0.683,353.662
2026-05-26T18:28:13.000Z,56.9690206,23.5948857,4.749,10.838,0.271,353.490
2026-05-26T18:28:14.000Z,56.9690320,23.5948808,4.749,11.118,0.585,340.416
2026-05-26T18:28:15.000Z,56.9690385,23.5948782,4.749,11.096,0.626,341.621
2026-05-26T18:28:16.000Z,56.9690447,23.5948780,4.749,10.794,0.544,346.250
2026-05-26T18:28:17.000Z,56.9690528,23.5948787,4.749,11.443,0.594,351.770
2026-05-26T18:28:18.000Z,56.9690623,23.5948765,4.749,10.859,0.729,351.902
2026-05-26T18:28:19.000Z,56.9690751,23.5948710,4.749,10.775,0.992,349.687
2026-05-26T18:28:20.000Z,56.9690816,23.5948721,4.749,10.207,0.867,349.841
2026-05-26T18:28:21.000Z,56.9690903,23.5948713,4.749,10.994,0.781,353.504
2026-05-26T18:28:22.000Z,56.9690917,23.5948696,4.749,9.909,0.498,348.004
2026-05-26T18:28:23.000Z,56.9691046,23.5948675,4.749,10.026,0.772,351.724
2026-05-26T18:28:24.000Z,56.9691133,23.5948652,4.749,9.836,0.718,348.122
2026-05-26T18:28:25.000Z,56.9691201,23.5948674,4.749,10.155,0.653,356.397
2026-05-26T18:28:26.000Z,56.9691216,23.5948716,4.749,10.652,0.259,3.373
2026-05-26T18:28:27.000Z,56.9691269,23.5948706,4.749,10.699,0.584,335.353
2026-05-26T18:28:28.000Z,56.9691342,23.5948683,4.749,10.612,0.760,337.804
2026-05-26T18:28:29.000Z,56.9691358,23.5948734,4.749,11.081,0.222,350.296
2026-05-26T18:28:30.000Z,56.9691419,23.5948665,4.749,9.273,0.551,332.840
2026-05-26T18:28:31.000Z,56.9691495,23.5948663,4.749,10.260,0.636,343.111
2026-05-26T18:28:32.000Z,56.9691505,23.5948652,4.749,9.924,0.277,334.421
2026-05-26T18:28:33.000Z,56.9691610,23.5948631,4.749,9.683,0.479,340.100
2026-05-26T18:28:34.000Z,56.9691694,23.5948644,4.749,9.206,0.626,350.585
2026-05-26T18:28:35.000Z,56.9691827,23.5948597,4.749,9.500,0.964,349.813
2026-05-26T18:28:36.000Z,56.9691868,23.5948665,4.749,9.590,0.767,359.316
2026-05-26T18:28:37.000Z,56.9691943,23.5948687,4.749,8.873,0.725,358.871
2026-05-26T18:28:38.000Z,56.9691994,23.5948661,4.749,8.972,0.298,347.005
2026-05-26T18:28:39.000Z,56.9692098,23.5948675,4.749,9.118,0.586,346.445
2026-05-26T18:28:40.000Z,56.9692128,23.5948660,4.749,9.022,0.459,349.133
2026-05-26T18:28:41.000Z,56.9692209,23.5948573,4.749,9.239,0.614,338.503
2026-05-26T18:28:42.000Z,56.9692264,23.5948575,4.749,9.362,0.403,345.631
2026-05-26T18:28:43.000Z,56.9692339,23.5948619,4.749,9.627,0.400,9.224
2026-05-26T18:28:44.000Z,56.9692389,23.5948602,4.749,8.904,0.321,1.830
2026-05-26T18:28:45.000Z,56.9692481,23.5948587,4.749,9.295,0.684,356.565
2026-05-26T18:28:46.000Z,56.9692514,23.5948566,4.749,9.494,0.521,348.422
2026-05-26T18:28:47.000Z,56.9692588,23.5948565,4.749,10.043,0.556,352.001
2026-05-26T18:28:48.000Z,56.9692611,23.5948554,4.749,9.520,0.413,351.994
2026-05-26T18:28:49.000Z,56.9692677,23.5948540,4.749,10.830,0.596,351.597
2026-05-26T18:28:50.000Z,56.9692752,23.5948553,4.749,10.971,0.671,356.657
2026-05-26T18:28:51.000Z,56.9692755,23.5948549,4.749,10.198,0.511,353.499
2026-05-26T18:28:52.000Z,56.9692819,23.5948522,4.749,10.559,0.666,348.786
2026-05-26T18:28:53.000Z,56.9692705,23.5948785,4.749,10.363,0.654,119.047
2026-05-26T18:28:54.000Z,56.9692839,23.5948713,4.749,9.865,0.352,48.681
2026-05-26T18:28:55.000Z,56.9692943,23.5948664,4.749,9.080,0.458,15.326
2026-05-26T18:28:56.000Z,56.9693114,23.5948560,4.749,9.788,0.922,1.433
2026-05-26T18:28:57.000Z,56.9693227,23.5948473,4.749,9.991,1.033,354.215
2026-05-26T18:28:58.000Z,56.9693247,23.5948489,4.749,10.094,0.559,1.236
2026-05-26T18:28:59.000Z,56.9693290,23.5948479,4.749,9.353,0.416,359.970
2026-05-26T18:29:00.000Z,56.9693359,23.5948440,4.749,9.487,0.460,352.157
2026-05-26T18:29:01.000Z,56.9693456,23.5948432,4.749,9.565,0.750,355.290
2026-05-26T18:29:02.000Z,56.9693526,23.5948427,4.749,9.629,0.791,356.332
2026-05-26T18:29:03.000Z,56.9693549,23.5948386,4.749,9.636,0.544,348.296
2026-05-26T18:29:04.000Z,56.9693577,23.5948360,4.749,9.852,0.380,343.610
2026-05-26T18:29:05.000Z,56.9693667,23.5948342,4.749,9.612,0.765,349.581
2026-05-26T18:29:06.000Z,56.9693729,23.5948301,4.749,8.771,0.674,343.514
2026-05-26T18:29:07.000Z,56.9693850,23.5948269,4.749,9.623,0.995,347.774
2026-05-26T18:29:08.000Z,56.9693927,23.5948128,4.749,8.731,0.961,338.859
2026-05-26T18:29:09.000Z,56.9693953,23.5948136,4.749,8.742,0.580,344.212
2026-05-26T18:29:10.000Z,56.9694022,23.5948058,4.749,8.094,0.561,339.149
2026-05-26T18:29:11.000Z,56.9694114,23.5948041,4.749,7.781,0.627,345.396
2026-05-26T18:29:12.000Z,56.9694104,23.5948075,4.749,8.084,0.142,350.817
2026-05-26T18:29:13.000Z,56.9694107,23.5948124,4.749,8.243,0.054,350.817
2026-05-26T18:29:14.000Z,56.9694128,23.5948102,4.749,8.346,0.062,350.817
2026-05-26T18:29:15.000Z,56.9694123,23.5948103,4.749,8.362,0.000,350.817
2026-05-26T18:29:16.000Z,56.9694169,23.5948134,4.749,9.033,0.052,350.817
2026-05-26T18:29:17.000Z,56.9694192,23.5948157,4.749,8.863,0.106,350.817
2026-05-26T18:29:18.000Z,56.9694210,23.5948154,4.749,8.855,0.123,350.817
2026-05-26T18:29:19.000Z,56.9694259,23.5948166,4.749,9.047,0.291,350.817
2026-05-26T18:29:20.000Z,56.9694510,23.5947930,4.749,10.328,1.643,329.808
2026-05-26T18:29:21.000Z,56.9694479,23.5947980,4.749,8.926,0.858,333.608
2026-05-26T18:29:22.000Z,56.9694553,23.5948056,4.749,9.653,0.770,358.537
2026-05-26T18:29:23.000Z,56.9694564,23.5947998,4.749,8.352,0.509,349.334
2026-05-26T18:29:24.000Z,56.9694593,23.5948003,4.749,8.143,0.478,352.836
2026-05-26T18:29:25.000Z,56.9694686,23.5947950,4.749,7.486,0.840,350.005
2026-05-26T18:29:26.000Z,56.9694680,23.5947980,4.749,6.319,0.525,353.371
2026-05-26T18:29:27.000Z,56.9694705,23.5948002,4.749,7.071,0.639,353.591
2026-05-26T18:29:28.000Z,56.9694722,23.5948056,4.749,7.565,0.364,8.827
2026-05-26T18:29:29.000Z,56.9694796,23.5947985,4.749,6.804,0.577,356.889
2026-05-26T18:29:30.000Z,56.9694860,23.5947957,4.749,6.988,0.720,351.639
2026-05-26T18:29:31.000Z,56.9694944,23.5947913,4.749,6.787,0.704,349.231
2026-05-26T18:29:32.000Z,56.9695030,23.5947870,4.749,6.881,0.772,349.315
2026-05-26T18:29:33.000Z,56.9695140,23.5947779,4.749,7.629,0.874,345.157
2026-05-26T18:29:34.000Z,56.9695170,23.5947697,4.749,6.701,0.598,335.450
2026-05-26T18:29:35.000Z,56.9695271,23.5947628,4.749,6.914,0.718,341.135
2026-05-26T18:29:36.000Z,56.9695340,23.5947585,4.749,7.399,0.758,343.565
2026-05-26T18:29:37.000Z,56.9695406,23.5947604,4.749,8.548,0.613,353.656
2026-05-26T18:29:38.000Z,56.9695499,23.5947510,4.749,8.140,0.709,344.255
2026-05-26T18:29:39.000Z,56.9695587,23.5947484,4.749,8.997,0.810,347.505
2026-05-26T18:29:40.000Z,56.9695596,23.5947466,4.749,8.793,0.533,347.055
2026-05-26T18:29:41.000Z,56.9695701,23.5947474,4.749,9.515,0.677,353.293
2026-05-26T18:29:42.000Z,56.9695775,23.5947472,4.749,8.910,0.656,355.536
2026-05-26T18:29:43.000Z,56.9695863,23.5947439,4.749,9.911,0.676,348.537
2026-05-26T18:29:44.000Z,56.9695997,23.5947393,4.749,9.969,1.073,346.120
2026-05-26T18:29:45.000Z,56.9696074,23.5947385,4.749,10.278,0.922,346.810
2026-05-26T18:29:46.000Z,56.9696144,23.5947390,4.749,10.550,0.801,348.635
2026-05-26T18:29:47.000Z,56.9696185,23.5947381,4.749,10.711,0.541,347.280
2026-05-26T18:29:48.000Z,56.9696246,23.5947362,4.749,11.117,0.522,347.272
2026-05-26T18:29:49.000Z,56.9696354,23.5947347,4.749,10.812,0.811,351.139
2026-05-26T18:29:50.000Z,56.9696402,23.5947351,4.749,10.666,0.496,352.717
2026-05-26T18:29:51.000Z,56.9696386,23.5947322,4.749,10.784,0.146,351.765
2026-05-26T18:29:51.999Z,56.9696379,23.5947313,4.749,10.521,0.065,351.765
2026-05-26T18:29:52.999Z,56.9696421,23.5947314,4.749,10.431,0.106,351.765
2026-05-26T18:29:53.999Z,56.9696427,23.5947329,4.749,10.306,0.177,351.765
2026-05-26T18:29:54.999Z,56.9696439,23.5947284,4.749,10.039,0.282,351.765
2026-05-26T18:29:55.999Z,56.9696477,23.5947265,4.749,9.850,0.371,351.765
2026-05-26T18:29:56.999Z,56.9696577,23.5947230,4.749,10.067,0.782,346.747
2026-05-26T18:29:57.999Z,56.9696631,23.5947217,4.749,10.505,0.824,353.423
2026-05-26T18:29:58.999Z,56.9696661,23.5947250,4.749,10.627,0.577,5.781
2026-05-26T18:29:59.999Z,56.9696699,23.5947220,4.749,10.558,0.426,2.972
2026-05-26T18:30:00.999Z,56.9696777,23.5947222,4.749,11.195,0.659,357.099
2026-05-26T18:30:01.999Z,56.9696759,23.5947177,4.749,10.255,0.361,330.213
2026-05-26T18:30:02.999Z,56.9696914,23.5947143,4.749,10.977,1.002,347.781
2026-05-26T18:30:03.999Z,56.9696938,23.5947214,4.749,9.943,0.588,7.923
2026-05-26T18:30:04.999Z,56.9696978,23.5947232,4.749,9.717,0.568,8.277
2026-05-26T18:30:05.999Z,56.9697073,23.5947221,4.749,9.992,0.665,3.038
2026-05-26T18:30:06.999Z,56.9697097,23.5947200,4.749,9.008,0.365,356.290
2026-05-26T18:30:07.999Z,56.9697208,23.5947169,4.749,9.580,0.536,348.988
2026-05-26T18:30:08.999Z,56.9697321,23.5947111,4.749,10.020,0.727,340.562
2026-05-26T18:30:09.999Z,56.9697417,23.5947104,4.749,9.878,0.778,349.986
2026-05-26T18:30:10.999Z,56.9697444,23.5947020,4.749,8.166,0.567,340.025
2026-05-26T18:30:12.000Z,56.9697551,23.5946993,4.749,9.412,0.668,348.005
2026-05-26T18:30:13.000Z,56.9697645,23.5946949,4.749,9.019,0.790,346.636
2026-05-26T18:30:14.000Z,56.9697769,23.5946970,4.749,8.432,0.846,354.075
2026-05-26T18:30:15.000Z,56.9697772,23.5946989,4.749,7.724,0.842,-1.000
2026-05-26T18:30:16.000Z,56.9697816,23.5946977,4.749,7.900,0.572,-1.000
2026-05-26T18:30:17.000Z,56.9697989,23.5946962,4.749,9.140,0.679,344.603
2026-05-26T18:30:18.000Z,56.9698062,23.5946969,4.749,8.940,0.646,348.489
2026-05-26T18:30:19.000Z,56.9698021,23.5946935,4.749,9.836,0.317,338.510
2026-05-26T18:30:20.000Z,56.9698012,23.5946882,4.749,10.010,0.218,338.510
2026-05-26T18:30:21.000Z,56.9698029,23.5946844,4.749,10.077,0.252,338.510
2026-05-26T18:30:22.000Z,56.9698049,23.5946824,4.749,9.871,0.312,338.510
2026-05-26T18:30:23.000Z,56.9698046,23.5946854,4.749,9.659,0.188,338.510
2026-05-26T18:30:24.000Z,56.9698093,23.5946840,4.749,9.471,0.312,338.510
2026-05-26T18:30:25.000Z,56.9698121,23.5946754,4.749,7.871,0.409,328.561
2026-05-26T18:30:26.000Z,56.9698161,23.5946803,4.749,10.126,0.370,355.058
2026-05-26T18:30:27.000Z,56.9698228,23.5946809,4.749,10.253,0.557,356.716
2026-05-26T18:30:28.000Z,56.9698259,23.5946865,4.749,10.554,0.394,9.282
2026-05-26T18:30:29.000Z,56.9698371,23.5946868,4.749,10.889,0.786,1.027
2026-05-26T18:30:30.000Z,56.9698430,23.5946871,4.749,11.320,0.752,358.923
2026-05-26T18:30:31.000Z,56.9698422,23.5946891,4.749,10.728,0.425,0.815
2026-05-26T18:30:32.000Z,56.9698522,23.5946893,4.749,10.992,0.580,357.201
2026-05-26T18:30:33.000Z,56.9698621,23.5946928,4.749,12.181,0.686,5.361
2026-05-26T18:30:34.000Z,56.9698701,23.5946934,4.749,12.190,0.714,8.250
2026-05-26T18:30:35.000Z,56.9698837,23.5946877,4.749,13.466,0.996,354.019
2026-05-26T18:30:36.000Z,56.9698978,23.5946945,4.749,14.366,1.080,6.266
2026-05-26T18:30:37.000Z,56.9699039,23.5947019,4.749,14.468,0.938,14.259
2026-05-26T18:30:38.000Z,56.9699106,23.5947041,4.749,14.322,0.793,15.264
2026-05-26T18:30:39.000Z,56.9699184,23.5947085,4.749,14.316,0.768,15.720
2026-05-26T18:30:40.000Z,56.9699256,23.5947114,4.749,13.526,0.700,14.033
2026-05-26T18:30:41.000Z,56.9699314,23.5947088,4.749,13.519,0.550,1.128
2026-05-26T18:30:42.000Z,56.9699433,23.5947124,4.749,14.084,0.749,359.037
2026-05-26T18:30:43.000Z,56.9699475,23.5947117,4.749,13.364,0.503,357.509
2026-05-26T18:30:44.000Z,56.9699517,23.5947085,4.749,12.726,0.340,347.324
2026-05-26T18:30:45.000Z,56.9699578,23.5947117,4.749,11.502,0.453,350.558
2026-05-26T18:30:46.000Z,56.9699668,23.5947172,4.749,11.049,0.858,4.432
2026-05-26T18:30:47.000Z,56.9699716,23.5947158,4.749,10.297,0.796,358.983
2026-05-26T18:30:48.000Z,56.9699715,23.5947153,4.749,9.416,0.425,354.468
2026-05-26T18:30:49.000Z,56.9699722,23.5947161,4.749,8.940,0.223,353.801
2026-05-26T18:30:50.000Z,56.9699732,23.5947146,4.749,9.364,0.133,353.801
2026-05-26T18:30:51.000Z,56.9699873,23.5947109,4.749,8.771,0.565,356.755
2026-05-26T18:30:52.000Z,56.9699922,23.5947033,4.749,7.213,0.677,334.882
2026-05-26T18:30:53.000Z,56.9699970,23.5947112,4.749,8.183,0.584,359.656
2026-05-26T18:30:54.000Z,56.9700001,23.5947076,4.749,8.163,0.379,353.018
2026-05-26T18:30:55.000Z,56.9700043,23.5947078,4.749,8.483,0.487,353.018
2026-05-26T18:30:56.000Z,56.9700110,23.5947087,4.749,8.640,0.268,353.018
2026-05-26T18:30:57.000Z,56.9700261,23.5947043,4.749,8.547,0.617,352.553
2026-05-26T18:30:58.000Z,56.9700312,23.5946993,4.749,9.632,0.594,345.436
2026-05-26T18:30:59.000Z,56.9700299,23.5947062,4.749,8.964,0.321,2.514
2026-05-26T18:31:00.000Z,56.9700385,23.5947094,4.749,9.314,0.538,11.113
2026-05-26T18:31:01.000Z,56.9700449,23.5947035,4.749,8.938,0.580,352.573
2026-05-26T18:31:02.000Z,56.9700502,23.5946958,4.749,9.622,0.490,348.366
2026-05-26T18:31:03.000Z,56.9700592,23.5946899,4.749,10.358,0.555,346.536
2026-05-26T18:31:04.000Z,56.9700717,23.5946865,4.749,9.948,0.600,352.550
2026-05-26T18:31:05.000Z,56.9700779,23.5946885,4.749,10.753,0.536,354.848
2026-05-26T18:31:06.000Z,56.9700797,23.5946941,4.749,11.190,0.255,2.763
2026-05-26T18:31:07.000Z,56.9700812,23.5946952,4.749,11.376,0.138,2.763
2026-05-26T18:31:08.000Z,56.9700814,23.5946952,4.749,11.471,0.028,2.763
2026-05-26T18:31:09.000Z,56.9700862,23.5946961,4.749,11.475,0.000,2.763
2026-05-26T18:31:10.000Z,56.9700862,23.5946961,4.749,11.475,0.000,2.763
2026-05-26T18:31:11.000Z,56.9700885,23.5946928,4.749,11.535,0.018,2.763
2026-05-26T18:31:12.000Z,56.9700886,23.5946917,4.749,11.710,0.072,2.763
2026-05-26T18:31:13.000Z,56.9700925,23.5946923,4.749,11.816,0.281,2.763
2026-05-26T18:31:14.000Z,56.9700928,23.5946909,4.749,12.019,0.256,2.763
2026-05-26T18:31:15.000Z,56.9700969,23.5946889,4.749,11.728,0.372,2.763
2026-05-26T18:31:16.000Z,56.9701011,23.5946900,4.749,11.936,0.480,2.763
2026-05-26T18:31:17.000Z,56.9701011,23.5946887,4.749,11.596,0.347,356.540
2026-05-26T18:31:18.000Z,56.9701110,23.5946750,4.749,11.874,0.949,338.106
2026-05-26T18:31:19.000Z,56.9701156,23.5946772,4.749,12.156,0.788,354.302
2026-05-26T18:31:20.000Z,56.9701149,23.5946748,4.749,12.616,0.346,351.589
2026-05-26T18:31:21.000Z,56.9701130,23.5946697,4.749,12.065,0.058,355.979
2026-05-26T18:31:22.000Z,56.9701150,23.5946582,4.749,11.030,0.261,339.537
2026-05-26T18:31:23.000Z,56.9701173,23.5946600,4.749,9.799,0.237,353.183
2026-05-26T18:31:24.000Z,56.9701209,23.5946596,4.749,10.088,0.449,11.349
2026-05-26T18:31:25.000Z,56.9701255,23.5946507,4.749,10.781,0.390,337.721
2026-05-26T18:31:26.000Z,56.9701301,23.5946414,4.749,11.123,0.319,324.330
2026-05-26T18:31:27.000Z,56.9701382,23.5946422,4.749,10.993,0.341,324.330
2026-05-26T18:31:28.000Z,56.9701484,23.5946424,4.749,11.390,0.569,341.940
2026-05-26T18:31:29.000Z,56.9701577,23.5946452,4.749,12.899,0.575,355.779
2026-05-26T18:31:30.000Z,56.9701774,23.5946412,4.749,13.477,0.863,354.399
2026-05-26T18:31:31.000Z,56.9701853,23.5946510,4.749,12.001,0.750,5.663
2026-05-26T18:31:32.000Z,56.9701905,23.5946547,4.749,12.210,0.488,4.056
2026-05-26T18:31:33.000Z,56.9701907,23.5946559,4.749,11.644,0.155,0.310
2026-05-26T18:31:34.000Z,56.9701953,23.5946572,4.749,11.344,0.203,0.310
2026-05-26T18:31:35.000Z,56.9702108,23.5946531,4.749,10.896,0.847,0.790
2026-05-26T18:31:36.000Z,56.9702116,23.5946574,4.749,10.838,0.382,31.346
2026-05-26T18:31:37.000Z,56.9702217,23.5946453,4.749,10.799,0.566,357.124
2026-05-26T18:31:38.000Z,56.9702269,23.5946401,4.749,9.441,0.448,353.154
2026-05-26T18:31:39.000Z,56.9702324,23.5946399,4.749,10.142,0.405,0.031
2026-05-26T18:31:40.000Z,56.9702455,23.5946345,4.749,10.765,0.780,353.774
2026-05-26T18:31:41.000Z,56.9702507,23.5946283,4.749,11.055,0.575,345.173
2026-05-26T18:31:42.000Z,56.9702588,23.5946256,4.749,11.441,0.624,348.574
2026-05-26T18:31:43.000Z,56.9702619,23.5946242,4.749,10.965,0.449,350.073
2026-05-26T18:31:44.000Z,56.9702667,23.5946232,4.749,10.626,0.454,353.533
2026-05-26T18:31:45.000Z,56.9702787,23.5946235,4.749,9.836,0.881,358.066
2026-05-26T18:31:46.000Z,56.9702843,23.5946204,4.749,10.843,0.850,356.327
2026-05-26T18:31:47.000Z,56.9702912,23.5946223,4.749,11.544,0.785,1.118
2026-05-26T18:31:48.000Z,56.9703000,23.5946195,4.749,12.524,0.805,357.802
2026-05-26T18:31:49.000Z,56.9703058,23.5946204,4.749,12.321,0.673,359.546
2026-05-26T18:31:50.000Z,56.9703101,23.5946170,4.749,12.653,0.481,355.199
2026-05-26T18:31:51.000Z,56.9703300,23.5946097,4.749,11.756,0.994,352.289
2026-05-26T18:31:52.000Z,56.9703359,23.5946077,4.749,10.623,0.847,351.933
2026-05-26T18:31:53.000Z,56.9703375,23.5946067,4.749,10.167,0.442,347.815
2026-05-26T18:31:54.000Z,56.9703403,23.5946039,4.749,9.842,0.266,346.495
2026-05-26T18:31:55.000Z,56.9703493,23.5946018,4.749,8.874,0.394,346.495
2026-05-26T18:31:56.000Z,56.9703475,23.5946073,4.749,8.533,0.000,346.495
2026-05-26T18:31:57.000Z,56.9703486,23.5946039,4.749,8.550,0.309,330.224
2026-05-26T18:31:57.999Z,56.9703475,23.5946052,4.749,8.575,0.000,330.224
2026-05-26T18:31:58.999Z,56.9703473,23.5946048,4.749,8.854,0.000,330.224
2026-05-26T18:31:59.999Z,56.9703476,23.5946087,4.749,8.797,0.032,330.224
2026-05-26T18:32:00.999Z,56.9703474,23.5946087,4.749,8.797,0.000,330.224
2026-05-26T18:32:09.999Z,56.9703436,23.5946034,4.749,10.145,0.000,330.224
2026-05-26T18:32:18.999Z,56.9703464,23.5945865,4.749,11.660,0.105,330.224
2026-05-26T18:32:19.999Z,56.9703454,23.5945865,4.749,11.592,0.000,330.224
2026-05-26T18:32:20.999Z,56.9703453,23.5945872,4.749,11.579,0.000,330.224
2026-05-26T18:32:21.999Z,56.9703476,23.5945861,4.749,11.312,0.178,330.224
2026-05-26T18:32:22.999Z,56.9703477,23.5945824,4.749,11.597,0.224,330.224
2026-05-26T18:32:23.999Z,56.9703497,23.5945835,4.749,11.436,0.239,330.224
2026-05-26T18:32:24.999Z,56.9703536,23.5945813,4.749,11.395,0.428,330.224
2026-05-26T18:32:25.999Z,56.9703594,23.5945809,4.749,11.254,0.491,330.224
2026-05-26T18:32:27.000Z,56.9703620,23.5945815,4.749,10.990,0.440,330.224
2026-05-26T18:32:28.000Z,56.9703634,23.5945854,4.749,10.892,0.302,330.224
2026-05-26T18:32:29.000Z,56.9703696,23.5945767,4.749,11.560,0.633,326.350
2026-05-26T18:32:30.000Z,56.9703737,23.5945774,4.749,10.544,0.530,338.089
2026-05-26T18:32:31.000Z,56.9703774,23.5945793,4.749,11.266,0.414,357.342
2026-05-26T18:32:32.000Z,56.9703842,23.5945746,4.749,11.128,0.582,349.562
2026-05-26T18:32:33.000Z,56.9703876,23.5945830,4.749,10.444,0.498,359.201
2026-05-26T18:32:34.000Z,56.9703932,23.5945833,4.749,11.740,0.606,0.012
2026-05-26T18:32:35.000Z,56.9703985,23.5945825,4.749,11.453,0.639,356.577
2026-05-26T18:32:36.000Z,56.9704035,23.5945834,4.749,12.334,0.522,359.129
2026-05-26T18:32:37.000Z,56.9704125,23.5945776,4.749,13.047,0.649,348.365
2026-05-26T18:32:38.000Z,56.9704213,23.5945725,4.749,12.485,0.806,345.599
2026-05-26T18:32:39.000Z,56.9704261,23.5945688,4.749,11.614,0.640,344.794
2026-05-26T18:32:40.000Z,56.9704348,23.5945664,4.749,12.415,0.722,347.955
2026-05-26T18:32:41.000Z,56.9704422,23.5945675,4.749,12.176,0.703,354.565
2026-05-26T18:32:42.000Z,56.9704496,23.5945668,4.749,13.147,0.695,356.708
2026-05-26T18:32:43.000Z,56.9704482,23.5945687,4.749,13.228,0.180,3.810
2026-05-26T18:32:44.000Z,56.9704547,23.5945677,4.749,13.886,0.410,3.810
2026-05-26T18:32:45.000Z,56.9704685,23.5945606,4.749,14.555,0.896,354.012
2026-05-26T18:32:46.000Z,56.9704741,23.5945594,4.749,13.732,0.765,353.052
2026-05-26T18:32:47.000Z,56.9704716,23.5945604,4.749,13.598,0.302,353.559
2026-05-26T18:32:48.000Z,56.9704691,23.5945611,4.749,13.345,0.041,353.559
2026-05-26T18:32:49.000Z,56.9704678,23.5945637,4.749,13.137,0.075,353.559
2026-05-26T18:32:50.000Z,56.9704655,23.5945650,4.749,13.063,0.000,353.559
2026-05-26T18:32:57.000Z,56.9704553,23.5945668,4.749,13.087,0.000,353.559
2026-05-26T18:32:58.000Z,56.9704550,23.5945668,4.749,13.057,0.000,353.559
2026-05-26T18:32:59.000Z,56.9704550,23.5945668,4.749,13.057,0.000,353.559
2026-05-26T18:33:21.000Z,56.9704530,23.5945580,4.749,14.612,0.421,353.559
2026-05-26T18:33:22.000Z,56.9704558,23.5945552,4.749,13.288,0.415,359.151
2026-05-26T18:33:23.000Z,56.9704636,23.5945597,4.749,14.218,0.530,10.865
2026-05-26T18:33:24.000Z,56.9704704,23.5945535,4.749,14.681,0.554,357.221
2026-05-26T18:33:25.000Z,56.9704800,23.5945577,4.749,14.137,0.698,6.739
2026-05-26T18:33:26.000Z,56.9704905,23.5945505,4.749,14.022,0.846,356.677
2026-05-26T18:33:27.000Z,56.9704948,23.5945438,4.749,13.337,0.698,346.080
2026-05-26T18:33:28.000Z,56.9705013,23.5945393,4.749,13.939,0.570,346.900
2026-05-26T18:33:29.000Z,56.9705063,23.5945396,4.749,14.441,0.449,357.542
2026-05-26T18:33:30.000Z,56.9705107,23.5945393,4.749,12.297,0.850,-1.000
2026-05-26T18:33:31.000Z,56.9705252,23.5945357,4.749,14.885,0.717,356.199
2026-05-26T18:33:32.000Z,56.9705317,23.5945391,4.749,15.044,0.628,359.760
2026-05-26T18:33:33.000Z,56.9705356,23.5945398,4.749,14.688,0.475,2.882
2026-05-26T18:33:34.000Z,56.9705473,23.5945378,4.749,13.858,0.844,0.178
2026-05-26T18:33:35.000Z,56.9705546,23.5945316,4.749,14.721,0.817,355.154
2026-05-26T18:33:36.000Z,56.9705597,23.5945316,4.749,14.847,0.651,355.077
2026-05-26T18:33:37.000Z,56.9705620,23.5945323,4.749,14.326,0.428,356.596
2026-05-26T18:33:38.000Z,56.9705667,23.5945317,4.749,14.139,0.319,356.018
2026-05-26T18:33:39.000Z,56.9705766,23.5945274,4.749,15.034,0.570,354.042
2026-05-26T18:33:40.000Z,56.9705847,23.5945230,4.749,14.840,0.574,354.207
2026-05-26T18:33:41.000Z,56.9705897,23.5945155,4.749,16.202,0.637,345.704
2026-05-26T18:33:42.000Z,56.9705966,23.5945099,4.749,15.897,0.733,340.441
2026-05-26T18:33:43.000Z,56.9706020,23.5945122,4.749,14.000,0.585,348.350
2026-05-26T18:33:44.000Z,56.9706124,23.5945112,4.749,14.285,0.840,354.382
2026-05-26T18:33:45.000Z,56.9706176,23.5945213,4.749,13.756,0.772,5.115
2026-05-26T18:33:46.000Z,56.9706229,23.5945162,4.749,14.765,0.601,354.735
2026-05-26T18:33:47.000Z,56.9706220,23.5945182,4.749,13.541,0.050,354.153
2026-05-26T18:33:48.000Z,56.9706373,23.5945155,4.749,14.603,0.742,359.844
2026-05-26T18:33:49.000Z,56.9706480,23.5945140,4.749,13.601,0.645,0.937
2026-05-26T18:33:50.000Z,56.9706639,23.5945105,4.749,13.270,0.897,358.135
2026-05-26T18:33:51.000Z,56.9706628,23.5945121,4.749,12.479,0.476,3.072
2026-05-26T18:33:52.000Z,56.9706661,23.5945089,4.749,12.729,0.312,356.947
2026-05-26T18:33:53.000Z,56.9706759,23.5945136,4.749,11.920,0.715,357.452
2026-05-26T18:33:54.000Z,56.9706827,23.5945065,4.749,12.159,0.796,349.193
2026-05-26T18:33:55.000Z,56.9706909,23.5945072,4.749,12.509,0.928,356.245
2026-05-26T18:33:56.000Z,56.9706961,23.5945063,4.749,10.122,0.845,359.301
2026-05-26T18:33:57.000Z,56.9706972,23.5945021,4.749,10.490,0.646,352.976
2026-05-26T18:33:58.000Z,56.9707091,23.5944942,4.749,10.819,0.928,349.561
2026-05-26T18:33:59.000Z,56.9707147,23.5944968,4.749,11.383,0.737,0.251
2026-05-26T18:34:00.000Z,56.9707169,23.5944945,4.749,11.389,0.483,357.603
2026-05-26T18:34:01.000Z,56.9707136,23.5944938,4.749,11.780,0.008,356.137
2026-05-26T18:34:02.000Z,56.9707141,23.5944917,4.749,12.206,0.093,356.137
2026-05-26T18:34:03.000Z,56.9707135,23.5944916,4.749,12.217,0.000,356.137
2026-05-26T18:34:04.999Z,56.9707108,23.5944886,4.749,13.152,0.107,356.137
2026-05-26T18:34:05.999Z,56.9707115,23.5944883,4.749,13.293,0.224,356.137
2026-05-26T18:34:06.999Z,56.9707152,23.5944911,4.749,12.885,0.500,356.137
2026-05-26T18:34:07.999Z,56.9707206,23.5944888,4.749,13.207,0.658,351.504
2026-05-26T18:34:08.999Z,56.9707303,23.5944820,4.749,13.882,0.793,345.063
2026-05-26T18:34:09.999Z,56.9707341,23.5944825,4.749,13.119,0.612,352.422
2026-05-26T18:34:10.999Z,56.9707383,23.5944842,4.749,12.901,0.494,356.790
2026-05-26T18:34:11.999Z,56.9707433,23.5944826,4.749,13.571,0.511,355.908
2026-05-26T18:34:12.999Z,56.9707573,23.5944875,4.749,11.948,0.926,5.008
2026-05-26T18:34:13.999Z,56.9707603,23.5944943,4.749,11.363,0.566,21.342
2026-05-26T18:34:14.999Z,56.9707691,23.5944965,4.749,11.009,0.679,17.512
2026-05-26T18:34:15.999Z,56.9707793,23.5944941,4.749,10.386,0.736,8.085
2026-05-26T18:34:16.999Z,56.9707865,23.5944880,4.749,10.479,0.738,356.749
2026-05-26T18:34:17.999Z,56.9707978,23.5944867,4.749,10.886,0.666,352.323
2026-05-26T18:34:18.999Z,56.9708041,23.5944867,4.749,11.704,0.555,354.941
2026-05-26T18:34:19.999Z,56.9708114,23.5944839,4.749,12.215,0.656,353.665
2026-05-26T18:34:20.999Z,56.9708190,23.5944783,4.749,12.046,0.721,353.581
2026-05-26T18:34:21.999Z,56.9708270,23.5944782,4.749,10.838,0.824,354.711
2026-05-26T18:34:22.999Z,56.9708290,23.5944790,4.749,10.758,0.530,357.310
2026-05-26T18:34:23.999Z,56.9708341,23.5944787,4.749,10.411,0.612,358.312
2026-05-26T18:34:24.999Z,56.9708389,23.5944764,4.749,10.469,0.540,356.769
2026-05-26T18:34:25.999Z,56.9708543,23.5944776,4.749,9.484,0.880,2.126
2026-05-26T18:34:26.999Z,56.9708595,23.5944730,4.749,10.085,0.770,0.175
2026-05-26T18:34:27.999Z,56.9708623,23.5944676,4.749,10.418,0.489,356.513
2026-05-26T18:34:28.999Z,56.9708669,23.5944692,4.749,9.221,0.578,0.485
2026-05-26T18:34:29.999Z,56.9708766,23.5944617,4.749,10.260,0.765,349.322
2026-05-26T18:34:30.999Z,56.9708804,23.5944551,4.749,10.593,0.685,345.767
2026-05-26T18:34:31.999Z,56.9708783,23.5944549,4.749,9.955,0.403,339.892
2026-05-26T18:34:32.999Z,56.9708802,23.5944521,4.749,10.453,0.476,336.300
2026-05-26T18:34:34.000Z,56.9708923,23.5944469,4.749,10.572,0.862,342.012
2026-05-26T18:34:35.000Z,56.9708878,23.5944542,4.749,10.388,0.329,11.829
2026-05-26T18:34:36.000Z,56.9708998,23.5944554,4.749,9.396,0.919,5.048
2026-05-26T18:34:37.000Z,56.9709075,23.5944498,4.749,10.365,0.908,357.477
2026-05-26T18:34:38.000Z,56.9708996,23.5944626,4.749,9.921,0.311,63.356
2026-05-26T18:34:39.000Z,56.9709055,23.5944590,4.749,10.524,0.258,32.956
2026-05-26T18:34:40.000Z,56.9709180,23.5944538,4.749,10.879,0.667,4.101
2026-05-26T18:34:41.000Z,56.9709240,23.5944491,4.749,10.787,0.664,351.160
2026-05-26T18:34:42.000Z,56.9709259,23.5944478,4.749,11.592,0.498,1.092
2026-05-26T18:34:43.000Z,56.9709333,23.5944395,4.749,11.890,0.500,349.830
2026-05-26T18:34:44.000Z,56.9709423,23.5944279,4.749,11.880,0.619,346.542
2026-05-26T18:34:45.000Z,56.9709492,23.5944299,4.749,12.124,0.554,351.864
2026-05-26T18:34:46.000Z,56.9709576,23.5944394,4.749,12.043,0.677,359.654
2026-05-26T18:34:47.000Z,56.9709605,23.5944363,4.749,12.216,0.532,356.780
2026-05-26T18:34:48.000Z,56.9709618,23.5944307,4.749,12.166,0.398,346.002
2026-05-26T18:34:49.000Z,56.9709632,23.5944271,4.749,12.233,0.154,343.059
2026-05-26T18:34:50.000Z,56.9709645,23.5944264,4.749,11.983,0.083,343.059
2026-05-26T18:34:51.000Z,56.9709651,23.5944254,4.749,12.015,0.064,343.059
2026-05-26T18:34:52.000Z,56.9709645,23.5944240,4.749,11.839,0.019,343.059
2026-05-26T18:34:53.000Z,56.9709644,23.5944240,4.749,11.840,0.000,343.059
2026-05-26T18:34:55.000Z,56.9709622,23.5944223,4.749,12.189,0.018,343.059
2026-05-26T18:34:56.000Z,56.9709621,23.5944224,4.749,12.188,0.000,343.059
2026-05-26T18:35:04.000Z,56.9709688,23.5944170,4.749,14.169,0.124,343.059
2026-05-26T18:35:05.000Z,56.9709728,23.5944127,4.749,14.573,0.278,343.059
2026-05-26T18:35:06.000Z,56.9709793,23.5944129,4.749,14.452,0.487,343.059
2026-05-26T18:35:07.000Z,56.9709821,23.5944126,4.749,14.663,0.389,343.059
2026-05-26T18:35:08.000Z,56.9709912,23.5944106,4.749,14.835,0.701,353.763
2026-05-26T18:35:09.000Z,56.9709946,23.5944064,4.749,14.769,0.582,345.899
2026-05-26T18:35:10.000Z,56.9709931,23.5944063,4.749,14.383,0.253,345.657
2026-05-26T18:35:11.000Z,56.9710001,23.5943978,4.749,14.248,0.505,335.452
2026-05-26T18:35:12.000Z,56.9709996,23.5944021,4.749,12.856,0.678,-1.000
2026-05-26T18:35:13.000Z,56.9710068,23.5943942,4.749,14.378,0.546,343.644
2026-05-26T18:35:14.000Z,56.9710112,23.5943929,4.749,14.729,0.502,353.045
2026-05-26T18:35:15.000Z,56.9710148,23.5943904,4.749,14.301,0.498,354.135
2026-05-26T18:35:16.000Z,56.9710191,23.5943892,4.749,14.294,0.504,357.666
2026-05-26T18:35:17.000Z,56.9710196,23.5943838,4.749,14.615,0.374,340.783
2026-05-26T18:35:18.000Z,56.9710283,23.5943829,4.749,13.546,0.723,351.082
2026-05-26T18:35:19.000Z,56.9710377,23.5943831,4.749,14.570,0.903,356.882
2026-05-26T18:35:20.000Z,56.9710435,23.5943791,4.749,15.049,0.825,355.424
2026-05-26T18:35:21.000Z,56.9710444,23.5943754,4.749,15.176,0.537,350.999
2026-05-26T18:35:22.000Z,56.9710538,23.5943667,4.749,14.589,0.704,343.590
2026-05-26T18:35:23.000Z,56.9710596,23.5943632,4.749,14.308,0.712,344.531
2026-05-26T18:35:24.000Z,56.9710605,23.5943728,4.749,14.047,0.425,0.190
2026-05-26T18:35:25.000Z,56.9710664,23.5943712,4.749,14.373,0.522,355.103
2026-05-26T18:35:26.000Z,56.9710751,23.5943700,4.749,13.644,0.746,1.282
2026-05-26T18:35:27.000Z,56.9710853,23.5943770,4.749,12.928,0.868,10.535
2026-05-26T18:35:28.000Z,56.9710930,23.5943745,4.749,12.386,0.755,1.420
2026-05-26T18:35:29.000Z,56.9710995,23.5943809,4.749,11.377,0.551,5.421
2026-05-26T18:35:30.000Z,56.9711117,23.5943840,4.749,11.540,0.728,11.457
2026-05-26T18:35:31.000Z,56.9711237,23.5943878,4.749,11.243,0.497,9.149
2026-05-26T18:35:32.000Z,56.9711394,23.5943909,4.749,10.142,0.822,7.285
2026-05-26T18:35:33.000Z,56.9711472,23.5943861,4.749,10.398,0.708,355.746
2026-05-26T18:35:34.000Z,56.9711512,23.5943867,4.749,9.473,0.399,351.133
2026-05-26T18:35:35.000Z,56.9711559,23.5943894,4.749,8.045,0.918,-1.000
2026-05-26T18:35:36.000Z,56.9711730,23.5943848,4.749,9.229,0.859,356.505
2026-05-26T18:35:37.000Z,56.9711763,23.5943831,4.749,9.691,0.556,356.089
2026-05-26T18:35:38.000Z,56.9711810,23.5943820,4.749,10.268,0.450,357.621
2026-05-26T18:35:39.000Z,56.9711862,23.5943846,4.749,11.094,0.547,10.443
2026-05-26T18:35:40.000Z,56.9711945,23.5943801,4.749,11.045,0.688,3.262
2026-05-26T18:35:41.000Z,56.9712017,23.5943865,4.749,10.966,0.732,8.822
2026-05-26T18:35:42.000Z,56.9712054,23.5943909,4.749,10.960,0.678,11.300
2026-05-26T18:35:43.000Z,56.9712071,23.5943969,4.749,10.561,0.546,18.292
2026-05-26T18:35:44.000Z,56.9712141,23.5943916,4.749,10.147,0.612,3.629
2026-05-26T18:35:45.000Z,56.9712190,23.5943891,4.749,10.481,0.653,3.645
2026-05-26T18:35:46.000Z,56.9712233,23.5943879,4.749,10.663,0.625,3.737
2026-05-26T18:35:47.000Z,56.9712271,23.5943737,4.749,10.542,0.601,342.981
2026-05-26T18:35:48.000Z,56.9712287,23.5943774,4.749,9.899,0.545,351.351
2026-05-26T18:35:49.000Z,56.9712369,23.5943772,4.749,10.413,0.869,352.876
2026-05-26T18:35:50.000Z,56.9712435,23.5943786,4.749,10.572,0.835,357.440
2026-05-26T18:35:51.000Z,56.9712441,23.5943726,4.749,9.924,0.490,347.687
2026-05-26T18:35:52.000Z,56.9712469,23.5943796,4.749,10.363,0.363,5.012
2026-05-26T18:35:53.000Z,56.9712504,23.5943786,4.749,10.413,0.371,5.372
2026-05-26T18:35:54.000Z,56.9712630,23.5943808,4.749,11.301,0.875,5.943
2026-05-26T18:35:55.000Z,56.9712729,23.5943744,4.749,11.818,0.866,354.900
2026-05-26T18:35:56.000Z,56.9712730,23.5943708,4.749,12.272,0.474,348.479
2026-05-26T18:35:57.000Z,56.9712733,23.5943702,4.749,11.583,0.188,344.267
2026-05-26T18:35:58.000Z,56.9712720,23.5943716,4.749,11.429,0.000,344.267
2026-05-26T18:36:04.000Z,56.9712720,23.5943716,4.749,11.429,0.000,344.267
2026-05-26T18:36:21.999Z,56.9712742,23.5943664,4.749,13.233,0.111,344.267
2026-05-26T18:36:22.999Z,56.9712741,23.5943668,4.749,13.169,0.000,344.267
2026-05-26T18:36:24.999Z,56.9712747,23.5943635,4.749,13.557,0.065,344.267
2026-05-26T18:36:25.999Z,56.9712785,23.5943642,4.749,13.459,0.275,344.267
2026-05-26T18:36:26.999Z,56.9712862,23.5943613,4.749,13.411,0.580,345.570
2026-05-26T18:36:27.999Z,56.9712863,23.5943605,4.749,12.950,0.335,350.629
2026-05-26T18:36:28.999Z,56.9712887,23.5943605,4.749,12.937,0.309,350.629
2026-05-26T18:36:29.999Z,56.9712945,23.5943507,4.749,12.803,0.546,347.615
2026-05-26T18:36:30.999Z,56.9712975,23.5943542,4.749,11.912,0.540,2.924
2026-05-26T18:36:31.999Z,56.9712997,23.5943497,4.749,12.709,0.577,353.890
2026-05-26T18:36:32.999Z,56.9713038,23.5943474,4.749,12.636,0.608,354.051
2026-05-26T18:36:33.999Z,56.9713047,23.5943522,4.749,12.484,0.475,8.606
2026-05-26T18:36:34.999Z,56.9713070,23.5943401,4.749,12.646,0.352,348.886
2026-05-26T18:36:35.999Z,56.9713190,23.5943357,4.749,12.396,0.740,356.567
2026-05-26T18:36:36.999Z,56.9713240,23.5943323,4.749,12.255,0.602,359.603
2026-05-26T18:36:37.999Z,56.9713312,23.5943268,4.749,12.868,0.601,353.430
2026-05-26T18:36:38.999Z,56.9713395,23.5943222,4.749,12.461,0.664,350.920
2026-05-26T18:36:39.999Z,56.9713430,23.5943267,4.749,12.737,0.462,1.089
2026-05-26T18:36:40.999Z,56.9713514,23.5943351,4.749,12.120,0.525,11.243
2026-05-26T18:36:41.999Z,56.9713588,23.5943350,4.749,12.142,0.572,5.002
2026-05-26T18:36:42.999Z,56.9713674,23.5943295,4.749,11.206,0.667,358.885
2026-05-26T18:36:43.999Z,56.9713785,23.5943328,4.749,11.520,0.938,6.834
2026-05-26T18:36:44.999Z,56.9713785,23.5943334,4.749,11.567,0.546,9.420
2026-05-26T18:36:45.999Z,56.9713824,23.5943392,4.749,11.436,0.601,13.149
2026-05-26T18:36:47.000Z,56.9713807,23.5943369,4.749,11.544,0.171,12.310
2026-05-26T18:36:48.000Z,56.9713793,23.5943346,4.749,11.494,0.025,12.310
2026-05-26T18:36:49.000Z,56.9713833,23.5943354,4.749,11.391,0.138,12.310
2026-05-26T18:36:50.000Z,56.9713826,23.5943353,4.749,11.416,0.000,12.310
2026-05-26T18:36:51.000Z,56.9713826,23.5943353,4.749,11.416,0.000,12.310
2026-05-26T18:36:52.000Z,56.9713882,23.5943283,4.749,12.058,0.000,12.310
2026-05-26T18:36:55.000Z,56.9713925,23.5943204,4.749,11.778,0.000,12.310
2026-05-26T18:36:56.000Z,56.9713994,23.5943186,4.749,11.829,0.551,358.607
2026-05-26T18:36:57.000Z,56.9713998,23.5943217,4.749,11.798,0.335,14.936
2026-05-26T18:36:58.000Z,56.9714048,23.5943140,4.749,11.352,0.502,344.432
2026-05-26T18:36:59.000Z,56.9714120,23.5943115,4.749,10.908,0.629,347.793
2026-05-26T18:37:00.000Z,56.9714216,23.5942795,4.749,12.039,1.291,316.136
2026-05-26T18:37:01.000Z,56.9714240,23.5942871,4.749,12.402,0.734,328.906
2026-05-26T18:37:02.000Z,56.9714273,23.5942947,4.749,11.667,0.463,0.580
2026-05-26T18:37:03.000Z,56.9714364,23.5942999,4.749,12.171,0.675,6.319
2026-05-26T18:37:04.000Z,56.9714413,23.5942987,4.749,12.122,0.565,357.694
2026-05-26T18:37:05.000Z,56.9714440,23.5943037,4.749,11.499,0.418,11.061
2026-05-26T18:37:06.000Z,56.9714429,23.5943092,4.749,11.022,0.432,-1.000
2026-05-26T18:37:07.000Z,56.9714490,23.5943118,4.749,10.951,0.351,-1.000
2026-05-26T18:37:08.000Z,56.9714550,23.5943132,4.749,10.849,0.346,-1.000
2026-05-26T18:37:09.000Z,56.9714628,23.5943181,4.749,10.970,0.391,-1.000
2026-05-26T18:37:10.000Z,56.9714683,23.5943108,4.749,12.101,0.131,-1.000
2026-05-26T18:37:11.000Z,56.9714814,23.5943104,4.749,12.180,0.241,-1.000
2026-05-26T18:37:12.000Z,56.9714853,23.5942995,4.749,11.353,0.621,-1.000
2026-05-26T18:37:13.000Z,56.9714945,23.5942922,4.749,12.774,0.476,337.408
2026-05-26T18:37:14.000Z,56.9715022,23.5942942,4.749,13.462,0.536,353.900
2026-05-26T18:37:15.000Z,56.9715026,23.5942921,4.749,11.318,0.877,-1.000
2026-05-26T18:37:16.000Z,56.9715154,23.5942886,4.749,12.602,0.605,355.440
2026-05-26T18:37:17.000Z,56.9715225,23.5942817,4.749,12.842,0.648,351.146
2026-05-26T18:37:18.000Z,56.9715197,23.5942871,4.749,11.927,0.351,351.541
2026-05-26T18:37:19.000Z,56.9715249,23.5942777,4.749,12.008,0.601,312.603
2026-05-26T18:37:20.000Z,56.9715326,23.5942948,4.749,11.286,0.508,18.226
2026-05-26T18:37:21.000Z,56.9715400,23.5942931,4.749,11.320,0.669,2.022
2026-05-26T18:37:22.000Z,56.9715458,23.5942949,4.749,11.149,0.639,3.964
2026-05-26T18:37:23.000Z,56.9715502,23.5943009,4.749,10.855,0.554,11.415
2026-05-26T18:37:24.000Z,56.9715580,23.5943055,4.749,10.480,0.724,13.383
2026-05-26T18:37:25.000Z,56.9715675,23.5943136,4.749,8.706,0.777,21.691
2026-05-26T18:37:26.000Z,56.9715837,23.5943099,4.749,9.465,1.015,7.419
2026-05-26T18:37:27.000Z,56.9715961,23.5943154,4.749,9.024,0.947,9.072
2026-05-26T18:37:28.000Z,56.9715929,23.5943213,4.749,7.166,0.891,-1.000
2026-05-26T18:37:29.000Z,56.9716011,23.5943344,4.749,8.107,0.298,54.655
2026-05-26T18:37:30.000Z,56.9716118,23.5943552,4.749,7.864,0.884,48.418
2026-05-26T18:37:31.000Z,56.9716251,23.5943579,4.749,8.235,0.835,29.498
2026-05-26T18:37:32.000Z,56.9716330,23.5943618,4.749,7.665,0.716,22.568
2026-05-26T18:37:33.000Z,56.9716428,23.5943670,4.749,8.656,0.793,17.723
2026-05-26T18:37:34.000Z,56.9716441,23.5943733,4.749,8.807,0.614,25.846
2026-05-26T18:37:35.000Z,56.9716497,23.5943895,4.749,8.534,0.794,33.680
2026-05-26T18:37:36.000Z,56.9716581,23.5944022,4.749,8.897,0.999,34.668
2026-05-26T18:37:37.000Z,56.9716670,23.5944099,4.749,8.138,0.915,29.591
2026-05-26T18:37:38.000Z,56.9716715,23.5944119,4.749,8.025,0.706,24.182
2026-05-26T18:37:39.000Z,56.9716769,23.5944149,4.749,6.301,0.759,16.868
2026-05-26T18:37:40.000Z,56.9716834,23.5944141,4.749,7.230,0.737,6.496
2026-05-26T18:37:41.000Z,56.9716954,23.5944241,4.749,7.726,1.075,12.819
2026-05-26T18:37:42.000Z,56.9716956,23.5944363,4.749,8.202,0.899,27.384
2026-05-26T18:37:43.000Z,56.9716888,23.5944358,4.749,6.598,0.301,56.493
2026-05-26T18:37:44.000Z,56.9716976,23.5944452,4.749,7.927,0.346,45.302
2026-05-26T18:37:45.000Z,56.9716934,23.5944497,4.749,8.609,0.268,45.302
2026-05-26T18:37:46.000Z,56.9716959,23.5944480,4.749,8.625,0.147,45.302
2026-05-26T18:37:47.000Z,56.9716954,23.5944487,4.749,8.604,0.094,45.302
2026-05-26T18:37:48.000Z,56.9717076,23.5944550,4.749,8.607,0.537,31.188
2026-05-26T18:37:49.000Z,56.9717116,23.5944545,4.749,8.515,0.630,14.935
2026-05-26T18:37:50.000Z,56.9717127,23.5944568,4.749,7.705,0.500,16.573
2026-05-26T18:37:51.000Z,56.9717127,23.5944683,4.749,7.692,0.417,54.210
2026-05-26T18:37:52.000Z,56.9717236,23.5944754,4.749,7.267,0.665,39.390
2026-05-26T18:37:53.000Z,56.9717322,23.5944797,4.749,8.296,0.653,27.737
2026-05-26T18:37:54.000Z,56.9717413,23.5944779,4.749,9.019,0.602,21.996
2026-05-26T18:37:55.000Z,56.9717504,23.5944780,4.749,9.120,0.678,18.844
2026-05-26T18:37:56.000Z,56.9717617,23.5944749,4.749,9.121,0.780,10.131
2026-05-26T18:37:57.000Z,56.9717691,23.5944723,4.749,8.783,0.712,6.486
2026-05-26T18:37:58.000Z,56.9717777,23.5944778,4.749,7.686,0.700,15.260
2026-05-26T18:37:59.000Z,56.9717764,23.5944833,4.749,6.882,0.811,-1.000
2026-05-26T18:38:00.000Z,56.9717744,23.5944973,4.749,6.471,0.499,115.485
2026-05-26T18:38:01.000Z,56.9717810,23.5945043,4.749,6.431,0.459,88.073
2026-05-26T18:38:02.000Z,56.9717872,23.5945205,4.749,6.168,0.686,78.054
2026-05-26T18:38:03.000Z,56.9717982,23.5945407,4.749,8.005,0.924,66.547
2026-05-26T18:38:04.000Z,56.9718168,23.5945490,4.749,8.507,0.954,40.129
2026-05-26T18:38:05.000Z,56.9718285,23.5945610,4.749,8.633,0.887,39.342
2026-05-26T18:38:06.000Z,56.9718267,23.5945618,4.749,7.441,0.821,-1.000
2026-05-26T18:38:07.000Z,56.9718286,23.5945744,4.749,7.350,0.393,97.650
2026-05-26T18:38:08.000Z,56.9718441,23.5945794,4.749,7.595,0.491,29.079
2026-05-26T18:38:09.000Z,56.9718497,23.5946035,4.749,7.582,0.935,60.404
2026-05-26T18:38:10.000Z,56.9718608,23.5946137,4.749,8.337,1.042,49.174
2026-05-26T18:38:11.000Z,56.9718640,23.5946214,4.749,8.170,0.758,49.996
2026-05-26T18:38:12.000Z,56.9718671,23.5946306,4.749,7.062,0.628,54.053
2026-05-26T18:38:13.000Z,56.9718757,23.5946482,4.749,9.160,0.826,46.350
2026-05-26T18:38:14.000Z,56.9718879,23.5946521,4.749,9.609,0.873,32.523
2026-05-26T18:38:15.000Z,56.9718983,23.5946588,4.749,10.110,0.928,30.811
2026-05-26T18:38:15.999Z,56.9719033,23.5946654,4.749,10.421,0.679,34.337
2026-05-26T18:38:16.999Z,56.9719092,23.5946726,4.749,10.544,0.685,38.158
2026-05-26T18:38:17.999Z,56.9719179,23.5946718,4.749,10.796,0.606,28.825
2026-05-26T18:38:18.999Z,56.9719161,23.5946764,4.749,9.754,0.351,44.888
2026-05-26T18:38:19.999Z,56.9719241,23.5946784,4.749,10.739,0.417,29.916
2026-05-26T18:38:20.999Z,56.9719358,23.5946934,4.749,11.443,0.728,36.269
2026-05-26T18:38:21.999Z,56.9719412,23.5946846,4.749,12.123,0.296,1.077
2026-05-26T18:38:22.999Z,56.9719476,23.5946923,4.749,11.715,0.384,12.842
2026-05-26T18:38:23.999Z,56.9719490,23.5946959,4.749,11.092,0.170,12.842
2026-05-26T18:38:24.999Z,56.9719575,23.5947085,4.749,11.387,0.646,31.039
2026-05-26T18:38:25.999Z,56.9719560,23.5947112,4.749,11.219,0.296,41.385
2026-05-26T18:38:26.999Z,56.9719575,23.5947204,4.749,11.480,0.504,46.000
2026-05-26T18:38:27.999Z,56.9719591,23.5947226,4.749,11.411,0.338,53.255
2026-05-26T18:38:28.999Z,56.9719688,23.5947287,4.749,11.620,0.728,26.518
2026-05-26T18:38:29.999Z,56.9719675,23.5947297,4.749,11.362,0.295,13.603
2026-05-26T18:38:30.999Z,56.9719702,23.5947338,4.749,11.611,0.298,13.603
2026-05-26T18:38:31.999Z,56.9719751,23.5947339,4.749,11.446,0.389,13.603
2026-05-26T18:38:32.999Z,56.9719755,23.5947358,4.749,11.419,0.230,13.603
2026-05-26T18:38:33.999Z,56.9719796,23.5947368,4.749,11.351,0.259,13.603
2026-05-26T18:38:34.999Z,56.9719803,23.5947396,4.749,11.148,0.242,13.603
2026-05-26T18:38:35.999Z,56.9719908,23.5947416,4.749,11.332,0.684,10.937
2026-05-26T18:38:36.999Z,56.9719899,23.5947394,4.749,10.740,0.229,0.775
2026-05-26T18:38:37.999Z,56.9719886,23.5947423,4.749,11.161,0.000,-1.000
2026-05-26T18:38:41.999Z,56.9719872,23.5947411,4.749,11.003,0.090,-1.000
2026-05-26T18:38:42.999Z,56.9719871,23.5947410,4.749,11.043,0.000,-1.000
2026-05-26T18:38:48.999Z,56.9719936,23.5947340,4.749,12.405,0.062,-1.000
2026-05-26T18:38:49.999Z,56.9719926,23.5947322,4.749,12.487,0.037,-1.000
2026-05-26T18:38:50.999Z,56.9719915,23.5947302,4.749,12.142,0.083,-1.000
2026-05-26T18:38:51.999Z,56.9719914,23.5947303,4.749,12.178,0.000,-1.000
2026-05-26T18:39:03.000Z,56.9719940,23.5947264,4.749,12.345,0.053,-1.000
2026-05-26T18:39:04.000Z,56.9719939,23.5947265,4.749,12.368,0.000,-1.000
2026-05-26T18:39:08.000Z,56.9719964,23.5947235,4.749,12.070,0.033,-1.000
2026-05-26T18:39:09.000Z,56.9719963,23.5947235,4.749,12.081,0.000,-1.000
2026-05-26T18:39:10.000Z,56.9719963,23.5947235,4.749,12.081,0.000,-1.000
2026-05-26T18:39:12.000Z,56.9719964,23.5947208,4.749,11.787,0.060,-1.000
2026-05-26T18:39:13.000Z,56.9719971,23.5947213,4.749,11.368,0.214,-1.000
2026-05-26T18:39:14.000Z,56.9719959,23.5947202,4.749,11.164,0.086,-1.000
2026-05-26T18:39:15.000Z,56.9719969,23.5947224,4.749,10.925,0.183,-1.000
2026-05-26T18:39:16.000Z,56.9719974,23.5947222,4.749,11.044,0.038,-1.000
2026-05-26T18:39:17.000Z,56.9719990,23.5947223,4.749,11.012,0.071,-1.000
2026-05-26T18:39:18.000Z,56.9719990,23.5947233,4.749,10.936,0.128,-1.000
2026-05-26T18:39:19.000Z,56.9719993,23.5947249,4.749,10.792,0.102,-1.000
2026-05-26T18:39:20.000Z,56.9719957,23.5947260,4.749,10.707,0.000,-1.000
2026-05-26T18:39:22.000Z,56.9719957,23.5947315,4.749,10.993,0.114,-1.000
2026-05-26T18:39:23.000Z,56.9719958,23.5947338,4.749,10.984,0.131,-1.000
2026-05-26T18:39:24.000Z,56.9719953,23.5947340,4.749,11.073,0.049,-1.000
2026-05-26T18:39:25.000Z,56.9719974,23.5947349,4.749,11.270,0.111,-1.000
2026-05-26T18:39:26.000Z,56.9719938,23.5947343,4.749,10.997,0.214,-1.000
2026-05-26T18:39:27.000Z,56.9719921,23.5947374,4.749,11.160,0.059,-1.000
2026-05-26T18:39:28.000Z,56.9719919,23.5947383,4.749,11.146,0.052,-1.000
2026-05-26T18:39:29.000Z,56.9719921,23.5947404,4.749,11.161,0.022,-1.000
2026-05-26T18:39:30.000Z,56.9719922,23.5947420,4.749,11.162,0.000,-1.000
2026-05-26T18:39:31.000Z,56.9719925,23.5947433,4.749,11.217,0.058,-1.000
2026-05-26T18:39:32.000Z,56.9719920,23.5947435,4.749,11.484,0.000,-1.000
2026-05-26T18:39:39.000Z,56.9719940,23.5947461,4.749,11.324,0.077,-1.000
2026-05-26T18:39:40.000Z,56.9719942,23.5947465,4.749,11.359,0.000,-1.000
2026-05-26T18:39:42.000Z,56.9719962,23.5947458,4.749,11.440,0.000,-1.000
2026-05-26T18:39:46.000Z,56.9719985,23.5947448,4.749,11.476,0.092,-1.000
2026-05-26T18:39:47.000Z,56.9719986,23.5947452,4.749,11.555,0.000,-1.000
2026-05-26T18:39:48.000Z,56.9719997,23.5947455,4.749,11.415,0.123,-1.000
2026-05-26T18:39:49.000Z,56.9720008,23.5947458,4.749,11.554,0.048,-1.000
2026-05-26T18:39:50.000Z,56.9719993,23.5947467,4.749,11.219,0.139,-1.000
2026-05-26T18:39:51.000Z,56.9719974,23.5947500,4.749,11.006,0.000,-1.000
2026-05-26T18:39:54.000Z,56.9719970,23.5947505,4.749,10.363,0.046,-1.000
2026-05-26T18:39:55.000Z,56.9719969,23.5947506,4.749,10.377,0.000,-1.000
2026-05-26T18:40:01.000Z,56.9719969,23.5947506,4.749,10.377,0.000,-1.000
2026-05-26T18:40:04.000Z,56.9719995,23.5947506,4.749,10.796,0.041,-1.000
2026-05-26T18:40:05.000Z,56.9719999,23.5947497,4.749,10.727,0.070,-1.000
2026-05-26T18:40:06.000Z,56.9720001,23.5947498,4.749,10.817,0.000,-1.000
2026-05-26T18:40:09.000Z,56.9720027,23.5947495,4.749,10.859,0.050,-1.000
2026-05-26T18:40:10.000Z,56.9720029,23.5947506,4.749,11.034,0.045,-1.000
2026-05-26T18:40:11.000Z,56.9720030,23.5947505,4.749,11.047,0.000,-1.000
2026-05-26T18:40:14.000Z,56.9720035,23.5947494,4.749,11.052,0.099,-1.000
2026-05-26T18:40:15.000Z,56.9720017,23.5947466,4.749,10.245,0.470,-1.000
2026-05-26T18:40:16.000Z,56.9720038,23.5947579,4.749,10.143,0.469,-1.000
2026-05-26T18:40:17.000Z,56.9720073,23.5947636,4.749,10.035,0.249,84.046
2026-05-26T18:40:18.000Z,56.9720032,23.5947700,4.749,9.327,0.335,111.520
2026-05-26T18:40:19.000Z,56.9720060,23.5947703,4.749,9.392,0.200,106.279
2026-05-26T18:40:20.000Z,56.9720112,23.5947703,4.749,9.469,0.111,106.279
2026-05-26T18:40:21.000Z,56.9720134,23.5947712,4.749,9.595,0.065,106.279
2026-05-26T18:40:21.999Z,56.9720140,23.5947772,4.749,9.076,0.206,106.279
2026-05-26T18:40:22.999Z,56.9720193,23.5947746,4.749,9.170,0.081,106.279
2026-05-26T18:40:23.999Z,56.9720316,23.5947771,4.749,9.617,0.207,106.279
2026-05-26T18:40:24.999Z,56.9720329,23.5947905,4.749,10.425,0.248,106.279
2026-05-26T18:40:25.999Z,56.9720422,23.5947966,4.749,11.479,0.305,106.279
2026-05-26T18:40:26.999Z,56.9720493,23.5948052,4.749,11.644,0.159,106.279
2026-05-26T18:40:27.999Z,56.9720468,23.5948193,4.749,10.881,0.500,99.511
2026-05-26T18:40:28.999Z,56.9720605,23.5948258,4.749,11.054,0.562,45.471
2026-05-26T18:40:29.999Z,56.9720694,23.5948294,4.749,10.852,0.520,28.351
2026-05-26T18:40:30.999Z,56.9720801,23.5948431,4.749,10.698,0.896,29.092
2026-05-26T18:40:31.999Z,56.9720812,23.5948361,4.749,9.987,0.443,13.214
2026-05-26T18:40:32.999Z,56.9720827,23.5948353,4.749,10.265,0.377,5.595
2026-05-26T18:40:33.999Z,56.9720759,23.5948342,4.749,7.968,0.785,-1.000
2026-05-26T18:40:34.999Z,56.9720818,23.5948309,4.749,9.131,0.056,-1.000
2026-05-26T18:40:35.999Z,56.9720882,23.5948369,4.749,8.671,0.338,-1.000
2026-05-26T18:40:36.999Z,56.9720973,23.5948371,4.749,8.239,0.389,-1.000
2026-05-26T18:40:37.999Z,56.9720997,23.5948356,4.749,7.245,0.690,-1.000
2026-05-26T18:40:38.999Z,56.9721089,23.5948319,4.749,7.862,0.224,-1.000
2026-05-26T18:40:39.999Z,56.9721159,23.5948324,4.749,8.229,0.099,-1.000
2026-05-26T18:40:40.999Z,56.9721165,23.5948345,4.749,7.440,0.554,-1.000
2026-05-26T18:40:41.999Z,56.9721248,23.5948353,4.749,8.398,0.117,-1.000
2026-05-26T18:40:42.999Z,56.9721340,23.5948365,4.749,8.443,0.165,-1.000
2026-05-26T18:40:43.999Z,56.9721419,23.5948343,4.749,8.165,0.340,-1.000
2026-05-26T18:40:44.999Z,56.9721472,23.5948410,4.749,8.620,0.216,-1.000
2026-05-26T18:40:45.999Z,56.9721523,23.5948406,4.749,8.934,0.095,-1.000
2026-05-26T18:40:46.999Z,56.9721584,23.5948486,4.749,8.853,0.255,-1.000
2026-05-26T18:40:47.999Z,56.9721624,23.5948632,4.749,8.996,0.344,-1.000
2026-05-26T18:40:48.999Z,56.9721670,23.5948706,4.749,9.493,0.229,-1.000
2026-05-26T18:40:49.999Z,56.9721686,23.5948851,4.749,9.350,0.406,-1.000
2026-05-26T18:40:50.999Z,56.9721666,23.5948930,4.749,8.601,0.474,-1.000
2026-05-26T18:40:51.999Z,56.9721655,23.5948987,4.749,8.656,0.316,-1.000
2026-05-26T18:40:52.999Z,56.9721662,23.5949018,4.749,8.540,0.174,-1.000
2026-05-26T18:40:53.999Z,56.9721651,23.5949074,4.749,8.305,0.220,-1.000
2026-05-26T18:40:54.999Z,56.9721631,23.5949148,4.749,8.300,0.168,-1.000
2026-05-26T18:40:55.999Z,56.9721618,23.5949237,4.749,8.104,0.283,-1.000
2026-05-26T18:40:56.999Z,56.9721654,23.5949361,4.749,8.271,0.387,-1.000
2026-05-26T18:40:57.999Z,56.9721658,23.5949451,4.749,8.872,0.232,-1.000
2026-05-26T18:40:58.999Z,56.9721674,23.5949555,4.749,9.090,0.263,-1.000
2026-05-26T18:40:59.999Z,56.9721698,23.5949650,4.749,9.062,0.394,-1.000
2026-05-26T18:41:00.999Z,56.9721735,23.5949654,4.749,9.453,0.096,-1.000
2026-05-26T18:41:01.999Z,56.9721716,23.5949729,4.749,9.410,0.183,-1.000
2026-05-26T18:41:02.999Z,56.9721727,23.5949798,4.749,9.960,0.129,-1.000
2026-05-26T18:41:03.999Z,56.9721745,23.5950029,4.749,9.910,0.626,89.399
2026-05-26T18:41:04.999Z,56.9721731,23.5950098,4.749,9.968,0.521,94.287
2026-05-26T18:41:06.000Z,56.9721690,23.5950217,4.749,9.169,0.552,103.120
2026-05-26T18:41:07.000Z,56.9721714,23.5950171,4.749,9.624,0.131,107.007
2026-05-26T18:41:08.000Z,56.9721713,23.5950219,4.749,9.690,0.204,107.007
2026-05-26T18:41:09.000Z,56.9721713,23.5950305,4.749,9.961,0.241,107.007
2026-05-26T18:41:10.000Z,56.9721637,23.5950325,4.749,9.159,0.409,139.969
2026-05-26T18:41:11.000Z,56.9721633,23.5950387,4.749,9.014,0.360,129.920
2026-05-26T18:41:12.000Z,56.9721645,23.5950495,4.749,9.716,0.395,107.615
2026-05-26T18:41:13.000Z,56.9721602,23.5950623,4.749,9.441,0.665,109.052
2026-05-26T18:41:14.000Z,56.9721589,23.5950690,4.749,9.769,0.517,110.782
2026-05-26T18:41:15.000Z,56.9721580,23.5950726,4.749,9.681,0.315,110.392
2026-05-26T18:41:16.000Z,56.9721557,23.5950937,4.749,9.794,0.579,112.994
2026-05-26T18:41:17.000Z,56.9721533,23.5951077,4.749,9.548,0.643,112.533
2026-05-26T18:41:18.000Z,56.9721551,23.5951342,4.749,9.244,0.842,97.123
2026-05-26T18:41:19.000Z,56.9721433,23.5951305,4.749,8.064,0.563,158.256
2026-05-26T18:41:20.000Z,56.9721429,23.5951499,4.749,8.524,0.676,137.102
2026-05-26T18:41:21.000Z,56.9721408,23.5951622,4.749,8.946,0.544,132.666
2026-05-26T18:41:22.000Z,56.9721412,23.5951775,4.749,8.414,0.547,119.055
2026-05-26T18:41:23.000Z,56.9721344,23.5952002,4.749,7.717,0.921,123.584
2026-05-26T18:41:24.000Z,56.9721330,23.5952117,4.749,8.092,0.802,123.575
2026-05-26T18:41:25.000Z,56.9721273,23.5952282,4.749,7.779,0.866,127.906
2026-05-26T18:41:26.000Z,56.9721285,23.5952497,4.749,8.251,0.925,109.965
2026-05-26T18:41:27.000Z,56.9721290,23.5952669,4.749,8.040,0.907,106.573
2026-05-26T18:41:28.000Z,56.9721246,23.5952778,4.749,7.519,0.776,117.741
2026-05-26T18:41:29.000Z,56.9721259,23.5953041,4.749,8.544,0.870,110.254
2026-05-26T18:41:30.000Z,56.9721261,23.5953193,4.749,8.472,0.732,103.853
2026-05-26T18:41:31.000Z,56.9721224,23.5953359,4.749,8.031,0.635,103.634
2026-05-26T18:41:32.000Z,56.9721175,23.5953444,4.749,8.139,0.474,115.418
2026-05-26T18:41:33.000Z,56.9721125,23.5953531,4.749,7.995,0.517,116.595
2026-05-26T18:41:34.000Z,56.9721118,23.5953527,4.749,7.947,0.142,116.807
2026-05-26T18:41:35.000Z,56.9721116,23.5953525,4.749,7.923,0.042,116.807
2026-05-26T18:41:36.000Z,56.9721117,23.5953522,4.749,7.923,0.000,116.807
2026-05-26T18:41:39.000Z,56.9721150,23.5953625,4.749,8.197,0.080,116.807
2026-05-26T18:41:40.000Z,56.9721151,23.5953620,4.749,8.196,0.000,116.807
2026-05-26T18:41:41.000Z,56.9721168,23.5953645,4.749,8.287,0.020,116.807
2026-05-26T18:41:42.000Z,56.9721169,23.5953643,4.749,8.285,0.000,116.807
2026-05-26T18:41:43.000Z,56.9721183,23.5953674,4.749,8.374,0.079,116.807
2026-05-26T18:41:44.000Z,56.9721199,23.5953696,4.749,8.591,0.043,116.807
2026-05-26T18:41:45.000Z,56.9721200,23.5953693,4.749,8.591,0.000,116.807
2026-05-26T18:41:46.000Z,56.9721200,23.5953693,4.749,8.591,0.000,116.807
2026-05-26T18:41:52.000Z,56.9721205,23.5953893,4.749,8.591,0.502,116.807
2026-05-26T18:41:53.000Z,56.9721208,23.5953921,4.749,8.835,0.306,99.480
2026-05-26T18:41:54.000Z,56.9721191,23.5954016,4.749,8.721,0.483,99.480
2026-05-26T18:41:55.000Z,56.9721196,23.5954113,4.749,8.788,0.553,91.352
2026-05-26T18:41:56.000Z,56.9721174,23.5954114,4.749,8.725,0.296,104.991
2026-05-26T18:41:57.000Z,56.9721166,23.5954140,4.749,8.646,0.233,104.991
2026-05-26T18:41:58.000Z,56.9721173,23.5954140,4.749,8.926,0.092,104.991
2026-05-26T18:41:59.000Z,56.9721171,23.5954134,4.749,8.943,0.000,104.991
2026-05-26T18:42:00.000Z,56.9721178,23.5954138,4.749,9.334,0.017,104.991
2026-05-26T18:42:01.000Z,56.9721179,23.5954133,4.749,9.341,0.000,104.991
2026-05-26T18:42:03.000Z,56.9721158,23.5954112,4.749,9.222,0.019,104.991
2026-05-26T18:42:04.000Z,56.9721158,23.5954110,4.749,9.225,0.000,104.991
2026-05-26T18:42:06.000Z,56.9721130,23.5954147,4.749,9.355,0.146,104.991
2026-05-26T18:42:07.000Z,56.9721139,23.5954133,4.749,9.295,0.082,104.991
2026-05-26T18:42:08.000Z,56.9721142,23.5954077,4.749,9.296,0.021,104.991
2026-05-26T18:42:09.000Z,56.9721142,23.5954061,4.749,9.293,0.000,104.991
2026-05-26T18:42:12.000Z,56.9721105,23.5954070,4.749,9.106,0.066,104.991
2026-05-26T18:42:13.000Z,56.9721073,23.5954125,4.749,8.877,0.331,104.991
2026-05-26T18:42:14.000Z,56.9721030,23.5954207,4.749,8.477,0.529,122.969
2026-05-26T18:42:15.000Z,56.9720972,23.5954278,4.749,8.612,0.629,136.082
2026-05-26T18:42:16.000Z,56.9720983,23.5954326,4.749,8.699,0.431,126.685
2026-05-26T18:42:17.000Z,56.9720944,23.5954446,4.749,8.465,0.660,123.300
2026-05-26T18:42:18.000Z,56.9720930,23.5954678,4.749,9.062,1.089,113.413
2026-05-26T18:42:19.000Z,56.9720942,23.5954746,4.749,9.437,0.796,106.228
2026-05-26T18:42:20.000Z,56.9720961,23.5954797,4.749,9.949,0.489,86.766
2026-05-26T18:42:21.000Z,56.9720922,23.5954860,4.749,9.677,0.313,103.108
2026-05-26T18:42:22.000Z,56.9720892,23.5954915,4.749,9.358,0.151,103.648
2026-05-26T18:42:23.000Z,56.9720806,23.5955061,4.749,8.799,0.689,139.704
2026-05-26T18:42:24.000Z,56.9720772,23.5955263,4.749,9.113,0.794,120.604
2026-05-26T18:42:25.000Z,56.9720758,23.5955375,4.749,8.807,0.645,109.534
2026-05-26T18:42:26.000Z,56.9720725,23.5955523,4.749,9.583,0.656,110.553
2026-05-26T18:42:27.000Z,56.9720691,23.5955687,4.749,10.026,0.694,109.171
2026-05-26T18:42:27.999Z,56.9720634,23.5955967,4.749,10.231,0.949,111.134
2026-05-26T18:42:28.999Z,56.9720605,23.5956068,4.749,10.200,0.679,115.781
2026-05-26T18:42:29.999Z,56.9720542,23.5956107,4.749,9.962,0.508,130.773
2026-05-26T18:42:30.999Z,56.9720500,23.5956128,4.749,9.786,0.300,140.506
2026-05-26T18:42:31.999Z,56.9720424,23.5956382,4.749,9.713,1.009,125.553
2026-05-26T18:42:32.999Z,56.9720362,23.5956496,4.749,9.057,0.926,127.686
2026-05-26T18:42:33.999Z,56.9720323,23.5956756,4.749,8.939,1.144,114.276
2026-05-26T18:42:34.999Z,56.9720304,23.5956809,4.749,8.870,0.740,110.443
2026-05-26T18:42:35.999Z,56.9720225,23.5956890,4.749,8.678,0.687,126.132
2026-05-26T18:42:36.999Z,56.9720157,23.5956956,4.749,8.101,0.679,137.051
2026-05-26T18:42:37.999Z,56.9720064,23.5956952,4.749,7.355,0.667,153.276
2026-05-26T18:42:38.999Z,56.9720037,23.5957109,4.749,8.199,0.612,137.339
2026-05-26T18:42:39.999Z,56.9719993,23.5957197,4.749,7.856,0.559,148.034
2026-05-26T18:42:40.999Z,56.9719990,23.5957301,4.749,7.759,0.390,134.656
2026-05-26T18:42:41.999Z,56.9719917,23.5957436,4.749,8.404,0.653,136.799
2026-05-26T18:42:42.999Z,56.9719845,23.5957671,4.749,8.469,0.995,131.531
2026-05-26T18:42:43.999Z,56.9719795,23.5957739,4.749,7.563,0.621,137.808
2026-05-26T18:42:44.999Z,56.9719747,23.5957843,4.749,7.586,0.605,138.816
2026-05-26T18:42:45.999Z,56.9719760,23.5957930,4.749,8.235,0.488,118.548
2026-05-26T18:42:46.999Z,56.9719727,23.5957902,4.749,8.067,0.270,129.992
2026-05-26T18:42:47.999Z,56.9719697,23.5957868,4.749,8.359,0.195,129.992
2026-05-26T18:42:48.999Z,56.9719650,23.5957821,4.749,7.916,0.217,129.992
2026-05-26T18:42:49.999Z,56.9719631,23.5957831,4.749,8.330,0.182,129.992
2026-05-26T18:42:50.999Z,56.9719560,23.5957876,4.749,8.152,0.368,129.992
2026-05-26T18:42:51.999Z,56.9719511,23.5957957,4.749,7.950,0.422,129.992
2026-05-26T18:42:52.999Z,56.9719447,23.5957963,4.749,7.941,0.315,129.992
2026-05-26T18:42:53.999Z,56.9719375,23.5957935,4.749,7.972,0.288,129.992
2026-05-26T18:42:54.999Z,56.9719265,23.5958016,4.749,6.932,0.928,156.421
2026-05-26T18:42:55.999Z,56.9719311,23.5958165,4.749,8.939,0.613,120.105
2026-05-26T18:42:56.999Z,56.9719314,23.5958254,4.749,8.684,0.452,99.762
2026-05-26T18:42:57.999Z,56.9719319,23.5958361,4.749,9.161,0.511,91.014
2026-05-26T18:42:58.999Z,56.9719301,23.5958607,4.749,9.041,0.895,93.763
2026-05-26T18:42:59.999Z,56.9719237,23.5958678,4.749,7.942,0.677,109.177
2026-05-26T18:43:00.999Z,56.9719260,23.5958798,4.749,8.245,0.611,91.543
2026-05-26T18:43:01.999Z,56.9719251,23.5958998,4.749,8.995,0.822,94.962
2026-05-26T18:43:02.999Z,56.9719216,23.5959093,4.749,9.327,0.581,110.132
2026-05-26T18:43:03.999Z,56.9719147,23.5959312,4.749,8.419,0.927,117.754
2026-05-26T18:43:04.999Z,56.9719205,23.5959587,4.749,9.777,1.020,96.809
2026-05-26T18:43:05.999Z,56.9719166,23.5959674,4.749,9.408,0.771,100.942
2026-05-26T18:43:06.999Z,56.9719086,23.5959821,4.749,8.882,0.819,111.837
2026-05-26T18:43:07.999Z,56.9719084,23.5959778,4.749,8.542,0.234,109.822
2026-05-26T18:43:08.999Z,56.9719064,23.5959946,4.749,9.003,0.517,113.010
2026-05-26T18:43:09.999Z,56.9719060,23.5960135,4.749,8.827,0.739,102.303
2026-05-26T18:43:10.999Z,56.9719043,23.5960370,4.749,9.377,0.911,107.665
2026-05-26T18:43:11.999Z,56.9719011,23.5960475,4.749,9.006,0.714,116.443
2026-05-26T18:43:12.999Z,56.9719035,23.5960599,4.749,8.558,0.487,112.795
2026-05-26T18:43:14.000Z,56.9719019,23.5960791,4.749,9.662,0.527,108.986
2026-05-26T18:43:15.000Z,56.9718988,23.5960974,4.749,9.414,0.619,107.045
2026-05-26T18:43:16.000Z,56.9718961,23.5961081,4.749,9.800,0.616,110.413
2026-05-26T18:43:17.000Z,56.9718879,23.5961225,4.749,9.043,0.695,128.921
2026-05-26T18:43:18.000Z,56.9718803,23.5961370,4.749,8.418,0.767,137.256
2026-05-26T18:43:19.000Z,56.9718801,23.5961425,4.749,9.002,0.460,143.734
2026-05-26T18:43:20.000Z,56.9718815,23.5961471,4.749,8.871,0.495,-1.000
2026-05-26T18:43:21.000Z,56.9718846,23.5961500,4.749,9.204,0.000,-1.000
2026-05-26T18:43:23.000Z,56.9718875,23.5961565,4.749,8.936,0.110,-1.000
2026-05-26T18:43:24.000Z,56.9718880,23.5961567,4.749,8.980,0.000,-1.000
2026-05-26T18:43:26.000Z,56.9718841,23.5961657,4.749,8.398,0.175,-1.000
2026-05-26T18:43:27.000Z,56.9718813,23.5961697,4.749,8.366,0.139,-1.000
2026-05-26T18:43:28.000Z,56.9718779,23.5961685,4.749,7.506,0.617,-1.000
2026-05-26T18:43:29.000Z,56.9718762,23.5961792,4.749,7.491,0.267,137.590
2026-05-26T18:43:30.000Z,56.9718765,23.5961903,4.749,7.949,0.355,114.278
2026-05-26T18:43:31.000Z,56.9718719,23.5962081,4.749,8.543,0.752,120.339
2026-05-26T18:43:32.000Z,56.9718699,23.5962268,4.749,8.768,0.900,112.640
2026-05-26T18:43:33.000Z,56.9718680,23.5962344,4.749,8.806,0.596,113.126
2026-05-26T18:43:34.000Z,56.9718661,23.5962517,4.749,8.645,0.713,107.529
2026-05-26T18:43:35.000Z,56.9718715,23.5962588,4.749,8.469,0.434,79.504
2026-05-26T18:43:36.000Z,56.9718688,23.5962731,4.749,8.611,0.609,97.404
2026-05-26T18:43:37.000Z,56.9718675,23.5962883,4.749,8.827,0.687,97.635
2026-05-26T18:43:38.000Z,56.9718559,23.5963028,4.749,7.711,0.932,123.282
2026-05-26T18:43:39.000Z,56.9718497,23.5963132,4.749,7.223,0.850,132.112
2026-05-26T18:43:40.000Z,56.9718421,23.5963272,4.749,7.112,0.870,132.911
2026-05-26T18:43:41.000Z,56.9718400,23.5963472,4.749,7.979,1.001,121.434
2026-05-26T18:43:42.000Z,56.9718339,23.5963534,4.749,7.147,0.806,131.507
2026-05-26T18:43:43.000Z,56.9718337,23.5963573,4.749,7.501,0.372,117.953
2026-05-26T18:43:44.000Z,56.9718312,23.5963781,4.749,7.707,0.618,101.293
2026-05-26T18:43:45.000Z,56.9718249,23.5963873,4.749,7.295,0.575,121.489
2026-05-26T18:43:46.000Z,56.9718190,23.5963920,4.749,6.810,0.470,138.481
2026-05-26T18:43:47.000Z,56.9718113,23.5964063,4.749,6.571,0.735,133.615
2026-05-26T18:43:48.000Z,56.9718084,23.5964069,4.749,6.348,0.503,135.149
2026-05-26T18:43:49.000Z,56.9718108,23.5964118,4.749,6.510,0.293,130.855
2026-05-26T18:43:50.000Z,56.9718150,23.5964150,4.749,7.097,0.076,130.855
2026-05-26T18:43:51.000Z,56.9718107,23.5964247,4.749,6.970,0.358,132.973
2026-05-26T18:43:52.000Z,56.9718077,23.5964395,4.749,7.319,0.760,129.290
2026-05-26T18:43:53.000Z,56.9718072,23.5964492,4.749,7.689,0.633,117.816
2026-05-26T18:43:54.000Z,56.9718089,23.5964579,4.749,7.894,0.529,102.892
2026-05-26T18:43:55.000Z,56.9718058,23.5964659,4.749,7.766,0.475,105.989
2026-05-26T18:43:56.000Z,56.9717997,23.5964859,4.749,7.780,0.842,107.670
2026-05-26T18:43:57.000Z,56.9717939,23.5964898,4.749,7.196,0.556,116.299
2026-05-26T18:43:58.000Z,56.9717904,23.5965028,4.749,7.037,0.610,116.890
2026-05-26T18:43:59.000Z,56.9717882,23.5965265,4.749,7.069,0.970,110.521
2026-05-26T18:44:00.000Z,56.9717847,23.5965340,4.749,6.886,0.711,116.001
2026-05-26T18:44:01.000Z,56.9717824,23.5965459,4.749,6.998,0.724,115.640
2026-05-26T18:44:02.000Z,56.9717793,23.5965545,4.749,6.874,0.689,117.787
2026-05-26T18:44:03.000Z,56.9717870,23.5965711,4.749,9.015,0.654,90.097
2026-05-26T18:44:04.000Z,56.9717892,23.5965832,4.749,9.355,0.624,81.858
2026-05-26T18:44:05.000Z,56.9717933,23.5966034,4.749,10.251,0.903,75.404
2026-05-26T18:44:06.000Z,56.9717902,23.5966179,4.749,10.002,0.806,84.515
2026-05-26T18:44:07.000Z,56.9717813,23.5966123,4.749,9.539,0.251,122.793
2026-05-26T18:44:08.000Z,56.9717769,23.5966136,4.749,8.785,0.240,122.793
2026-05-26T18:44:09.000Z,56.9717775,23.5966120,4.749,8.829,0.000,122.793
2026-05-26T18:44:11.000Z,56.9717777,23.5966201,4.749,8.713,0.172,122.793
2026-05-26T18:44:12.000Z,56.9717791,23.5966236,4.749,8.565,0.175,122.793
2026-05-26T18:44:13.000Z,56.9717714,23.5966351,4.749,7.745,0.782,124.044
2026-05-26T18:44:14.000Z,56.9717752,23.5966385,4.749,8.346,0.447,97.296
2026-05-26T18:44:15.000Z,56.9717735,23.5966421,4.749,8.051,0.344,98.408
2026-05-26T18:44:16.000Z,56.9717724,23.5966475,4.749,7.828,0.343,98.408
2026-05-26T18:44:17.000Z,56.9717701,23.5966631,4.749,7.700,0.763,100.871
2026-05-26T18:44:18.000Z,56.9717713,23.5966699,4.749,7.944,0.602,95.648
2026-05-26T18:44:19.000Z,56.9717687,23.5966740,4.749,7.552,0.461,110.476
2026-05-26T18:44:20.000Z,56.9717681,23.5966795,4.749,7.798,0.360,107.190
2026-05-26T18:44:21.000Z,56.9717683,23.5966911,4.749,7.723,0.508,108.019
2026-05-26T18:44:22.000Z,56.9717706,23.5966962,4.749,7.367,0.337,108.019
2026-05-26T18:44:23.000Z,56.9717685,23.5967216,4.749,7.345,0.991,102.440
2026-05-26T18:44:24.000Z,56.9717731,23.5967402,4.749,7.502,1.055,86.815
2026-05-26T18:44:25.000Z,56.9717709,23.5967513,4.749,7.323,0.872,94.671
2026-05-26T18:44:26.000Z,56.9717707,23.5967585,4.749,7.156,0.571,96.078
2026-05-26T18:44:27.000Z,56.9717714,23.5967756,4.749,6.788,0.644,92.981
2026-05-26T18:44:28.000Z,56.9717710,23.5967901,4.749,6.880,0.623,96.374
2026-05-26T18:44:29.000Z,56.9717723,23.5968044,4.749,7.832,0.563,94.253
2026-05-26T18:44:30.000Z,56.9717743,23.5968245,4.749,7.983,0.706,91.118
2026-05-26T18:44:31.000Z,56.9717719,23.5968311,4.749,7.469,0.556,105.466
2026-05-26T18:44:32.000Z,56.9717753,23.5968408,4.749,7.846,0.495,94.315
2026-05-26T18:44:33.000Z,56.9717769,23.5968560,4.749,8.062,0.721,91.100
2026-05-26T18:44:33.999Z,56.9717764,23.5968654,4.749,8.168,0.591,97.709
2026-05-26T18:44:34.999Z,56.9717747,23.5968731,4.749,8.415,0.457,98.971
2026-05-26T18:44:35.999Z,56.9717729,23.5968795,4.749,7.944,0.442,99.512
2026-05-26T18:44:36.999Z,56.9717730,23.5968929,4.749,8.017,0.599,97.539
2026-05-26T18:44:37.999Z,56.9717711,23.5968988,4.749,8.201,0.536,104.728
2026-05-26T18:44:38.999Z,56.9717708,23.5969110,4.749,8.594,0.606,104.705
2026-05-26T18:44:39.999Z,56.9717716,23.5969234,4.749,9.251,0.597,100.250
2026-05-26T18:44:40.999Z,56.9717728,23.5969341,4.749,9.480,0.537,98.912
2026-05-26T18:44:41.999Z,56.9717701,23.5969416,4.749,9.298,0.448,112.881
2026-05-26T18:44:42.999Z,56.9717688,23.5969433,4.749,9.537,0.208,112.982
2026-05-26T18:44:43.999Z,56.9717692,23.5969452,4.749,9.430,0.111,112.982
2026-05-26T18:44:44.999Z,56.9717671,23.5969471,4.749,9.277,0.146,112.982
2026-05-26T18:44:45.999Z,56.9717651,23.5969576,4.749,9.027,0.547,121.763
2026-05-26T18:44:46.999Z,56.9717638,23.5969701,4.749,8.794,0.649,115.698
2026-05-26T18:44:47.999Z,56.9717634,23.5969810,4.749,9.497,0.612,109.974
2026-05-26T18:44:48.999Z,56.9717632,23.5969867,4.749,9.284,0.431,107.928
2026-05-26T18:44:49.999Z,56.9717613,23.5970006,4.749,9.153,0.572,106.569
2026-05-26T18:44:50.999Z,56.9717632,23.5970062,4.749,8.001,0.362,101.726
2026-05-26T18:44:51.999Z,56.9717557,23.5970141,4.749,7.176,0.533,149.331
2026-05-26T18:44:52.999Z,56.9717533,23.5970257,4.749,8.312,0.466,140.532
2026-05-26T18:44:53.999Z,56.9717532,23.5970391,4.749,9.126,0.512,131.249
2026-05-26T18:44:54.999Z,56.9717490,23.5970457,4.749,7.925,0.548,143.913
2026-05-26T18:44:55.999Z,56.9717473,23.5970602,4.749,8.484,0.572,122.413
2026-05-26T18:44:56.999Z,56.9717487,23.5970683,4.749,8.641,0.498,111.075
2026-05-26T18:44:57.999Z,56.9717537,23.5970847,4.749,10.133,0.540,91.483
2026-05-26T18:44:58.999Z,56.9717505,23.5970966,4.749,9.898,0.520,100.514
2026-05-26T18:44:59.999Z,56.9717440,23.5971147,4.749,8.607,0.749,112.684
2026-05-26T18:45:00.999Z,56.9717445,23.5971294,4.749,9.249,0.639,102.973
2026-05-26T18:45:01.999Z,56.9717430,23.5971413,4.749,9.050,0.527,99.562
2026-05-26T18:45:02.999Z,56.9717436,23.5971633,4.749,10.073,0.744,89.875
2026-05-26T18:45:03.999Z,56.9717365,23.5971743,4.749,8.843,0.672,112.915
2026-05-26T18:45:04.999Z,56.9717319,23.5971821,4.749,8.721,0.648,119.811
2026-05-26T18:45:05.999Z,56.9717322,23.5971833,4.749,8.021,0.317,118.574
2026-05-26T18:45:06.999Z,56.9717322,23.5971917,4.749,7.891,0.154,109.760
2026-05-26T18:45:07.999Z,56.9717288,23.5972065,4.749,7.283,0.458,100.440
2026-05-26T18:45:08.999Z,56.9717264,23.5972260,4.749,7.430,0.734,100.973
2026-05-26T18:45:09.999Z,56.9717210,23.5972411,4.749,6.786,0.826,108.294
2026-05-26T18:45:10.999Z,56.9717165,23.5972617,4.749,7.484,1.027,112.533
2026-05-26T18:45:11.999Z,56.9717129,23.5972763,4.749,6.872,0.815,116.139
2026-05-26T18:45:12.999Z,56.9717105,23.5972858,4.749,6.608,0.594,116.308
2026-05-26T18:45:13.999Z,56.9717096,23.5973043,4.749,7.010,0.778,107.759
2026-05-26T18:45:14.999Z,56.9717092,23.5973133,4.749,7.020,0.619,108.849
2026-05-26T18:45:15.999Z,56.9717088,23.5973305,4.749,6.989,0.696,108.350
2026-05-26T18:45:16.999Z,56.9717044,23.5973541,4.749,7.091,1.053,112.996
2026-05-26T18:45:17.999Z,56.9716983,23.5973693,4.749,7.003,1.086,122.359
2026-05-26T18:45:18.999Z,56.9716974,23.5973804,4.749,7.569,0.863,120.473
2026-05-26T18:45:19.999Z,56.9716936,23.5973856,4.749,7.596,0.636,129.313
2026-05-26T18:45:20.999Z,56.9716921,23.5974004,4.749,7.778,0.697,123.703
2026-05-26T18:45:21.999Z,56.9716854,23.5974087,4.749,7.258,0.716,140.946
2026-05-26T18:45:22.999Z,56.9716813,23.5974186,4.749,7.426,0.573,140.130
2026-05-26T18:45:23.999Z,56.9716809,23.5974302,4.749,7.770,0.346,123.283
2026-05-26T18:45:24.999Z,56.9716697,23.5974445,4.749,7.126,0.719,145.743
2026-05-26T18:45:25.999Z,56.9716632,23.5974573,4.749,6.937,0.747,141.223
2026-05-26T18:45:26.999Z,56.9716564,23.5974718,4.749,6.334,0.833,136.359
2026-05-26T18:45:27.999Z,56.9716565,23.5974910,4.749,7.182,0.763,121.951
2026-05-26T18:45:28.999Z,56.9716485,23.5975034,4.749,6.632,0.828,132.892
2026-05-26T18:45:29.999Z,56.9716513,23.5975144,4.749,7.723,0.595,116.603
2026-05-26T18:45:30.999Z,56.9716470,23.5975242,4.749,7.404,0.546,118.599
2026-05-26T18:45:31.999Z,56.9716450,23.5975320,4.749,7.072,0.422,120.719
2026-05-26T18:45:32.999Z,56.9716391,23.5975492,4.749,7.074,0.656,123.791
2026-05-26T18:45:34.000Z,56.9716394,23.5975552,4.749,7.513,0.511,124.855
2026-05-26T18:45:35.000Z,56.9716411,23.5975530,4.749,8.169,0.068,120.732
2026-05-26T18:45:36.000Z,56.9716326,23.5975713,4.749,7.926,0.745,131.324
2026-05-26T18:45:37.000Z,56.9716292,23.5975795,4.749,8.186,0.655,136.720
2026-05-26T18:45:38.000Z,56.9716264,23.5975839,4.749,7.802,0.504,140.801
2026-05-26T18:45:39.000Z,56.9716271,23.5975818,4.749,7.667,0.188,145.097
2026-05-26T18:45:40.000Z,56.9716250,23.5975890,4.749,8.110,0.244,145.097
2026-05-26T18:45:41.000Z,56.9716227,23.5975981,4.749,8.235,0.340,145.097
2026-05-26T18:45:42.000Z,56.9716209,23.5976098,4.749,8.926,0.414,142.158
2026-05-26T18:45:43.000Z,56.9716155,23.5976200,4.749,8.724,0.628,144.343
2026-05-26T18:45:44.000Z,56.9716084,23.5976207,4.749,10.493,0.650,169.294
2026-05-26T18:45:45.000Z,56.9716073,23.5976305,4.749,10.139,0.440,150.322
2026-05-26T18:45:46.000Z,56.9716074,23.5976432,4.749,10.762,0.376,122.759
2026-05-26T18:45:47.000Z,56.9716035,23.5976603,4.749,10.759,0.697,123.641
2026-05-26T18:45:48.000Z,56.9716047,23.5976722,4.749,11.230,0.626,112.348
2026-05-26T18:45:49.000Z,56.9715993,23.5976803,4.749,10.227,0.561,123.350
2026-05-26T18:45:50.000Z,56.9715946,23.5976967,4.749,11.035,0.560,125.339
2026-05-26T18:45:51.000Z,56.9715869,23.5977064,4.749,9.480,0.611,134.528
2026-05-26T18:45:52.000Z,56.9715822,23.5977101,4.749,9.643,0.542,144.563
2026-05-26T18:45:53.000Z,56.9715780,23.5977273,4.749,9.754,0.632,133.714
2026-05-26T18:45:54.000Z,56.9715716,23.5977407,4.749,9.617,0.818,131.997
2026-05-26T18:45:55.000Z,56.9715606,23.5977516,4.749,9.026,1.162,144.892
2026-05-26T18:45:56.000Z,56.9715644,23.5977596,4.749,9.089,0.641,125.740
2026-05-26T18:45:57.000Z,56.9715642,23.5977646,4.749,9.431,0.390,117.480
2026-05-26T18:45:58.000Z,56.9715604,23.5977758,4.749,9.309,0.600,119.192
2026-05-26T18:45:59.000Z,56.9715567,23.5977803,4.749,9.611,0.485,129.305
2026-05-26T18:46:00.000Z,56.9715538,23.5977876,4.749,9.766,0.470,128.854
2026-05-26T18:46:01.000Z,56.9715505,23.5977898,4.749,9.547,0.371,138.200
2026-05-26T18:46:02.000Z,56.9715464,23.5977982,4.749,9.489,0.470,133.892
2026-05-26T18:46:03.000Z,56.9715454,23.5978049,4.749,9.360,0.417,132.914
2026-05-26T18:46:04.000Z,56.9715390,23.5978115,4.749,8.999,0.574,136.389
2026-05-26T18:46:05.000Z,56.9715364,23.5978177,4.749,8.826,0.458,133.967
2026-05-26T18:46:06.000Z,56.9715333,23.5978236,4.749,8.669,0.451,134.613
2026-05-26T18:46:07.000Z,56.9715252,23.5978419,4.749,8.491,0.798,131.628
2026-05-26T18:46:08.000Z,56.9715217,23.5978509,4.749,8.692,0.631,130.284
2026-05-26T18:46:09.000Z,56.9715170,23.5978673,4.749,8.279,0.789,123.774
2026-05-26T18:46:10.000Z,56.9715086,23.5978763,4.749,7.825,0.796,136.000
2026-05-26T18:46:11.000Z,56.9715035,23.5978851,4.749,7.917,0.647,139.641
2026-05-26T18:46:12.000Z,56.9714985,23.5978954,4.749,8.207,0.619,139.120
2026-05-26T18:46:13.000Z,56.9714894,23.5979088,4.749,7.606,0.873,141.087
2026-05-26T18:46:14.000Z,56.9714849,23.5979218,4.749,7.444,0.830,135.358
2026-05-26T18:46:15.000Z,56.9714824,23.5979384,4.749,7.090,0.800,126.237
2026-05-26T18:46:16.000Z,56.9714787,23.5979551,4.749,7.428,0.703,124.311
2026-05-26T18:46:17.000Z,56.9714751,23.5979716,4.749,7.222,0.787,125.386
2026-05-26T18:46:18.000Z,56.9714724,23.5979879,4.749,7.529,0.795,123.898
2026-05-26T18:46:19.000Z,56.9714702,23.5979989,4.749,7.481,0.732,124.542
2026-05-26T18:46:20.000Z,56.9714671,23.5980048,4.749,7.604,0.634,132.083
2026-05-26T18:46:21.000Z,56.9714580,23.5980159,4.749,6.458,0.858,141.216
2026-05-26T18:46:22.000Z,56.9714581,23.5980242,4.749,6.664,0.603,137.843
2026-05-26T18:46:23.000Z,56.9714533,23.5980302,4.749,6.105,0.606,144.876
2026-05-26T18:46:24.000Z,56.9714483,23.5980413,4.749,6.385,0.675,136.840
2026-05-26T18:46:25.000Z,56.9714438,23.5980567,4.749,5.883,0.847,131.999
2026-05-26T18:46:26.000Z,56.9714363,23.5980716,4.749,5.557,1.054,135.200
2026-05-26T18:46:27.000Z,56.9714414,23.5980822,4.749,7.230,0.600,114.748
2026-05-26T18:46:28.000Z,56.9714354,23.5980845,4.749,6.383,0.391,141.542
2026-05-26T18:46:29.000Z,56.9714312,23.5981034,4.749,6.062,0.632,130.738
2026-05-26T18:46:30.000Z,56.9714250,23.5981195,4.749,6.323,0.894,131.162
2026-05-26T18:46:31.000Z,56.9714279,23.5981089,4.749,5.906,0.433,-1.000
2026-05-26T18:46:32.000Z,56.9714233,23.5981165,4.749,5.502,0.369,162.965
2026-05-26T18:46:33.000Z,56.9714153,23.5981423,4.749,5.863,0.938,144.689
2026-05-26T18:46:34.000Z,56.9714088,23.5981632,4.749,6.303,1.206,134.895
2026-05-26T18:46:35.000Z,56.9714058,23.5981806,4.749,5.921,1.038,128.667
2026-05-26T18:46:36.000Z,56.9714006,23.5981845,4.749,6.049,0.700,140.679
2026-05-26T18:46:37.000Z,56.9713949,23.5981970,4.749,6.108,0.687,140.786
2026-05-26T18:46:38.000Z,56.9713970,23.5982106,4.749,7.313,0.399,112.863
2026-05-26T18:46:39.000Z,56.9713925,23.5982298,4.749,7.977,0.736,116.067
2026-05-26T18:46:39.999Z,56.9713854,23.5982443,4.749,7.483,0.698,127.515
2026-05-26T18:46:40.999Z,56.9713804,23.5982553,4.749,7.256,0.748,129.428
2026-05-26T18:46:41.999Z,56.9713771,23.5982626,4.749,7.404,0.697,130.908
2026-05-26T18:46:42.999Z,56.9713762,23.5982672,4.749,7.896,0.453,128.727
2026-05-26T18:46:43.999Z,56.9713700,23.5982789,4.749,8.109,0.697,130.220
2026-05-26T18:46:44.999Z,56.9713716,23.5982837,4.749,8.853,0.617,131.073
2026-05-26T18:46:45.999Z,56.9713719,23.5982899,4.749,9.218,0.541,122.101
2026-05-26T18:46:46.999Z,56.9713685,23.5982922,4.749,8.907,0.408,127.935
2026-05-26T18:46:47.999Z,56.9713629,23.5983044,4.749,8.572,0.684,131.482
2026-05-26T18:46:48.999Z,56.9713581,23.5983194,4.749,8.694,0.843,132.926
2026-05-26T18:46:49.999Z,56.9713570,23.5983348,4.749,9.395,0.793,121.755
2026-05-26T18:46:50.999Z,56.9713535,23.5983407,4.749,9.545,0.558,127.969
2026-05-26T18:46:51.999Z,56.9713510,23.5983541,4.749,9.668,0.627,122.578
2026-05-26T18:46:52.999Z,56.9713430,23.5983619,4.749,8.855,0.667,138.521
2026-05-26T18:46:53.999Z,56.9713416,23.5983799,4.749,9.656,0.781,121.799
2026-05-26T18:46:54.999Z,56.9713339,23.5983907,4.749,9.214,0.774,129.533
2026-05-26T18:46:55.999Z,56.9713303,23.5983928,4.749,8.799,0.508,135.314
2026-05-26T18:46:56.999Z,56.9713245,23.5984014,4.749,8.480,0.584,139.009
2026-05-26T18:46:57.999Z,56.9713203,23.5984106,4.749,8.355,0.552,134.893
2026-05-26T18:46:58.999Z,56.9713141,23.5984258,4.749,7.753,0.727,135.090
2026-05-26T18:46:59.999Z,56.9713160,23.5984367,4.749,8.931,0.593,117.897
2026-05-26T18:47:00.999Z,56.9713196,23.5984537,4.749,9.270,0.688,97.978
2026-05-26T18:47:01.999Z,56.9713206,23.5984673,4.749,9.854,0.666,97.342
2026-05-26T18:47:02.999Z,56.9713215,23.5984890,4.749,10.643,0.816,97.806
2026-05-26T18:47:03.999Z,56.9713205,23.5985084,4.749,11.395,0.837,104.604
2026-05-26T18:47:04.999Z,56.9713189,23.5985290,4.749,12.515,1.000,113.278
2026-05-26T18:47:05.999Z,56.9713117,23.5985330,4.749,12.466,0.788,128.182
2026-05-26T18:47:06.999Z,56.9713064,23.5985375,4.749,12.076,0.666,132.890
2026-05-26T18:47:07.999Z,56.9712960,23.5985354,4.749,11.754,0.665,158.972
2026-05-26T18:47:08.999Z,56.9712863,23.5985432,4.749,11.380,0.839,158.047
2026-05-26T18:47:09.999Z,56.9712853,23.5985520,4.749,11.363,0.518,139.313
2026-05-26T18:47:10.999Z,56.9712823,23.5985514,4.749,10.529,0.282,138.525
2026-05-26T18:47:11.999Z,56.9712795,23.5985527,4.749,10.448,0.213,137.973
2026-05-26T18:47:12.999Z,56.9712740,23.5985620,4.749,10.236,0.331,137.973
2026-05-26T18:47:13.999Z,56.9712691,23.5985724,4.749,10.060,0.489,134.731
2026-05-26T18:47:14.999Z,56.9712607,23.5985748,4.749,9.486,0.637,150.987
2026-05-26T18:47:15.999Z,56.9712496,23.5985856,4.749,8.642,0.819,152.046
2026-05-26T18:47:16.999Z,56.9712390,23.5985848,4.749,7.476,0.811,166.697
2026-05-26T18:47:17.999Z,56.9712345,23.5985957,4.749,8.322,0.663,156.612
2026-05-26T18:47:18.999Z,56.9712318,23.5986048,4.749,8.422,0.446,143.419
2026-05-26T18:47:19.999Z,56.9712308,23.5986103,4.749,8.734,0.326,137.775
2026-05-26T18:47:20.999Z,56.9712276,23.5986091,4.749,8.209,0.115,137.775
2026-05-26T18:47:21.999Z,56.9712300,23.5986139,4.749,8.633,0.077,137.775
2026-05-26T18:47:22.999Z,56.9712306,23.5986139,4.749,8.711,0.020,137.775
2026-05-26T18:47:23.999Z,56.9712306,23.5986150,4.749,9.057,0.071,137.775
2026-05-26T18:47:24.999Z,56.9712309,23.5986146,4.749,9.050,0.000,137.775
2026-05-26T18:47:26.999Z,56.9712290,23.5986102,4.749,9.293,0.046,137.775
2026-05-26T18:47:27.999Z,56.9712292,23.5986099,4.749,9.289,0.000,137.775
2026-05-26T18:47:28.999Z,56.9712257,23.5986088,4.749,8.774,0.000,137.775
2026-05-26T18:47:29.999Z,56.9712264,23.5986094,4.749,8.972,0.042,137.775
2026-05-26T18:47:30.999Z,56.9712265,23.5986092,4.749,8.968,0.000,137.775
2026-05-26T18:47:32.999Z,56.9712249,23.5986020,4.749,9.205,0.090,137.775
2026-05-26T18:47:33.999Z,56.9712250,23.5986013,4.749,9.191,0.000,137.775
2026-05-26T18:47:37.999Z,56.9712254,23.5985938,4.749,9.300,0.013,137.775
2026-05-26T18:47:38.999Z,56.9712254,23.5985938,4.749,9.305,0.000,137.775
2026-05-26T18:47:39.999Z,56.9712240,23.5985942,4.749,9.083,0.012,137.775
2026-05-26T18:47:40.999Z,56.9712242,23.5985938,4.749,9.111,0.000,137.775
2026-05-26T18:47:41.999Z,56.9712254,23.5985925,4.749,9.101,0.012,137.775
2026-05-26T18:47:42.999Z,56.9712254,23.5985922,4.749,9.097,0.000,137.775
2026-05-26T18:47:49.000Z,56.9712336,23.5986024,4.749,8.711,0.000,137.775
2026-05-26T18:47:53.000Z,56.9712331,23.5986055,4.749,9.087,0.019,137.775
2026-05-26T18:47:54.000Z,56.9712338,23.5986061,4.749,9.158,0.000,137.775
2026-05-26T18:47:55.000Z,56.9712283,23.5986128,4.749,8.796,0.300,137.775
2026-05-26T18:47:56.000Z,56.9712269,23.5986227,4.749,9.215,0.479,137.775
2026-05-26T18:47:57.000Z,56.9712266,23.5986285,4.749,9.285,0.407,127.545
2026-05-26T18:47:58.000Z,56.9712191,23.5986243,4.749,8.614,0.562,170.041
2026-05-26T18:47:59.000Z,56.9712163,23.5986325,4.749,8.416,0.594,154.297
2026-05-26T18:48:00.000Z,56.9712121,23.5986388,4.749,8.680,0.651,151.248
2026-05-26T18:48:01.000Z,56.9712120,23.5986422,4.749,8.836,0.410,141.111
2026-05-26T18:48:02.000Z,56.9712069,23.5986544,4.749,8.731,0.634,138.084
2026-05-26T18:48:03.000Z,56.9712022,23.5986652,4.749,9.646,0.695,137.094
2026-05-26T18:48:04.000Z,56.9711928,23.5986854,4.749,9.356,0.975,133.941
2026-05-26T18:48:05.000Z,56.9711917,23.5986938,4.749,9.722,0.703,123.628
2026-05-26T18:48:06.000Z,56.9711831,23.5987053,4.749,9.309,0.698,134.091
2026-05-26T18:48:07.000Z,56.9711725,23.5987217,4.749,8.667,0.831,135.088
2026-05-26T18:48:08.000Z,56.9711719,23.5987234,4.749,8.920,0.427,138.212
2026-05-26T18:48:09.000Z,56.9711634,23.5987482,4.749,8.603,0.653,121.834
2026-05-26T18:48:10.000Z,56.9711694,23.5987574,4.749,10.038,0.341,105.122
2026-05-26T18:48:11.000Z,56.9711720,23.5987657,4.749,10.448,0.372,90.273
2026-05-26T18:48:12.000Z,56.9711701,23.5987773,4.749,10.834,0.388,108.745
2026-05-26T18:48:13.000Z,56.9711602,23.5987881,4.749,10.211,0.603,123.832
2026-05-26T18:48:14.000Z,56.9711582,23.5987901,4.749,10.199,0.458,129.854
2026-05-26T18:48:15.000Z,56.9711556,23.5987983,4.749,10.234,0.485,124.483
2026-05-26T18:48:16.000Z,56.9711513,23.5988073,4.749,10.183,0.604,122.431
2026-05-26T18:48:17.000Z,56.9711457,23.5988129,4.749,10.164,0.527,129.075
2026-05-26T18:48:18.000Z,56.9711439,23.5988270,4.749,10.143,0.499,117.052
2026-05-26T18:48:19.000Z,56.9711437,23.5988472,4.749,10.057,0.710,111.919
2026-05-26T18:48:20.000Z,56.9711439,23.5988671,4.749,10.416,0.788,108.291
2026-05-26T18:48:21.000Z,56.9711398,23.5988810,4.749,10.088,0.760,109.865
2026-05-26T18:48:22.000Z,56.9711318,23.5988825,4.749,8.779,0.559,135.710
2026-05-26T18:48:23.000Z,56.9711324,23.5988994,4.749,9.792,0.628,116.313
2026-05-26T18:48:24.000Z,56.9711285,23.5989115,4.749,10.138,0.712,119.982
2026-05-26T18:48:25.000Z,56.9711242,23.5989268,4.749,9.257,0.663,113.565
2026-05-26T18:48:26.000Z,56.9711203,23.5989373,4.749,7.976,0.573,120.416
2026-05-26T18:48:27.000Z,56.9711145,23.5989502,4.749,8.462,0.688,123.417
2026-05-26T18:48:28.000Z,56.9711157,23.5989622,4.749,8.053,0.535,104.939
2026-05-26T18:48:29.000Z,56.9711093,23.5989700,4.749,7.789,0.483,118.853
2026-05-26T18:48:30.000Z,56.9711041,23.5989749,4.749,7.419,0.493,132.940
2026-05-26T18:48:31.000Z,56.9711023,23.5989891,4.749,7.553,0.600,124.498
2026-05-26T18:48:32.000Z,56.9710999,23.5989944,4.749,7.568,0.415,121.326
2026-05-26T18:48:33.000Z,56.9710908,23.5989972,4.749,7.307,0.563,139.606
2026-05-26T18:48:34.000Z,56.9710840,23.5990129,4.749,6.787,0.754,139.835
2026-05-26T18:48:35.000Z,56.9710812,23.5990143,4.749,7.346,0.485,143.872
2026-05-26T18:48:36.000Z,56.9710771,23.5990221,4.749,7.247,0.565,140.490
2026-05-26T18:48:37.000Z,56.9710722,23.5990276,4.749,6.705,0.477,143.885
2026-05-26T18:48:38.000Z,56.9710677,23.5990416,4.749,6.761,0.605,136.244
2026-05-26T18:48:39.000Z,56.9710650,23.5990625,4.749,7.542,0.857,121.528
2026-05-26T18:48:40.000Z,56.9710675,23.5990818,4.749,7.796,0.878,102.262
2026-05-26T18:48:41.000Z,56.9710636,23.5991054,4.749,7.977,1.101,107.501
2026-05-26T18:48:42.000Z,56.9710580,23.5991216,4.749,7.365,1.000,112.804
2026-05-26T18:48:43.000Z,56.9710559,23.5991379,4.749,7.875,0.886,113.791
2026-05-26T18:48:44.000Z,56.9710513,23.5991493,4.749,7.677,0.688,122.307
2026-05-26T18:48:45.000Z,56.9710470,23.5991647,4.749,7.763,0.672,124.821
2026-05-26T18:48:45.999Z,56.9710413,23.5991841,4.749,7.993,0.826,128.514
2026-05-26T18:48:46.999Z,56.9710382,23.5992070,4.749,9.041,0.891,123.956
2026-05-26T18:48:47.999Z,56.9710317,23.5992170,4.749,9.045,0.868,132.155
2026-05-26T18:48:48.999Z,56.9710248,23.5992312,4.749,8.999,0.958,134.655
2026-05-26T18:48:49.999Z,56.9710182,23.5992398,4.749,8.926,0.862,144.171
2026-05-26T18:48:50.999Z,56.9710101,23.5992447,4.749,8.963,0.766,157.754
2026-05-26T18:48:51.999Z,56.9710070,23.5992613,4.749,9.785,0.722,140.094
2026-05-26T18:48:52.999Z,56.9710007,23.5992733,4.749,9.389,0.691,134.535
2026-05-26T18:48:53.999Z,56.9709935,23.5992803,4.749,9.360,0.775,140.950
2026-05-26T18:48:54.999Z,56.9709917,23.5992960,4.749,10.341,0.708,130.235
2026-05-26T18:48:55.999Z,56.9709880,23.5993078,4.749,9.588,0.610,125.139
2026-05-26T18:48:56.999Z,56.9709794,23.5993237,4.749,9.966,0.786,134.617
2026-05-26T18:48:57.999Z,56.9709706,23.5993360,4.749,10.615,0.971,141.800
2026-05-26T18:48:58.999Z,56.9709660,23.5993497,4.749,10.561,0.813,134.516
2026-05-26T18:48:59.999Z,56.9709633,23.5993623,4.749,10.523,0.608,126.066
2026-05-26T18:49:00.999Z,56.9709600,23.5993752,4.749,9.528,0.685,125.680
2026-05-26T18:49:01.999Z,56.9709693,23.5993879,4.749,11.087,0.619,82.274
2026-05-26T18:49:02.999Z,56.9709628,23.5994087,4.749,10.679,1.006,103.155
2026-05-26T18:49:03.999Z,56.9709556,23.5994117,4.749,10.447,0.756,120.616
2026-05-26T18:49:04.999Z,56.9709515,23.5994241,4.749,10.182,0.830,119.439
2026-05-26T18:49:05.999Z,56.9709491,23.5994386,4.749,10.148,0.634,111.175
2026-05-26T18:49:06.999Z,56.9709434,23.5994556,4.749,9.937,0.791,115.784
2026-05-26T18:49:07.999Z,56.9709379,23.5994584,4.749,9.651,0.594,125.264
2026-05-26T18:49:08.999Z,56.9709346,23.5994715,4.749,9.707,0.639,121.735
2026-05-26T18:49:09.999Z,56.9709297,23.5994772,4.749,9.299,0.576,132.514
2026-05-26T18:49:10.999Z,56.9709266,23.5994802,4.749,8.428,0.427,142.676
2026-05-26T18:49:11.999Z,56.9709243,23.5994875,4.749,8.639,0.415,137.109
2026-05-26T18:49:12.999Z,56.9709181,23.5995078,4.749,9.041,0.811,128.949
2026-05-26T18:49:13.999Z,56.9709073,23.5995302,4.749,8.755,1.155,132.911
2026-05-26T18:49:14.999Z,56.9709008,23.5995430,4.749,8.685,0.908,128.849
2026-05-26T18:49:15.999Z,56.9708939,23.5995613,4.749,8.240,0.876,124.297
2026-05-26T18:49:16.999Z,56.9708918,23.5995916,4.749,9.841,1.118,106.386
2026-05-26T18:49:17.999Z,56.9708858,23.5996060,4.749,9.340,0.922,107.562
2026-05-26T18:49:18.999Z,56.9708830,23.5996193,4.749,8.781,0.782,103.079
2026-05-26T18:49:19.999Z,56.9708806,23.5996298,4.749,9.137,0.687,107.248
2026-05-26T18:49:20.999Z,56.9708804,23.5996516,4.749,9.375,0.955,102.175
2026-05-26T18:49:21.999Z,56.9708719,23.5996565,4.749,8.774,0.747,122.503
2026-05-26T18:49:22.999Z,56.9708688,23.5996737,4.749,9.976,0.702,121.136
2026-05-26T18:49:23.999Z,56.9708608,23.5996854,4.749,9.879,0.768,121.989
2026-05-26T18:49:24.999Z,56.9708611,23.5996981,4.749,10.295,0.651,111.212
2026-05-26T18:49:25.999Z,56.9708609,23.5997059,4.749,10.635,0.550,105.626
2026-05-26T18:49:26.999Z,56.9708566,23.5997191,4.749,10.438,0.690,114.300
2026-05-26T18:49:27.999Z,56.9708537,23.5997328,4.749,10.899,0.754,107.922
2026-05-26T18:49:28.999Z,56.9708509,23.5997402,4.749,10.744,0.625,112.742
2026-05-26T18:49:29.999Z,56.9708486,23.5997539,4.749,11.066,0.719,108.777
2026-05-26T18:49:30.999Z,56.9708448,23.5997670,4.749,10.895,0.724,113.650
2026-05-26T18:49:31.999Z,56.9708413,23.5997655,4.749,10.415,0.373,135.056
2026-05-26T18:49:32.999Z,56.9708388,23.5997759,4.749,10.434,0.471,129.213
2026-05-26T18:49:33.999Z,56.9708400,23.5997872,4.749,10.192,0.418,99.094
2026-05-26T18:49:34.999Z,56.9708385,23.5997891,4.749,10.101,0.279,93.246
2026-05-26T18:49:35.999Z,56.9708311,23.5998075,4.749,10.201,0.803,120.257
2026-05-26T18:49:36.999Z,56.9708278,23.5998312,4.749,11.062,0.861,113.632
2026-05-26T18:49:37.999Z,56.9708258,23.5998405,4.749,10.806,0.766,115.004
2026-05-26T18:49:38.999Z,56.9708241,23.5998387,4.749,10.435,0.366,129.183
2026-05-26T18:49:39.999Z,56.9708183,23.5998540,4.749,10.340,0.620,125.389
2026-05-26T18:49:40.999Z,56.9708143,23.5998576,4.749,9.696,0.533,128.410
2026-05-26T18:49:41.999Z,56.9708144,23.5998572,4.749,9.604,0.193,139.530
2026-05-26T18:49:42.999Z,56.9708099,23.5998595,4.749,8.569,0.314,149.180
2026-05-26T18:49:43.999Z,56.9708097,23.5998618,4.749,7.808,0.632,-1.000
2026-05-26T18:49:44.999Z,56.9708059,23.5998751,4.749,7.852,0.532,122.513
2026-05-26T18:49:45.999Z,56.9708093,23.5998690,4.749,8.318,0.036,115.091
2026-05-26T18:49:46.999Z,56.9708015,23.5998852,4.749,7.419,0.653,135.110
2026-05-26T18:49:47.999Z,56.9707967,23.5999036,4.749,7.551,0.774,118.517
2026-05-26T18:49:48.999Z,56.9707904,23.5999105,4.749,7.055,0.656,127.103
2026-05-26T18:49:49.999Z,56.9707801,23.5999177,4.749,6.206,0.660,143.807
2026-05-26T18:49:50.999Z,56.9707750,23.5999282,4.749,7.364,0.624,140.501
2026-05-26T18:49:52.000Z,56.9707647,23.5999357,4.749,7.611,0.680,148.269
2026-05-26T18:49:53.000Z,56.9707552,23.5999487,4.749,7.770,0.746,144.795
2026-05-26T18:49:54.000Z,56.9707554,23.5999666,4.749,7.507,0.578,104.116
2026-05-26T18:49:55.000Z,56.9707455,23.5999901,4.749,7.504,0.906,116.696
2026-05-26T18:49:56.000Z,56.9707417,23.6000067,4.749,7.611,0.832,115.952
2026-05-26T18:49:57.000Z,56.9707369,23.6000212,4.749,7.672,0.780,122.395
2026-05-26T18:49:58.000Z,56.9707297,23.6000320,4.749,6.883,0.835,135.986
2026-05-26T18:49:59.000Z,56.9707248,23.6000449,4.749,6.975,0.775,137.979
2026-05-26T18:50:00.000Z,56.9707183,23.6000599,4.749,7.628,0.872,135.212
2026-05-26T18:50:01.000Z,56.9707151,23.6000718,4.749,7.674,0.813,133.177
2026-05-26T18:50:02.000Z,56.9707115,23.6000840,4.749,7.646,0.716,129.264
2026-05-26T18:50:03.000Z,56.9707078,23.6000975,4.749,6.943,0.704,121.199
2026-05-26T18:50:04.000Z,56.9707069,23.6001047,4.749,6.822,0.518,123.736
2026-05-26T18:50:05.000Z,56.9707060,23.6001384,4.749,8.389,0.859,109.324
2026-05-26T18:50:06.000Z,56.9707062,23.6001504,4.749,8.525,0.675,104.928
2026-05-26T18:50:07.000Z,56.9707058,23.6001642,4.749,8.518,0.675,108.444
2026-05-26T18:50:08.000Z,56.9707046,23.6001796,4.749,8.496,0.700,108.773
2026-05-26T18:50:09.000Z,56.9707029,23.6001942,4.749,8.394,0.709,107.856
2026-05-26T18:50:10.000Z,56.9707029,23.6002061,4.749,8.067,0.571,107.460
2026-05-26T18:50:11.000Z,56.9707026,23.6002160,4.749,7.942,0.461,107.919
2026-05-26T18:50:12.000Z,56.9707024,23.6002227,4.749,7.598,0.281,113.009
2026-05-26T18:50:13.000Z,56.9707038,23.6002453,4.749,8.644,0.492,98.898
2026-05-26T18:50:14.000Z,56.9707043,23.6002557,4.749,8.845,0.391,96.331
2026-05-26T18:50:15.000Z,56.9707044,23.6002627,4.749,8.946,0.320,95.396
2026-05-26T18:50:16.000Z,56.9707070,23.6002687,4.789,9.108,0.302,95.396
2026-05-26T18:50:17.000Z,56.9707079,23.6002682,4.821,9.072,0.000,95.396
2026-05-26T18:50:18.000Z,56.9707072,23.6002639,4.965,8.915,0.053,95.396
2026-05-26T18:50:19.000Z,56.9707069,23.6002631,4.963,8.891,0.000,95.396
2026-05-26T18:50:20.000Z,56.9707059,23.6002632,4.933,8.627,0.118,95.396
2026-05-26T18:50:21.000Z,56.9707047,23.6002759,5.175,8.788,0.518,95.435
2026-05-26T18:50:22.000Z,56.9707017,23.6002856,5.657,8.510,0.618,107.650
2026-05-26T18:50:23.000Z,56.9706937,23.6002916,5.935,8.203,0.650,131.740
2026-05-26T18:50:24.000Z,56.9706849,23.6003045,6.371,7.769,0.841,138.503
2026-05-26T18:50:25.000Z,56.9706781,23.6003118,7.120,7.329,0.817,146.777
2026-05-26T18:50:26.000Z,56.9706664,23.6003263,7.356,7.088,1.148,150.160
2026-05-26T18:50:27.000Z,56.9706616,23.6003459,7.673,7.465,1.088,144.868
2026-05-26T18:50:28.000Z,56.9706524,23.6003540,7.909,7.105,0.957,149.947
2026-05-26T18:50:29.000Z,56.9706489,23.6003673,8.215,8.195,0.724,151.670
2026-05-26T18:50:30.000Z,56.9706458,23.6003705,8.676,7.512,0.485,152.652
2026-05-26T18:50:31.000Z,56.9706445,23.6003761,9.059,7.892,0.304,155.417
2026-05-26T18:50:32.000Z,56.9706363,23.6003807,9.215,7.935,0.508,159.651
2026-05-26T18:50:33.000Z,56.9706214,23.6003848,8.914,7.601,1.037,170.155
2026-05-26T18:50:34.000Z,56.9706111,23.6003827,8.649,7.284,1.026,180.576
2026-05-26T18:50:35.000Z,56.9706116,23.6003845,8.387,8.194,0.465,191.955
2026-05-26T18:50:36.000Z,56.9706056,23.6003878,8.149,7.731,0.372,197.418
2026-05-26T18:50:37.000Z,56.9705923,23.6003841,7.898,7.529,0.859,191.503
2026-05-26T18:50:38.000Z,56.9705856,23.6003818,7.661,7.473,0.826,188.145
2026-05-26T18:50:39.000Z,56.9705781,23.6003828,7.490,6.703,0.699,183.132
2026-05-26T18:50:40.000Z,56.9705713,23.6003933,7.307,7.065,0.666,169.169
2026-05-26T18:50:41.000Z,56.9705677,23.6004062,7.090,7.313,0.676,159.258
2026-05-26T18:50:42.000Z,56.9705624,23.6004139,7.034,7.669,0.540,159.632
2026-05-26T18:50:43.000Z,56.9705487,23.6004223,6.933,8.178,0.822,163.651
2026-05-26T18:50:44.000Z,56.9705373,23.6004287,6.887,8.752,1.029,166.869
2026-05-26T18:50:45.000Z,56.9705328,23.6004292,6.752,7.603,0.851,170.531
2026-05-26T18:50:46.000Z,56.9705279,23.6004359,6.649,8.019,0.660,159.669
2026-05-26T18:50:47.000Z,56.9705243,23.6004412,6.463,8.568,0.571,161.644
2026-05-26T18:50:48.000Z,56.9705163,23.6004429,6.397,9.018,0.677,167.993
2026-05-26T18:50:49.000Z,56.9705053,23.6004433,6.220,9.170,0.792,173.309
2026-05-26T18:50:50.000Z,56.9704959,23.6004417,6.111,8.431,0.785,178.620
2026-05-26T18:50:51.000Z,56.9704870,23.6004383,6.001,7.357,0.860,186.406
2026-05-26T18:50:51.999Z,56.9704790,23.6004323,5.947,7.098,0.715,192.760
2026-05-26T18:50:52.999Z,56.9704706,23.6004314,5.840,7.702,0.623,189.055
2026-05-26T18:50:53.999Z,56.9704651,23.6004324,5.802,7.371,0.536,184.050
2026-05-26T18:50:54.999Z,56.9704552,23.6004307,5.732,7.635,0.700,184.175
2026-05-26T18:50:55.999Z,56.9704532,23.6004288,5.561,7.743,0.384,188.182
2026-05-26T18:50:56.999Z,56.9704467,23.6004236,5.483,8.893,0.486,198.314
2026-05-26T18:50:57.999Z,56.9704387,23.6004234,5.415,8.834,0.506,185.411
2026-05-26T18:50:58.999Z,56.9704303,23.6004176,5.337,9.254,0.639,188.493
2026-05-26T18:50:59.999Z,56.9704193,23.6004179,5.290,8.905,0.745,185.606
2026-05-26T18:51:00.999Z,56.9704116,23.6004208,5.161,9.272,0.677,179.127
2026-05-26T18:51:01.999Z,56.9704071,23.6004232,5.029,9.392,0.519,171.720
2026-05-26T18:51:02.999Z,56.9704065,23.6004246,4.918,9.840,0.253,171.610
2026-05-26T18:51:03.999Z,56.9704091,23.6004247,4.847,10.402,0.020,171.610
2026-05-26T18:51:04.999Z,56.9704067,23.6004253,4.789,10.281,0.098,171.610
2026-05-26T18:51:05.999Z,56.9704072,23.6004250,4.712,10.266,0.000,171.610
2026-05-26T18:51:06.999Z,56.9704061,23.6004254,4.806,10.112,0.028,171.610
2026-05-26T18:51:07.999Z,56.9704059,23.6004243,4.825,9.982,0.019,171.610
2026-05-26T18:51:08.999Z,56.9704060,23.6004244,4.807,9.984,0.000,171.610
2026-05-26T18:51:09.999Z,56.9704060,23.6004244,4.770,9.984,0.000,171.610
2026-05-26T18:51:10.999Z,56.9704060,23.6004244,4.726,9.984,0.000,171.610
2026-05-26T18:51:37.999Z,56.9704039,23.6004092,8.561,7.963,0.196,171.610
2026-05-26T18:51:38.999Z,56.9704040,23.6004083,8.473,7.849,0.098,171.610
2026-05-26T18:51:39.999Z,56.9704022,23.6004082,8.612,7.818,0.120,171.610
2026-05-26T18:51:40.999Z,56.9704029,23.6004090,8.594,7.782,0.004,171.610
2026-05-26T18:51:41.999Z,56.9704019,23.6004116,8.645,7.664,0.006,171.610
2026-05-26T18:51:42.999Z,56.9704020,23.6004115,9.645,7.658,0.000,171.610
2026-05-26T18:51:45.999Z,56.9704003,23.6004165,10.507,8.060,0.000,171.610
2026-05-26T18:51:46.999Z,56.9703947,23.6004172,10.674,8.027,0.364,171.610
2026-05-26T18:51:47.999Z,56.9703873,23.6004174,11.103,8.115,0.664,174.291
2026-05-26T18:51:48.999Z,56.9703844,23.6004235,10.979,7.456,0.604,160.431
2026-05-26T18:51:49.999Z,56.9703764,23.6004233,10.916,7.161,0.725,169.581
2026-05-26T18:51:50.999Z,56.9703700,23.6004242,10.728,7.118,0.672,174.761
2026-05-26T18:51:51.999Z,56.9703628,23.6004254,10.669,7.311,0.723,176.090
2026-05-26T18:51:52.999Z,56.9703548,23.6004266,10.791,8.254,0.764,175.037
2026-05-26T18:51:53.999Z,56.9703475,23.6004308,10.895,7.962,0.804,170.314
2026-05-26T18:51:54.999Z,56.9703384,23.6004344,10.805,8.152,0.922,168.661
2026-05-26T18:51:55.999Z,56.9703275,23.6004386,10.707,8.025,0.950,168.878
2026-05-26T18:51:56.999Z,56.9703177,23.6004359,10.824,7.686,0.965,177.596
2026-05-26T18:51:57.999Z,56.9703047,23.6004326,10.720,7.570,1.107,183.385
2026-05-26T18:51:59.000Z,56.9703029,23.6004343,10.452,7.458,0.615,179.574
2026-05-26T18:52:00.000Z,56.9702956,23.6004351,10.039,7.122,0.670,183.292
2026-05-26T18:52:01.000Z,56.9702868,23.6004369,9.717,7.470,0.800,180.357
2026-05-26T18:52:02.000Z,56.9702801,23.6004345,9.376,7.266,0.745,181.757
2026-05-26T18:52:03.000Z,56.9702741,23.6004344,9.058,6.973,0.641,181.527
2026-05-26T18:52:04.000Z,56.9702660,23.6004322,8.724,6.988,0.810,183.402
2026-05-26T18:52:05.000Z,56.9702568,23.6004314,8.412,7.179,0.809,182.067
2026-05-26T18:52:06.000Z,56.9702502,23.6004313,8.118,7.417,0.764,182.329
2026-05-26T18:52:07.000Z,56.9702433,23.6004325,7.813,7.219,0.697,180.149
2026-05-26T18:52:08.000Z,56.9702376,23.6004322,7.618,6.817,0.627,180.836
2026-05-26T18:52:09.000Z,56.9702317,23.6004323,7.477,7.513,0.549,177.496
2026-05-26T18:52:10.000Z,56.9702267,23.6004317,7.321,7.363,0.422,176.985
2026-05-26T18:52:11.000Z,56.9702143,23.6004300,7.080,7.933,0.796,178.758
2026-05-26T18:52:12.000Z,56.9702061,23.6004336,6.845,7.702,0.876,172.575
2026-05-26T18:52:13.000Z,56.9701894,23.6004387,6.615,8.072,1.389,171.340
2026-05-26T18:52:14.000Z,56.9701847,23.6004321,6.398,7.509,0.891,183.771
2026-05-26T18:52:15.000Z,56.9701920,23.6004219,6.216,7.391,0.270,285.351
2026-05-26T18:52:16.000Z,56.9701802,23.6004234,6.062,7.521,0.354,201.402
2026-05-26T18:52:17.000Z,56.9701701,23.6004230,5.887,7.328,0.587,190.361
2026-05-26T18:52:18.000Z,56.9701637,23.6004238,5.707,7.657,0.578,181.180
2026-05-26T18:52:19.000Z,56.9701585,23.6004256,5.564,8.158,0.489,178.255
2026-05-26T18:52:20.000Z,56.9701561,23.6004238,5.411,8.138,0.170,184.933
2026-05-26T18:52:21.000Z,56.9701568,23.6004248,5.274,8.336,0.036,184.933
2026-05-26T18:52:22.000Z,56.9701569,23.6004252,5.121,8.467,0.050,184.933
2026-05-26T18:52:23.000Z,56.9701571,23.6004253,5.133,8.468,0.000,184.933
2026-05-26T18:52:35.000Z,56.9701465,23.6004343,12.771,8.737,0.000,184.933
2026-05-26T18:52:36.000Z,56.9701470,23.6004345,13.363,8.717,0.135,184.933
2026-05-26T18:52:37.000Z,56.9701424,23.6004352,13.583,8.761,0.431,184.933
2026-05-26T18:52:38.000Z,56.9701372,23.6004328,13.883,8.671,0.604,186.484
2026-05-26T18:52:39.000Z,56.9701316,23.6004393,13.655,9.018,0.721,169.655
2026-05-26T18:52:40.000Z,56.9701267,23.6004395,13.528,8.871,0.704,173.368
2026-05-26T18:52:41.000Z,56.9701217,23.6004357,13.431,8.150,0.647,181.889
2026-05-26T18:52:42.000Z,56.9701197,23.6004322,13.505,8.080,0.440,186.152
2026-05-26T18:52:43.000Z,56.9701150,23.6004308,13.625,8.015,0.502,186.694
2026-05-26T18:52:44.000Z,56.9701080,23.6004348,13.731,7.452,0.607,182.302
2026-05-26T18:52:45.000Z,56.9701023,23.6004390,14.353,7.481,0.562,179.299
2026-05-26T18:52:46.000Z,56.9700955,23.6004454,14.414,7.841,0.676,169.915
2026-05-26T18:52:47.000Z,56.9700912,23.6004461,14.352,7.375,0.674,173.319
2026-05-26T18:52:48.000Z,56.9700807,23.6004506,14.080,7.547,0.873,174.363
2026-05-26T18:52:49.000Z,56.9700773,23.6004577,13.597,8.458,0.568,165.498
2026-05-26T18:52:50.000Z,56.9700676,23.6004647,13.218,8.553,0.619,166.972
2026-05-26T18:52:51.000Z,56.9700583,23.6004666,12.797,8.836,0.604,168.764
2026-05-26T18:52:52.000Z,56.9700475,23.6004704,12.759,9.162,0.758,172.353
2026-05-26T18:52:53.000Z,56.9700390,23.6004690,12.787,9.209,0.818,179.327
2026-05-26T18:52:54.000Z,56.9700291,23.6004711,12.497,9.890,0.890,178.640
2026-05-26T18:52:55.000Z,56.9700165,23.6004735,12.527,9.848,1.031,177.051
2026-05-26T18:52:56.000Z,56.9700085,23.6004719,12.390,9.937,0.861,181.978
2026-05-26T18:52:57.000Z,56.9700060,23.6004694,12.290,10.827,0.531,195.352
2026-05-26T18:52:57.999Z,56.9699907,23.6004771,12.146,11.176,0.919,179.210
2026-05-26T18:52:58.999Z,56.9699869,23.6004708,11.931,10.445,0.645,192.546
2026-05-26T18:52:59.999Z,56.9699825,23.6004701,11.863,10.531,0.569,187.093
2026-05-26T18:53:00.999Z,56.9699760,23.6004727,11.694,10.550,0.642,179.261
2026-05-26T18:53:01.999Z,56.9699714,23.6004743,11.317,10.455,0.700,175.898
2026-05-26T18:53:02.999Z,56.9699677,23.6004723,10.951,10.718,0.766,176.235
2026-05-26T18:53:03.999Z,56.9699639,23.6004736,10.593,9.084,0.653,178.925
2026-05-26T18:53:04.999Z,56.9699557,23.6004745,10.277,8.811,0.786,179.968
2026-05-26T18:53:05.999Z,56.9699514,23.6004724,9.975,8.516,0.700,178.843
2026-05-26T18:53:06.999Z,56.9699472,23.6004682,9.667,9.025,0.644,182.829
2026-05-26T18:53:07.999Z,56.9699396,23.6004659,9.468,8.837,0.625,187.667
2026-05-26T18:53:08.999Z,56.9699350,23.6004617,9.294,8.535,0.640,190.924
2026-05-26T18:53:09.999Z,56.9699382,23.6004566,9.223,9.152,0.254,216.448
2026-05-26T18:53:10.999Z,56.9699235,23.6004573,8.975,9.253,0.735,194.512
2026-05-26T18:53:11.999Z,56.9699158,23.6004595,8.751,8.566,0.749,185.718
2026-05-26T18:53:12.999Z,56.9699185,23.6004535,8.588,9.399,0.456,194.560
2026-05-26T18:53:13.999Z,56.9699113,23.6004518,8.371,10.176,0.636,189.880
2026-05-26T18:53:14.999Z,56.9698964,23.6004495,8.155,9.032,1.068,188.502
2026-05-26T18:53:15.999Z,56.9698930,23.6004520,7.913,9.018,0.876,183.198
2026-05-26T18:53:16.999Z,56.9698867,23.6004539,7.738,9.091,0.681,177.989
2026-05-26T18:53:17.999Z,56.9698812,23.6004506,7.498,8.819,0.604,191.953
2026-05-26T18:53:18.999Z,56.9698764,23.6004509,7.272,8.334,0.490,184.473
2026-05-26T18:53:19.999Z,56.9698728,23.6004460,7.098,8.909,0.481,188.823
2026-05-26T18:53:20.999Z,56.9698618,23.6004491,6.914,8.950,0.766,181.287
2026-05-26T18:53:21.999Z,56.9698595,23.6004384,6.767,10.276,0.792,188.752
2026-05-26T18:53:22.999Z,56.9698530,23.6004380,6.594,9.703,0.866,182.880
2026-05-26T18:53:23.999Z,56.9698463,23.6004335,6.377,8.503,0.736,188.145
2026-05-26T18:53:24.999Z,56.9698448,23.6004375,6.248,9.745,0.373,179.127
2026-05-26T18:53:25.999Z,56.9698406,23.6004419,6.106,9.770,0.330,177.574
2026-05-26T18:53:26.999Z,56.9698313,23.6004376,5.933,9.842,0.730,183.029
2026-05-26T18:53:27.999Z,56.9698244,23.6004448,5.772,8.669,0.789,167.715
2026-05-26T18:53:28.999Z,56.9698303,23.6004274,5.646,10.454,0.349,228.838
2026-05-26T18:53:29.999Z,56.9698251,23.6004283,5.578,10.369,0.391,206.480
2026-05-26T18:53:30.999Z,56.9698161,23.6004308,5.534,9.984,0.507,194.273
2026-05-26T18:53:31.999Z,56.9698070,23.6004400,5.461,9.402,0.611,176.444
2026-05-26T18:53:32.999Z,56.9698028,23.6004402,5.430,8.692,0.651,172.565
2026-05-26T18:53:33.999Z,56.9697939,23.6004410,5.378,9.078,0.640,172.415
2026-05-26T18:53:34.999Z,56.9697818,23.6004422,5.344,9.548,0.898,175.635
2026-05-26T18:53:35.999Z,56.9697762,23.6004452,5.208,8.602,0.597,171.042
2026-05-26T18:53:36.999Z,56.9697675,23.6004514,5.266,9.104,0.705,166.604
2026-05-26T18:53:37.999Z,56.9697599,23.6004587,5.316,9.347,0.661,159.956
2026-05-26T18:53:38.999Z,56.9697604,23.6004595,5.249,8.851,0.310,160.394
2026-05-26T18:53:39.999Z,56.9697525,23.6004573,5.223,8.642,0.427,160.394
2026-05-26T18:53:40.999Z,56.9697496,23.6004555,5.172,8.592,0.289,160.394
2026-05-26T18:53:41.999Z,56.9697370,23.6004547,5.184,8.568,0.609,176.208
2026-05-26T18:53:42.999Z,56.9697240,23.6004580,5.138,8.380,0.694,173.716
2026-05-26T18:53:43.999Z,56.9697150,23.6004602,5.171,8.014,0.651,172.589
2026-05-26T18:53:44.999Z,56.9697005,23.6004624,5.113,7.731,0.848,178.551
2026-05-26T18:53:45.999Z,56.9696936,23.6004663,5.064,7.957,0.740,170.955
2026-05-26T18:53:46.999Z,56.9696834,23.6004683,5.052,8.562,0.666,168.017
2026-05-26T18:53:47.999Z,56.9696754,23.6004710,4.979,9.312,0.627,166.595
2026-05-26T18:53:48.999Z,56.9696737,23.6004662,4.881,7.337,0.384,187.069
2026-05-26T18:53:49.999Z,56.9696628,23.6004723,4.789,7.829,0.502,172.923
2026-05-26T18:53:50.999Z,56.9696532,23.6004721,4.747,7.622,0.593,180.964
2026-05-26T18:53:51.999Z,56.9696447,23.6004755,4.615,7.723,0.554,176.444
2026-05-26T18:53:52.999Z,56.9696375,23.6004805,4.513,7.204,0.505,167.786
2026-05-26T18:53:53.999Z,56.9696247,23.6004816,4.529,7.357,0.908,173.878
2026-05-26T18:53:54.999Z,56.9696127,23.6004809,4.480,7.672,1.066,175.654
2026-05-26T18:53:55.999Z,56.9696057,23.6004779,4.408,7.447,1.032,181.451
2026-05-26T18:53:56.999Z,56.9696015,23.6004804,4.361,6.626,0.772,175.642
2026-05-26T18:53:57.999Z,56.9695972,23.6004756,4.244,6.421,0.439,189.741
2026-05-26T18:53:58.999Z,56.9695877,23.6004782,4.206,6.482,0.679,175.826
2026-05-26T18:53:59.999Z,56.9695818,23.6004827,4.164,6.225,0.619,165.630
2026-05-26T18:54:00.999Z,56.9695723,23.6004832,4.114,6.513,0.712,170.956
2026-05-26T18:54:02.000Z,56.9695691,23.6004804,4.121,5.629,0.547,179.153
2026-05-26T18:54:03.000Z,56.9695561,23.6004789,4.078,5.982,0.939,180.624
2026-05-26T18:54:04.000Z,56.9695533,23.6004787,4.016,5.484,0.589,181.659
2026-05-26T18:54:05.000Z,56.9695473,23.6004761,3.979,5.488,0.666,182.768
2026-05-26T18:54:06.000Z,56.9695444,23.6004757,3.946,5.008,0.569,178.240
2026-05-26T18:54:07.000Z,56.9695397,23.6004761,4.043,5.134,0.562,176.704
2026-05-26T18:54:08.000Z,56.9695339,23.6004757,4.091,4.771,0.558,180.959
2026-05-26T18:54:09.000Z,56.9695289,23.6004755,4.051,4.439,0.485,182.104
2026-05-26T18:54:10.000Z,56.9695195,23.6004752,4.036,4.651,0.667,180.638
2026-05-26T18:54:11.000Z,56.9695110,23.6004803,4.034,4.788,0.732,175.764
2026-05-26T18:54:12.000Z,56.9695011,23.6004832,4.005,4.502,0.828,175.210
2026-05-26T18:54:13.000Z,56.9694956,23.6004844,4.065,5.089,0.643,177.901
2026-05-26T18:54:14.000Z,56.9694904,23.6004843,4.086,4.697,0.616,180.583
2026-05-26T18:54:15.000Z,56.9694875,23.6004796,3.998,4.615,0.449,196.517
2026-05-26T18:54:16.000Z,56.9694840,23.6004779,3.930,4.291,0.416,196.972
2026-05-26T18:54:17.000Z,56.9694758,23.6004806,3.876,4.838,0.563,182.527
2026-05-26T18:54:18.000Z,56.9694718,23.6004816,3.969,4.506,0.611,176.508
2026-05-26T18:54:19.000Z,56.9694690,23.6004819,3.964,4.328,0.531,173.917
2026-05-26T18:54:20.000Z,56.9694638,23.6004813,3.922,4.771,0.496,176.259
2026-05-26T18:54:21.000Z,56.9694568,23.6004798,3.826,4.544,0.607,182.218
2026-05-26T18:54:22.000Z,56.9694496,23.6004834,3.785,4.769,0.602,177.824
2026-05-26T18:54:23.000Z,56.9694429,23.6004881,3.777,5.202,0.668,171.925
2026-05-26T18:54:24.000Z,56.9694384,23.6004896,3.723,5.415,0.566,172.895
2026-05-26T18:54:25.000Z,56.9694329,23.6004875,3.723,5.389,0.489,184.166
2026-05-26T18:54:26.000Z,56.9694272,23.6004820,3.689,4.798,0.589,196.385
2026-05-26T18:54:27.000Z,56.9694232,23.6004891,3.766,6.024,0.466,183.024
2026-05-26T18:54:28.000Z,56.9694159,23.6005014,3.804,6.964,0.732,167.833
2026-05-26T18:54:29.000Z,56.9694101,23.6005001,3.781,6.738,0.646,175.226
2026-05-26T18:54:30.000Z,56.9694053,23.6005056,3.778,7.369,0.579,167.258
2026-05-26T18:54:31.000Z,56.9693979,23.6005074,3.790,7.544,0.667,175.374
2026-05-26T18:54:32.000Z,56.9693926,23.6005068,3.755,7.286,0.602,182.355
2026-05-26T18:54:33.000Z,56.9693876,23.6005054,3.711,6.805,0.582,184.665
2026-05-26T18:54:34.000Z,56.9693790,23.6005046,3.626,6.644,0.668,187.427
2026-05-26T18:54:35.000Z,56.9693731,23.6005046,3.544,6.877,0.589,183.916
2026-05-26T18:54:36.000Z,56.9693681,23.6005053,3.522,7.091,0.578,183.753
2026-05-26T18:54:37.000Z,56.9693600,23.6005036,3.507,6.850,0.778,183.476
2026-05-26T18:54:38.000Z,56.9693569,23.6005048,3.511,7.215,0.588,180.480
2026-05-26T18:54:39.000Z,56.9693486,23.6005057,3.506,7.607,0.611,183.675
2026-05-26T18:54:40.000Z,56.9693432,23.6005112,3.451,7.225,0.566,166.623
2026-05-26T18:54:41.000Z,56.9693346,23.6005107,3.423,7.161,0.818,172.448
2026-05-26T18:54:42.000Z,56.9693252,23.6005142,3.388,7.335,0.856,174.410
2026-05-26T18:54:43.000Z,56.9693176,23.6005168,3.350,6.808,0.814,174.233
2026-05-26T18:54:44.000Z,56.9693107,23.6005153,3.390,6.923,0.673,182.347
2026-05-26T18:54:45.000Z,56.9693046,23.6005156,3.393,7.170,0.657,184.522
2026-05-26T18:54:46.000Z,56.9692952,23.6005194,3.358,7.190,0.772,179.513
2026-05-26T18:54:47.000Z,56.9692937,23.6005243,3.330,7.314,0.480,167.327
2026-05-26T18:54:48.000Z,56.9692901,23.6005202,3.387,7.590,0.421,182.268
2026-05-26T18:54:49.000Z,56.9692879,23.6005232,3.385,7.275,0.345,174.197
2026-05-26T18:54:50.000Z,56.9692822,23.6005270,3.339,7.818,0.493,165.690
2026-05-26T18:54:51.000Z,56.9692805,23.6005236,3.286,7.979,0.307,190.021
2026-05-26T18:54:52.000Z,56.9692778,23.6005271,3.366,7.715,0.240,190.021
2026-05-26T18:54:53.000Z,56.9692736,23.6005281,3.392,8.018,0.402,190.021
2026-05-26T18:54:54.000Z,56.9692709,23.6005306,3.422,8.502,0.515,187.369
2026-05-26T18:54:55.000Z,56.9692654,23.6005350,3.520,8.946,0.693,174.309
2026-05-26T18:54:56.000Z,56.9692624,23.6005362,3.502,8.913,0.524,176.259
2026-05-26T18:54:57.000Z,56.9692587,23.6005371,3.586,8.988,0.490,176.930
2026-05-26T18:54:58.000Z,56.9692506,23.6005393,3.533,8.793,0.713,176.062
2026-05-26T18:54:59.000Z,56.9692430,23.6005434,3.515,9.275,0.797,171.520
2026-05-26T18:55:00.000Z,56.9692378,23.6005406,3.556,9.334,0.706,178.205
2026-05-26T18:55:01.000Z,56.9692327,23.6005354,3.565,9.428,0.642,191.044
2026-05-26T18:55:02.000Z,56.9692290,23.6005433,3.578,9.835,0.519,176.209
2026-05-26T18:55:03.000Z,56.9692189,23.6005493,3.605,9.959,0.822,170.984
2026-05-26T18:55:03.999Z,56.9692173,23.6005470,3.568,9.441,0.605,176.486
2026-05-26T18:55:04.999Z,56.9691999,23.6005376,3.592,9.095,1.078,193.589
2026-05-26T18:55:05.999Z,56.9691982,23.6005392,3.592,9.292,0.457,195.520
2026-05-26T18:55:06.999Z,56.9691921,23.6005421,3.564,9.663,0.422,192.283
2026-05-26T18:55:07.999Z,56.9691859,23.6005489,3.563,10.040,0.702,174.942
2026-05-26T18:55:08.999Z,56.9691790,23.6005471,3.570,10.075,0.752,186.199
2026-05-26T18:55:09.999Z,56.9691711,23.6005520,3.591,10.116,0.757,178.925
2026-05-26T18:55:10.999Z,56.9691680,23.6005533,3.595,9.821,0.594,174.645
2026-05-26T18:55:11.999Z,56.9691633,23.6005537,3.545,9.831,0.519,179.203
2026-05-26T18:55:12.999Z,56.9691491,23.6005590,3.541,9.905,1.042,174.661
2026-05-26T18:55:13.999Z,56.9691467,23.6005585,3.551,9.941,0.581,176.364
2026-05-26T18:55:14.999Z,56.9691387,23.6005568,3.536,9.986,0.694,181.572
2026-05-26T18:55:15.999Z,56.9691344,23.6005576,3.527,10.235,0.553,179.762
2026-05-26T18:55:16.999Z,56.9691245,23.6005620,3.494,9.758,0.662,177.302
2026-05-26T18:55:17.999Z,56.9691318,23.6005632,3.486,11.126,0.403,-1.000
2026-05-26T18:55:18.999Z,56.9691225,23.6005594,3.498,11.107,0.442,190.492
2026-05-26T18:55:19.999Z,56.9691157,23.6005610,3.516,10.763,0.680,179.450
2026-05-26T18:55:20.999Z,56.9691087,23.6005629,3.510,10.722,0.745,178.859
2026-05-26T18:55:21.999Z,56.9691016,23.6005656,3.556,10.486,0.569,180.681
2026-05-26T18:55:22.999Z,56.9690942,23.6005656,3.649,10.951,0.616,184.962
2026-05-26T18:55:23.999Z,56.9690825,23.6005692,3.710,11.085,0.868,179.692
2026-05-26T18:55:24.999Z,56.9690761,23.6005698,3.785,10.893,0.786,176.568
2026-05-26T18:55:25.999Z,56.9690700,23.6005675,3.781,10.544,0.725,179.561
2026-05-26T18:55:26.999Z,56.9690636,23.6005712,3.764,10.446,0.715,173.911
2026-05-26T18:55:27.999Z,56.9690589,23.6005721,3.766,10.124,0.571,176.555
2026-05-26T18:55:28.999Z,56.9690517,23.6005758,3.804,10.143,0.683,175.554
2026-05-26T18:55:29.999Z,56.9690547,23.6005739,3.759,9.285,0.443,-1.000
2026-05-26T18:55:30.999Z,56.9690519,23.6005675,3.774,8.598,0.648,-1.000
2026-05-26T18:55:31.999Z,56.9690418,23.6005774,3.776,8.885,0.439,167.445
2026-05-26T18:55:32.999Z,56.9690364,23.6005789,3.732,8.917,0.589,166.855
2026-05-26T18:55:33.999Z,56.9690278,23.6005794,3.792,9.009,0.758,171.493
2026-05-26T18:55:34.999Z,56.9690197,23.6005817,3.820,9.358,0.810,170.920
2026-05-26T18:55:35.999Z,56.9690160,23.6005828,3.901,9.697,0.492,171.021
2026-05-26T18:55:36.999Z,56.9690152,23.6005795,3.844,9.661,0.245,170.304
2026-05-26T18:55:37.999Z,56.9690086,23.6005799,3.804,9.842,0.568,172.017
2026-05-26T18:55:38.999Z,56.9689997,23.6005792,3.792,9.962,0.721,176.825
2026-05-26T18:55:39.999Z,56.9689915,23.6005808,3.796,10.891,0.729,174.456
2026-05-26T18:55:40.999Z,56.9689846,23.6005832,3.812,10.502,0.726,171.399
2026-05-26T18:55:41.999Z,56.9689769,23.6005823,3.837,10.376,0.663,173.427
2026-05-26T18:55:42.999Z,56.9689695,23.6005794,3.843,10.912,0.673,179.673
2026-05-26T18:55:43.999Z,56.9689601,23.6005855,3.797,11.330,0.813,169.567
2026-05-26T18:55:44.999Z,56.9689526,23.6005882,3.758,11.141,0.791,168.524
2026-05-26T18:55:45.999Z,56.9689458,23.6005864,3.749,11.054,0.608,177.374
2026-05-26T18:55:46.999Z,56.9689414,23.6005899,3.763,11.162,0.543,172.509
2026-05-26T18:55:47.999Z,56.9689397,23.6005903,3.751,11.675,0.366,175.280
2026-05-26T18:55:48.999Z,56.9689359,23.6005910,3.759,11.679,0.372,175.013
2026-05-26T18:55:49.999Z,56.9689363,23.6005895,3.774,11.218,0.097,174.738
2026-05-26T18:55:50.999Z,56.9689371,23.6005902,3.779,11.292,0.103,174.738
2026-05-26T18:55:51.999Z,56.9689376,23.6005900,3.774,11.274,0.000,174.738
2026-05-26T18:55:52.999Z,56.9689368,23.6005918,3.856,10.797,0.023,174.738
2026-05-26T18:55:53.999Z,56.9689327,23.6005917,4.036,10.926,0.162,174.738
2026-05-26T18:55:54.999Z,56.9689288,23.6005957,4.176,11.070,0.303,174.738
2026-05-26T18:55:55.999Z,56.9689244,23.6005959,4.300,11.030,0.308,174.738
2026-05-26T18:55:56.999Z,56.9689211,23.6005993,4.703,11.517,0.340,174.738
2026-05-26T18:55:57.999Z,56.9689147,23.6005980,4.899,11.242,0.588,174.224
2026-05-26T18:55:58.999Z,56.9689094,23.6006000,5.041,11.391,0.603,173.630
2026-05-26T18:55:59.999Z,56.9689035,23.6006060,5.480,11.646,0.702,165.306
2026-05-26T18:56:00.999Z,56.9688928,23.6006021,5.917,10.976,0.966,174.622
2026-05-26T18:56:01.999Z,56.9688898,23.6005953,6.200,10.730,0.737,182.438
2026-05-26T18:56:02.999Z,56.9688816,23.6006068,6.534,11.970,0.665,167.133
2026-05-26T18:56:03.999Z,56.9688774,23.6006114,6.625,11.365,0.556,161.827
2026-05-26T18:56:04.999Z,56.9688741,23.6006167,6.716,11.738,0.422,156.697
2026-05-26T18:56:05.999Z,56.9688667,23.6006173,6.879,11.425,0.539,163.129
2026-05-26T18:56:06.999Z,56.9688572,23.6006182,7.358,11.193,0.693,166.634
2026-05-26T18:56:07.999Z,56.9688520,23.6006155,7.456,11.408,0.558,174.014
2026-05-26T18:56:08.999Z,56.9688443,23.6006089,7.394,11.140,0.633,184.302
2026-05-26T18:56:09.999Z,56.9688413,23.6006060,7.513,11.166,0.478,188.592
2026-05-26T18:56:10.999Z,56.9688369,23.6006018,7.404,10.672,0.458,194.608
2026-05-26T18:56:11.999Z,56.9688329,23.6005966,7.352,10.522,0.499,197.326
2026-05-26T18:56:12.999Z,56.9688283,23.6005915,7.172,10.149,0.534,198.967
2026-05-26T18:56:13.999Z,56.9688229,23.6005896,7.038,10.182,0.554,193.310
2026-05-26T18:56:14.999Z,56.9688169,23.6005870,7.000,9.867,0.582,193.796
2026-05-26T18:56:15.999Z,56.9688124,23.6005803,6.882,9.810,0.563,199.780
2026-05-26T18:56:16.999Z,56.9688098,23.6005741,6.694,9.468,0.463,204.061
2026-05-26T18:56:17.999Z,56.9688043,23.6005691,6.602,9.381,0.546,203.686
2026-05-26T18:56:19.000Z,56.9687969,23.6005663,6.486,9.252,0.638,198.627
2026-05-26T18:56:20.000Z,56.9687912,23.6005656,6.322,8.959,0.577,193.760
2026-05-26T18:56:21.000Z,56.9687879,23.6005638,6.229,8.546,0.449,194.570
2026-05-26T18:56:22.000Z,56.9687859,23.6005543,6.131,8.316,0.422,202.276
2026-05-26T18:56:23.000Z,56.9687794,23.6005495,5.988,8.267,0.621,200.900
2026-05-26T18:56:24.000Z,56.9687720,23.6005440,5.853,8.272,0.779,200.337
2026-05-26T18:56:25.000Z,56.9687657,23.6005397,5.726,8.396,0.735,199.542
2026-05-26T18:56:26.000Z,56.9687610,23.6005350,5.548,8.518,0.605,202.438
2026-05-26T18:56:27.000Z,56.9687585,23.6005322,5.415,8.426,0.451,201.959
2026-05-26T18:56:28.000Z,56.9687554,23.6005288,5.287,8.448,0.419,201.282
2026-05-26T18:56:29.000Z,56.9687511,23.6005242,5.183,8.197,0.508,203.908
2026-05-26T18:56:30.000Z,56.9687485,23.6005206,5.109,8.002,0.408,205.584
2026-05-26T18:56:31.000Z,56.9687398,23.6005181,4.955,8.117,0.646,200.355
2026-05-26T18:56:32.000Z,56.9687377,23.6005152,4.807,7.919,0.452,203.109
2026-05-26T18:56:33.000Z,56.9687300,23.6005106,4.667,7.825,0.679,199.203
2026-05-26T18:56:34.000Z,56.9687241,23.6005036,4.535,7.663,0.715,200.385
2026-05-26T18:56:35.000Z,56.9687204,23.6004991,4.502,7.228,0.599,202.887
2026-05-26T18:56:36.000Z,56.9687186,23.6004993,4.388,7.331,0.378,198.126
2026-05-26T18:56:37.000Z,56.9687136,23.6005002,4.282,7.807,0.428,183.655
2026-05-26T18:56:38.000Z,56.9687089,23.6004952,4.219,6.888,0.494,196.645
2026-05-26T18:56:39.000Z,56.9687037,23.6004917,4.202,7.119,0.469,198.411
2026-05-26T18:56:40.000Z,56.9686998,23.6004894,4.223,6.944,0.412,198.115
2026-05-26T18:56:41.000Z,56.9687001,23.6004888,4.176,6.729,0.151,197.529
2026-05-26T18:56:42.000Z,56.9686996,23.6004901,4.303,6.761,0.020,197.529
2026-05-26T18:56:43.000Z,56.9686972,23.6004916,4.391,6.898,0.013,197.529
2026-05-26T18:56:44.000Z,56.9686973,23.6004917,4.417,6.893,0.000,197.529
2026-05-26T18:56:47.000Z,56.9686973,23.6004917,4.396,6.893,0.000,197.529
2026-05-26T18:56:48.000Z,56.9686973,23.6004917,4.396,6.893,0.000,197.529
2026-05-26T18:56:51.000Z,56.9686867,23.6004954,5.348,6.782,0.181,197.529
2026-05-26T18:56:52.000Z,56.9686863,23.6004929,5.660,6.979,0.154,197.529
2026-05-26T18:56:53.000Z,56.9686855,23.6004913,5.658,7.194,0.119,197.529
2026-05-26T18:56:54.000Z,56.9686839,23.6004875,5.779,7.266,0.159,197.529
2026-05-26T18:56:55.000Z,56.9686848,23.6004882,6.074,7.733,0.022,197.529
2026-05-26T18:56:56.000Z,56.9686843,23.6004869,6.419,7.995,0.041,197.529
2026-05-26T18:56:57.000Z,56.9686838,23.6004861,6.519,8.013,0.000,197.529
2026-05-26T18:56:58.000Z,56.9686834,23.6004851,7.437,8.231,0.035,197.529
2026-05-26T18:56:59.000Z,56.9686836,23.6004851,7.618,8.242,0.000,197.529
2026-05-26T18:57:01.000Z,56.9686809,23.6004827,8.599,8.744,0.171,197.529
2026-05-26T18:57:02.000Z,56.9686840,23.6004820,8.788,8.594,0.000,197.529
2026-05-26T18:57:18.999Z,56.9686837,23.6004724,12.333,9.065,0.240,197.529
2026-05-26T18:57:19.999Z,56.9686779,23.6004696,12.090,9.356,0.515,197.624
2026-05-26T18:57:20.999Z,56.9686776,23.6004654,11.849,9.358,0.382,209.778
2026-05-26T18:57:21.999Z,56.9686708,23.6004628,11.923,9.097,0.562,198.556
2026-05-26T18:57:22.999Z,56.9686632,23.6004616,11.829,9.419,0.681,193.626
2026-05-26T18:57:23.999Z,56.9686598,23.6004584,11.590,9.515,0.546,198.678
2026-05-26T18:57:24.999Z,56.9686521,23.6004548,11.520,9.117,0.642,199.426
2026-05-26T18:57:25.999Z,56.9686443,23.6004544,11.395,9.356,0.728,192.888
2026-05-26T18:57:26.999Z,56.9686378,23.6004520,11.334,8.776,0.643,196.651
2026-05-26T18:57:27.999Z,56.9686316,23.6004496,11.314,8.583,0.611,196.751
2026-05-26T18:57:28.999Z,56.9686235,23.6004470,11.760,8.815,0.794,191.738
2026-05-26T18:57:29.999Z,56.9686217,23.6004415,11.972,8.365,0.565,199.825
2026-05-26T18:57:30.999Z,56.9686204,23.6004365,11.863,8.090,0.507,205.887
2026-05-26T18:57:31.999Z,56.9686135,23.6004324,11.581,7.941,0.678,202.525
2026-05-26T18:57:32.999Z,56.9686092,23.6004319,11.419,8.117,0.650,196.574
2026-05-26T18:57:33.999Z,56.9686033,23.6004299,11.368,7.773,0.744,197.034
2026-05-26T18:57:34.999Z,56.9685959,23.6004313,10.960,7.545,0.829,192.334
2026-05-26T18:57:35.999Z,56.9685905,23.6004294,10.586,7.334,0.719,195.902
2026-05-26T18:57:36.999Z,56.9685812,23.6004264,10.233,7.662,0.808,196.057
2026-05-26T18:57:37.999Z,56.9685723,23.6004232,9.855,7.406,0.845,199.218
2026-05-26T18:57:38.999Z,56.9685649,23.6004195,9.554,7.089,0.811,199.738
2026-05-26T18:57:39.999Z,56.9685574,23.6004137,9.222,7.218,0.819,200.969
2026-05-26T18:57:40.999Z,56.9685497,23.6004086,8.861,7.003,0.881,200.424
2026-05-26T18:57:41.999Z,56.9685438,23.6004048,8.609,7.276,0.845,199.051
2026-05-26T18:57:42.999Z,56.9685364,23.6003992,8.301,7.086,0.838,198.943
2026-05-26T18:57:43.999Z,56.9685305,23.6003953,8.018,7.329,0.760,198.477
2026-05-26T18:57:44.999Z,56.9685221,23.6003932,7.735,7.275,0.825,194.104
2026-05-26T18:57:45.999Z,56.9685143,23.6003923,7.479,7.079,0.835,189.266
2026-05-26T18:57:46.999Z,56.9685076,23.6003884,7.253,7.135,0.818,191.915
2026-05-26T18:57:47.999Z,56.9685015,23.6003828,7.040,7.263,0.786,195.224
2026-05-26T18:57:48.999Z,56.9684950,23.6003789,6.882,6.909,0.737,195.418
2026-05-26T18:57:49.999Z,56.9684865,23.6003725,6.672,7.092,0.871,196.278
2026-05-26T18:57:50.999Z,56.9684795,23.6003685,6.454,6.919,0.863,195.775
2026-05-26T18:57:51.999Z,56.9684760,23.6003631,6.270,6.629,0.652,201.445
2026-05-26T18:57:52.999Z,56.9684693,23.6003571,6.056,6.769,0.715,202.919
2026-05-26T18:57:53.999Z,56.9684623,23.6003519,5.898,6.989,0.815,201.131
2026-05-26T18:57:54.999Z,56.9684563,23.6003476,5.793,6.657,0.746,201.351
2026-05-26T18:57:55.999Z,56.9684518,23.6003434,5.659,7.052,0.718,202.933
2026-05-26T18:57:56.999Z,56.9684509,23.6003402,5.505,6.770,0.406,210.146
2026-05-26T18:57:57.999Z,56.9684408,23.6003345,5.435,6.914,0.651,205.285
2026-05-26T18:57:58.999Z,56.9684352,23.6003280,5.320,7.575,0.744,207.115
2026-05-26T18:57:59.999Z,56.9684295,23.6003222,5.179,7.590,0.721,205.767
2026-05-26T18:58:00.999Z,56.9684240,23.6003165,5.056,7.811,0.646,208.284
2026-05-26T18:58:01.999Z,56.9684155,23.6003111,4.964,7.867,0.833,204.539
2026-05-26T18:58:02.999Z,56.9684112,23.6003091,4.851,7.836,0.636,199.938
2026-05-26T18:58:03.999Z,56.9684047,23.6003044,4.758,8.100,0.735,199.541
2026-05-26T18:58:04.999Z,56.9683989,23.6003038,4.673,8.183,0.690,193.037
2026-05-26T18:58:05.999Z,56.9683946,23.6003018,4.576,7.945,0.573,192.781
2026-05-26T18:58:06.999Z,56.9683852,23.6002983,4.575,8.025,0.813,193.017
2026-05-26T18:58:07.999Z,56.9683777,23.6002972,4.474,8.062,0.822,189.499
2026-05-26T18:58:08.999Z,56.9683697,23.6002959,4.416,7.696,0.856,187.494
2026-05-26T18:58:09.999Z,56.9683634,23.6002927,4.417,7.652,0.786,190.058
2026-05-26T18:58:10.999Z,56.9683590,23.6002938,4.356,7.727,0.659,183.503
2026-05-26T18:58:11.999Z,56.9683504,23.6002911,4.282,7.681,0.803,187.238
2026-05-26T18:58:12.999Z,56.9683443,23.6002929,4.214,7.566,0.797,182.230
2026-05-26T18:58:13.999Z,56.9683453,23.6002932,4.149,7.631,0.370,177.869
2026-05-26T18:58:14.999Z,56.9683406,23.6002935,4.071,7.510,0.394,177.869
2026-05-26T18:58:15.999Z,56.9683413,23.6002938,4.101,7.497,0.240,177.869
2026-05-26T18:58:16.999Z,56.9683429,23.6002938,4.056,7.290,0.009,177.869
2026-05-26T18:58:17.999Z,56.9683433,23.6002937,4.195,7.252,0.011,177.869
2026-05-26T18:58:18.999Z,56.9683447,23.6002936,4.260,7.295,0.037,177.869
2026-05-26T18:58:19.999Z,56.9683442,23.6002918,4.503,7.006,0.130,177.869
2026-05-26T18:58:20.999Z,56.9683420,23.6002910,5.251,6.950,0.191,177.869
2026-05-26T18:58:21.999Z,56.9683432,23.6002914,5.600,6.943,0.000,177.869
2026-05-26T18:58:22.999Z,56.9683437,23.6002912,6.014,6.925,0.000,177.869
2026-05-26T18:58:23.999Z,56.9683437,23.6002912,6.191,6.915,0.000,177.869
2026-05-26T18:58:27.999Z,56.9683421,23.6002932,8.610,7.234,0.140,177.869
2026-05-26T18:58:29.000Z,56.9683387,23.6002935,9.298,7.495,0.396,177.869
2026-05-26T18:58:30.000Z,56.9683339,23.6002954,9.793,7.486,0.563,172.629
2026-05-26T18:58:31.000Z,56.9683250,23.6002990,9.805,7.408,0.792,168.147
2026-05-26T18:58:32.000Z,56.9683245,23.6003019,9.871,7.541,0.484,158.509
2026-05-26T18:58:33.000Z,56.9683136,23.6003067,9.963,7.225,0.716,163.988
2026-05-26T18:58:34.000Z,56.9683087,23.6003142,10.253,7.211,0.655,154.439
2026-05-26T18:58:35.000Z,56.9683009,23.6003218,10.345,7.029,0.717,153.631
2026-05-26T18:58:36.000Z,56.9682952,23.6003303,10.661,6.935,0.745,149.643
2026-05-26T18:58:37.000Z,56.9682906,23.6003349,10.618,6.654,0.616,151.452
2026-05-26T18:58:38.000Z,56.9682833,23.6003446,10.610,6.450,0.706,149.722
2026-05-26T18:58:39.000Z,56.9682813,23.6003512,10.875,6.929,0.519,139.639
2026-05-26T18:58:40.000Z,56.9682781,23.6003590,10.901,7.196,0.542,136.753
2026-05-26T18:58:41.000Z,56.9682726,23.6003682,11.225,7.333,0.711,138.080
2026-05-26T18:58:42.000Z,56.9682725,23.6003706,11.345,6.823,0.386,135.747
2026-05-26T18:58:43.000Z,56.9682700,23.6003766,11.518,7.178,0.382,133.742
2026-05-26T18:58:44.000Z,56.9682664,23.6003840,11.136,7.020,0.415,134.560
2026-05-26T18:58:45.000Z,56.9682666,23.6003854,10.771,6.940,0.126,134.738
2026-05-26T18:58:46.000Z,56.9682688,23.6003873,10.415,7.192,0.010,134.738
2026-05-26T18:58:47.000Z,56.9682690,23.6003893,10.065,7.062,0.039,134.738
2026-05-26T18:58:48.000Z,56.9682691,23.6003890,9.714,7.058,0.000,134.738
2026-05-26T18:58:49.000Z,56.9682684,23.6003928,9.965,6.979,0.115,134.738
2026-05-26T18:58:50.000Z,56.9682682,23.6003930,10.289,6.927,0.033,134.738
2026-05-26T18:58:51.000Z,56.9682686,23.6003925,10.544,6.884,0.000,134.738
2026-05-26T18:58:52.000Z,56.9682686,23.6003925,10.333,6.884,0.000,134.738
2026-05-26T18:58:54.000Z,56.9682649,23.6004034,10.349,7.177,0.297,134.738
2026-05-26T18:58:55.000Z,56.9682580,23.6004117,10.344,7.602,0.579,138.881
2026-05-26T18:58:56.000Z,56.9682519,23.6004172,10.279,7.510,0.655,142.057
2026-05-26T18:58:57.000Z,56.9682480,23.6004230,10.309,7.529,0.626,138.348
2026-05-26T18:58:58.000Z,56.9682437,23.6004355,10.407,7.758,0.722,132.046
2026-05-26T18:58:59.000Z,56.9682408,23.6004441,10.374,8.196,0.738,134.090
2026-05-26T18:59:00.000Z,56.9682398,23.6004487,10.243,7.991,0.476,129.051
2026-05-26T18:59:01.000Z,56.9682406,23.6004608,10.172,7.654,0.523,109.163
2026-05-26T18:59:02.000Z,56.9682379,23.6004633,10.057,7.927,0.448,123.125
2026-05-26T18:59:03.000Z,56.9682370,23.6004684,10.248,8.188,0.368,117.833
2026-05-26T18:59:04.000Z,56.9682342,23.6004750,10.427,8.162,0.457,123.077
2026-05-26T18:59:05.000Z,56.9682333,23.6004816,10.602,8.388,0.472,124.966
2026-05-26T18:59:06.000Z,56.9682349,23.6004781,10.621,8.150,0.045,125.241
2026-05-26T18:59:07.000Z,56.9682364,23.6004811,10.244,8.234,0.149,125.241
2026-05-26T18:59:08.000Z,56.9682384,23.6004794,9.994,8.360,0.000,125.241
2026-05-26T18:59:09.000Z,56.9682384,23.6004794,9.680,8.360,0.000,125.241
2026-05-26T18:59:10.000Z,56.9682397,23.6004826,9.859,8.521,0.032,125.241
2026-05-26T18:59:11.000Z,56.9682399,23.6004827,9.884,8.519,0.000,125.241
2026-05-26T18:59:12.000Z,56.9682418,23.6004839,10.049,8.594,0.032,125.241
2026-05-26T18:59:13.000Z,56.9682420,23.6004837,10.107,8.581,0.041,125.241
2026-05-26T18:59:14.000Z,56.9682421,23.6004834,10.057,8.578,0.000,125.241
2026-05-26T18:59:15.000Z,56.9682421,23.6004834,9.942,8.578,0.000,125.241
2026-05-26T18:59:15.999Z,56.9682414,23.6004817,9.904,8.567,0.025,125.241
2026-05-26T18:59:16.999Z,56.9682410,23.6004812,9.859,8.580,0.000,125.241
2026-05-26T18:59:51.999Z,56.9682456,23.6004887,14.118,8.305,0.042,125.241
2026-05-26T18:59:52.999Z,56.9682459,23.6004911,14.001,8.340,0.098,125.241
2026-05-26T18:59:53.999Z,56.9682454,23.6004909,13.860,8.333,0.042,125.241
2026-05-26T18:59:54.999Z,56.9682441,23.6004924,13.945,8.553,0.119,125.241
2026-05-26T18:59:55.999Z,56.9682415,23.6004997,13.727,8.484,0.356,125.241
2026-05-26T18:59:56.999Z,56.9682363,23.6005063,13.398,8.671,0.557,133.580
2026-05-26T18:59:57.999Z,56.9682296,23.6005155,13.135,8.904,0.781,140.984
2026-05-26T18:59:58.999Z,56.9682262,23.6005234,12.819,9.434,0.733,137.598
2026-05-26T18:59:59.999Z,56.9682216,23.6005298,12.571,8.057,0.700,140.356
2026-05-26T19:00:00.999Z,56.9682132,23.6005345,12.477,8.242,0.705,147.898
2026-05-26T19:00:01.999Z,56.9682055,23.6005458,12.393,8.086,0.893,145.745
2026-05-26T19:00:02.999Z,56.9682018,23.6005561,12.285,8.148,0.762,141.272
2026-05-26T19:00:03.999Z,56.9681960,23.6005633,12.257,7.684,0.669,146.498
2026-05-26T19:00:04.999Z,56.9681898,23.6005773,11.982,7.641,0.748,138.097
2026-05-26T19:00:05.999Z,56.9681834,23.6005898,11.737,7.352,0.664,130.396
2026-05-26T19:00:06.999Z,56.9681765,23.6005983,11.419,7.376,0.721,133.663
2026-05-26T19:00:07.999Z,56.9681685,23.6006077,11.182,7.371,0.723,144.196
2026-05-26T19:00:08.999Z,56.9681612,23.6006161,10.794,7.364,0.729,150.459
2026-05-26T19:00:09.999Z,56.9681551,23.6006181,10.457,7.043,0.679,156.339
2026-05-26T19:00:10.999Z,56.9681498,23.6006206,10.110,7.439,0.569,161.981
2026-05-26T19:00:11.999Z,56.9681449,23.6006230,9.737,7.325,0.508,164.207
2026-05-26T19:00:12.999Z,56.9681380,23.6006201,9.387,7.208,0.546,177.670
2026-05-26T19:00:13.999Z,56.9681342,23.6006198,9.195,7.447,0.370,179.435
2026-05-26T19:00:14.999Z,56.9681289,23.6006200,8.850,7.435,0.487,179.435
2026-05-26T19:00:15.999Z,56.9681256,23.6006247,8.523,7.374,0.480,156.462
2026-05-26T19:00:16.999Z,56.9681259,23.6006234,8.241,7.281,0.307,148.992
2026-05-26T19:00:17.999Z,56.9681229,23.6006200,7.979,7.205,0.205,148.992
2026-05-26T19:00:18.999Z,56.9681181,23.6006229,7.703,7.100,0.417,148.992
2026-05-26T19:00:19.999Z,56.9681164,23.6006261,7.529,7.247,0.375,152.194
2026-05-26T19:00:20.999Z,56.9681147,23.6006245,7.367,6.876,0.211,152.194
2026-05-26T19:00:21.999Z,56.9681128,23.6006270,7.726,6.890,0.223,152.194
2026-05-26T19:00:22.999Z,56.9681132,23.6006225,7.820,6.759,0.077,152.194
2026-05-26T19:00:23.999Z,56.9681119,23.6006212,7.877,6.698,0.141,152.194
2026-05-26T19:00:24.999Z,56.9681123,23.6006169,7.976,6.659,0.030,152.194
2026-05-26T19:00:25.999Z,56.9681137,23.6006199,8.233,6.710,0.092,152.194
2026-05-26T19:00:26.999Z,56.9681137,23.6006186,8.110,6.710,0.100,152.194
2026-05-26T19:00:27.999Z,56.9681131,23.6006171,8.043,6.633,0.106,152.194
2026-05-26T19:00:28.999Z,56.9681150,23.6006168,7.764,6.352,0.055,152.194
2026-05-26T19:00:29.999Z,56.9681161,23.6006157,7.548,6.268,0.028,152.194
2026-05-26T19:00:30.999Z,56.9681160,23.6006150,7.562,6.187,0.069,152.194
2026-05-26T19:00:31.999Z,56.9681155,23.6006144,7.532,6.225,0.038,152.194
2026-05-26T19:00:32.999Z,56.9681154,23.6006140,7.556,6.255,0.004,152.194
2026-05-26T19:00:33.999Z,56.9681165,23.6006136,7.635,6.314,0.007,152.194
2026-05-26T19:00:34.999Z,56.9681165,23.6006139,7.532,6.502,0.018,152.194
2026-05-26T19:00:35.999Z,56.9681161,23.6006147,7.495,6.605,0.051,152.194
2026-05-26T19:00:36.999Z,56.9681162,23.6006147,7.770,6.704,0.009,152.194
2026-05-26T19:00:37.999Z,56.9681164,23.6006152,7.902,6.857,0.065,152.194
2026-05-26T19:00:38.999Z,56.9681163,23.6006144,8.309,6.966,0.047,152.194
2026-05-26T19:00:39.999Z,56.9681164,23.6006142,8.343,6.936,0.020,152.194
2026-05-26T19:00:40.999Z,56.9681160,23.6006138,8.422,6.830,0.024,152.194
2026-05-26T19:00:41.999Z,56.9681148,23.6006137,8.313,6.726,0.089,152.194
2026-05-26T19:00:43.000Z,56.9681151,23.6006130,8.249,6.656,0.018,152.194
2026-05-26T19:00:44.000Z,56.9681152,23.6006129,8.428,6.591,0.029,152.194
2026-05-26T19:00:45.000Z,56.9681151,23.6006122,8.888,6.563,0.017,152.194
2026-05-26T19:00:46.000Z,56.9681152,23.6006121,9.142,6.567,0.000,152.194
2026-05-26T19:00:47.000Z,56.9681161,23.6006140,9.199,6.541,0.002,152.194
2026-05-26T19:00:48.000Z,56.9681162,23.6006139,9.182,6.544,0.000,152.194
2026-05-26T19:01:03.000Z,56.9681218,23.6006195,10.403,6.644,0.013,152.194
2026-05-26T19:01:04.000Z,56.9681216,23.6006205,10.206,6.530,0.055,152.194
2026-05-26T19:01:05.000Z,56.9681216,23.6006197,10.240,6.531,0.005,152.194
2026-05-26T19:01:06.000Z,56.9681208,23.6006195,10.604,6.386,0.041,152.194
2026-05-26T19:01:07.000Z,56.9681206,23.6006199,10.757,6.325,0.070,152.194
2026-05-26T19:01:08.000Z,56.9681211,23.6006202,10.550,6.345,0.029,152.194
2026-05-26T19:01:09.000Z,56.9681210,23.6006196,10.402,6.294,0.032,152.194
2026-05-26T19:01:10.000Z,56.9681208,23.6006195,10.441,6.187,0.033,152.194
2026-05-26T19:01:11.000Z,56.9681209,23.6006194,10.530,6.187,0.000,152.194
2026-05-26T19:01:12.000Z,56.9681193,23.6006196,10.278,6.077,0.070,152.194
2026-05-26T19:01:13.000Z,56.9681191,23.6006187,10.785,6.090,0.029,152.194
2026-05-26T19:01:14.000Z,56.9681202,23.6006181,11.383,6.188,0.019,152.194
2026-05-26T19:01:15.000Z,56.9681198,23.6006171,11.397,6.271,0.000,152.194
2026-05-26T19:01:16.000Z,56.9681195,23.6006162,11.467,6.335,0.032,152.194
2026-05-26T19:01:17.000Z,56.9681192,23.6006155,11.343,6.274,0.065,152.194
2026-05-26T19:01:18.000Z,56.9681200,23.6006143,11.368,6.330,0.008,152.194
2026-05-26T19:01:19.000Z,56.9681199,23.6006130,11.761,6.218,0.020,152.194
2026-05-26T19:01:20.000Z,56.9681196,23.6006122,11.832,6.088,0.033,152.194
2026-05-26T19:01:21.000Z,56.9681194,23.6006113,11.846,6.037,0.036,152.194
2026-05-26T19:01:21.999Z,56.9681189,23.6006102,11.679,5.948,0.037,152.194
2026-05-26T19:01:22.999Z,56.9681185,23.6006093,11.601,5.716,0.030,152.194
2026-05-26T19:01:23.999Z,56.9681189,23.6006079,11.569,5.394,0.020,152.194
2026-05-26T19:01:24.999Z,56.9681177,23.6006079,11.459,5.309,0.095,152.194
2026-05-26T19:01:25.999Z,56.9681179,23.6006076,11.917,5.304,0.000,152.194
2026-05-26T19:01:27.999Z,56.9681178,23.6006072,12.058,4.993,0.023,152.194
2026-05-26T19:01:28.999Z,56.9681178,23.6006071,12.258,4.987,0.000,152.194
2026-05-26T19:01:29.999Z,56.9681178,23.6006071,12.074,4.987,0.000,152.194
2026-05-26T19:01:30.999Z,56.9681178,23.6006071,11.867,4.987,0.000,152.194
2026-05-26T19:01:35.999Z,56.9681168,23.6006062,13.291,4.207,0.038,152.194
2026-05-26T19:01:36.999Z,56.9681165,23.6006061,13.326,4.100,0.069,152.194
2026-05-26T19:01:37.999Z,56.9681171,23.6006051,13.150,4.039,0.019,152.194
2026-05-26T19:01:38.999Z,56.9681171,23.6006053,13.065,4.065,0.030,152.194
2026-05-26T19:01:39.999Z,56.9681176,23.6006046,12.789,4.087,0.010,152.194
2026-05-26T19:01:40.999Z,56.9681179,23.6006045,12.675,4.101,0.023,152.194
2026-05-26T19:01:41.999Z,56.9681172,23.6006090,12.499,4.235,0.174,152.194
2026-05-26T19:01:42.999Z,56.9681160,23.6006162,12.334,4.288,0.277,152.194
2026-05-26T19:01:43.999Z,56.9681148,23.6006337,12.360,4.633,0.616,125.858
2026-05-26T19:01:44.999Z,56.9681132,23.6006499,12.058,4.505,0.750,110.207
2026-05-26T19:01:45.999Z,56.9681092,23.6006657,11.946,4.475,0.911,113.316
2026-05-26T19:01:46.999Z,56.9681057,23.6006727,11.627,4.249,0.725,122.131
2026-05-26T19:01:47.999Z,56.9681033,23.6006795,11.547,4.360,0.564,124.362
2026-05-26T19:01:48.999Z,56.9681001,23.6006902,11.499,4.323,0.635,121.662
2026-05-26T19:01:49.999Z,56.9680966,23.6006961,11.358,4.306,0.568,126.074
2026-05-26T19:01:50.999Z,56.9680912,23.6007036,11.384,4.353,0.673,132.797
2026-05-26T19:01:51.999Z,56.9680852,23.6007085,11.227,4.171,0.726,142.032
2026-05-26T19:01:52.999Z,56.9680797,23.6007131,11.183,4.308,0.701,146.073
2026-05-26T19:01:53.999Z,56.9680740,23.6007184,11.010,4.365,0.710,147.561
2026-05-26T19:01:54.999Z,56.9680684,23.6007208,10.894,4.289,0.642,154.514
2026-05-26T19:01:55.999Z,56.9680637,23.6007252,10.625,4.257,0.544,152.223
2026-05-26T19:01:56.999Z,56.9680587,23.6007296,10.232,4.451,0.541,155.066
2026-05-26T19:01:57.999Z,56.9680552,23.6007331,9.906,4.586,0.458,155.839
2026-05-26T19:01:58.999Z,56.9680496,23.6007371,9.683,4.681,0.582,159.839
2026-05-26T19:01:59.999Z,56.9680429,23.6007435,9.379,4.704,0.684,160.233
2026-05-26T19:02:00.999Z,56.9680363,23.6007514,9.130,4.657,0.711,159.846
2026-05-26T19:02:01.999Z,56.9680303,23.6007526,8.983,4.540,0.674,165.342
2026-05-26T19:02:02.999Z,56.9680204,23.6007535,8.815,4.628,0.868,170.464
2026-05-26T19:02:03.999Z,56.9680161,23.6007518,8.707,4.553,0.703,177.853
2026-05-26T19:02:04.999Z,56.9680105,23.6007486,8.415,4.528,0.715,183.014
2026-05-26T19:02:05.999Z,56.9680064,23.6007482,8.144,5.035,0.596,185.034
2026-05-26T19:02:06.999Z,56.9680028,23.6007537,7.922,5.238,0.476,174.458
2026-05-26T19:02:07.999Z,56.9679934,23.6007641,7.704,5.183,0.771,165.031
2026-05-26T19:02:08.999Z,56.9679889,23.6007656,7.452,5.185,0.613,166.334
2026-05-26T19:02:09.999Z,56.9679836,23.6007638,7.233,5.177,0.574,173.515
2026-05-26T19:02:10.999Z,56.9679784,23.6007611,7.001,5.268,0.604,177.800
2026-05-26T19:02:11.999Z,56.9679727,23.6007583,6.818,5.626,0.643,182.606
2026-05-26T19:02:12.999Z,56.9679667,23.6007563,6.624,5.603,0.662,183.126
2026-05-26T19:02:13.999Z,56.9679588,23.6007550,6.424,5.493,0.755,183.206
2026-05-26T19:02:14.999Z,56.9679525,23.6007582,6.263,5.445,0.661,181.446
2026-05-26T19:02:15.999Z,56.9679485,23.6007613,6.158,5.684,0.537,176.266
2026-05-26T19:02:16.999Z,56.9679426,23.6007604,6.050,6.216,0.566,180.893
2026-05-26T19:02:17.999Z,56.9679342,23.6007603,5.857,6.020,0.699,182.120
2026-05-26T19:02:18.999Z,56.9679285,23.6007609,5.681,6.102,0.631,179.252
2026-05-26T19:02:19.999Z,56.9679240,23.6007597,5.517,6.354,0.608,181.590
2026-05-26T19:02:20.999Z,56.9679167,23.6007597,5.415,6.349,0.698,183.270
2026-05-26T19:02:21.999Z,56.9679099,23.6007598,5.257,6.256,0.738,181.772
2026-05-26T19:02:22.999Z,56.9679051,23.6007601,5.094,6.233,0.618,180.610
2026-05-26T19:02:23.999Z,56.9678997,23.6007614,4.939,6.268,0.626,177.379
2026-05-26T19:02:24.999Z,56.9678931,23.6007609,4.792,6.170,0.607,180.394
2026-05-26T19:02:25.999Z,56.9678847,23.6007657,4.708,6.233,0.715,172.526
2026-05-26T19:02:26.999Z,56.9678804,23.6007694,4.644,6.548,0.634,167.454
2026-05-26T19:02:27.999Z,56.9678753,23.6007636,4.544,5.845,0.533,184.813
2026-05-26T19:02:28.999Z,56.9678680,23.6007563,4.543,5.426,0.723,195.505
2026-05-26T19:02:29.999Z,56.9678622,23.6007534,4.416,5.807,0.707,195.992
2026-05-26T19:02:30.999Z,56.9678571,23.6007571,4.442,5.811,0.540,182.516
2026-05-26T19:02:31.999Z,56.9678505,23.6007561,4.437,5.940,0.662,182.432
2026-05-26T19:02:32.999Z,56.9678436,23.6007511,4.374,5.426,0.713,189.162
2026-05-26T19:02:33.999Z,56.9678380,23.6007504,4.330,5.307,0.620,186.188
2026-05-26T19:02:34.999Z,56.9678288,23.6007540,4.249,5.194,0.744,181.640
2026-05-26T19:02:35.999Z,56.9678233,23.6007548,4.165,5.262,0.652,177.940
2026-05-26T19:02:36.999Z,56.9678174,23.6007544,4.142,5.503,0.663,180.228
2026-05-26T19:02:37.999Z,56.9678099,23.6007537,4.081,5.230,0.742,182.468
2026-05-26T19:02:38.999Z,56.9678026,23.6007524,3.992,4.919,0.740,185.319
2026-05-26T19:02:39.999Z,56.9677974,23.6007520,3.902,4.997,0.646,185.425
2026-05-26T19:02:40.999Z,56.9677918,23.6007517,3.817,5.185,0.629,184.017
2026-05-26T19:02:41.999Z,56.9677852,23.6007502,3.755,5.006,0.735,182.869
2026-05-26T19:02:42.999Z,56.9677792,23.6007543,3.681,5.329,0.707,174.858
2026-05-26T19:02:43.999Z,56.9677739,23.6007549,3.597,5.224,0.609,174.458
2026-05-26T19:02:44.999Z,56.9677678,23.6007565,3.532,5.402,0.624,172.260
2026-05-26T19:02:45.999Z,56.9677631,23.6007572,3.502,5.764,0.624,170.787
2026-05-26T19:02:46.999Z,56.9677566,23.6007566,3.430,5.747,0.650,175.094
2026-05-26T19:02:47.999Z,56.9677537,23.6007536,3.358,5.651,0.504,183.184
2026-05-26T19:02:48.999Z,56.9677495,23.6007559,3.358,5.879,0.460,177.398
2026-05-26T19:02:50.000Z,56.9677460,23.6007595,3.323,6.121,0.360,170.388
2026-05-26T19:02:51.000Z,56.9677394,23.6007602,3.311,6.367,0.466,170.388
2026-05-26T19:02:52.000Z,56.9677333,23.6007612,3.308,6.587,0.527,172.013
2026-05-26T19:02:53.000Z,56.9677272,23.6007610,3.243,6.934,0.506,178.549
2026-05-26T19:02:54.000Z,56.9677213,23.6007617,3.219,6.764,0.601,178.681
2026-05-26T19:02:55.000Z,56.9677160,23.6007637,3.158,6.618,0.573,174.438
2026-05-26T19:02:56.000Z,56.9677108,23.6007668,3.104,6.793,0.614,169.821
2026-05-26T19:02:57.000Z,56.9677025,23.6007691,3.148,6.780,0.779,171.262
2026-05-26T19:02:58.000Z,56.9676980,23.6007675,3.091,6.609,0.603,176.579
2026-05-26T19:02:59.000Z,56.9676928,23.6007712,3.045,6.711,0.613,172.909
2026-05-26T19:03:00.000Z,56.9676882,23.6007760,3.023,6.514,0.605,165.555
2026-05-26T19:03:01.000Z,56.9676844,23.6007778,3.062,6.478,0.592,165.756
2026-05-26T19:03:02.000Z,56.9676797,23.6007802,3.009,6.310,0.641,168.651
2026-05-26T19:03:03.000Z,56.9676757,23.6007815,2.989,6.271,0.583,167.858
2026-05-26T19:03:04.000Z,56.9676690,23.6007850,2.966,6.512,0.707,165.313
2026-05-26T19:03:05.000Z,56.9676613,23.6007883,2.966,6.591,0.815,166.336
2026-05-26T19:03:06.000Z,56.9676576,23.6007925,2.991,6.387,0.651,163.102
2026-05-26T19:03:07.000Z,56.9676544,23.6007972,3.010,6.197,0.593,156.156
2026-05-26T19:03:08.000Z,56.9676508,23.6008001,3.146,6.285,0.579,154.712
2026-05-26T19:03:09.000Z,56.9676450,23.6008067,3.168,6.346,0.644,153.393
2026-05-26T19:03:10.000Z,56.9676391,23.6008121,3.210,6.114,0.697,153.934
2026-05-26T19:03:11.000Z,56.9676345,23.6008158,3.149,5.859,0.702,151.704
2026-05-26T19:03:12.000Z,56.9676293,23.6008160,3.178,5.954,0.647,157.402
2026-05-26T19:03:13.000Z,56.9676231,23.6008240,3.134,6.167,0.711,153.356
2026-05-26T19:03:14.000Z,56.9676184,23.6008274,3.124,5.898,0.660,153.436
2026-05-26T19:03:15.000Z,56.9676140,23.6008325,3.073,5.939,0.633,150.804
2026-05-26T19:03:16.000Z,56.9676113,23.6008359,3.074,5.631,0.518,148.294
2026-05-26T19:03:17.000Z,56.9676056,23.6008430,3.177,5.839,0.669,147.009
2026-05-26T19:03:18.000Z,56.9676023,23.6008485,3.159,5.917,0.580,145.358
2026-05-26T19:03:19.000Z,56.9676003,23.6008544,3.179,5.581,0.485,141.095
2026-05-26T19:03:20.000Z,56.9675971,23.6008602,3.145,5.687,0.513,140.868
2026-05-26T19:03:21.000Z,56.9675929,23.6008669,3.158,5.695,0.601,140.365
2026-05-26T19:03:22.000Z,56.9675893,23.6008714,3.143,5.546,0.595,142.477
2026-05-26T19:03:23.000Z,56.9675857,23.6008773,3.182,5.692,0.621,141.412
2026-05-26T19:03:24.000Z,56.9675841,23.6008808,3.158,5.527,0.419,141.159
2026-05-26T19:03:25.000Z,56.9675806,23.6008900,3.101,5.616,0.506,134.431
2026-05-26T19:03:26.000Z,56.9675761,23.6008983,3.061,5.875,0.683,132.589
2026-05-26T19:03:27.000Z,56.9675730,23.6009055,3.008,5.922,0.634,129.608
2026-05-26T19:03:27.999Z,56.9675681,23.6009154,2.966,6.141,0.724,129.878
2026-05-26T19:03:28.999Z,56.9675658,23.6009221,2.967,6.122,0.583,127.513
2026-05-26T19:03:29.999Z,56.9675631,23.6009295,2.918,6.249,0.539,126.302
2026-05-26T19:03:30.999Z,56.9675605,23.6009378,2.877,6.115,0.567,126.485
2026-05-26T19:03:31.999Z,56.9675569,23.6009464,2.867,6.224,0.618,125.559
2026-05-26T19:03:32.999Z,56.9675532,23.6009550,2.849,6.169,0.682,128.007
2026-05-26T19:03:33.999Z,56.9675496,23.6009627,2.807,6.195,0.626,130.442
2026-05-26T19:03:34.999Z,56.9675458,23.6009705,2.775,6.550,0.660,129.154
2026-05-26T19:03:35.999Z,56.9675429,23.6009774,2.744,6.288,0.574,127.919
2026-05-26T19:03:36.999Z,56.9675409,23.6009849,2.747,6.193,0.538,124.180
2026-05-26T19:03:37.999Z,56.9675391,23.6009910,2.719,6.266,0.463,121.053
2026-05-26T19:03:38.999Z,56.9675354,23.6009970,2.713,6.377,0.518,122.965
2026-05-26T19:03:39.999Z,56.9675313,23.6010040,2.683,6.632,0.572,125.027
2026-05-26T19:03:40.999Z,56.9675274,23.6010121,2.722,6.571,0.608,126.202
2026-05-26T19:03:41.999Z,56.9675229,23.6010197,2.704,6.356,0.650,129.970
2026-05-26T19:03:42.999Z,56.9675194,23.6010276,2.678,6.607,0.591,128.024
2026-05-26T19:03:43.999Z,56.9675142,23.6010358,2.646,6.575,0.667,131.050
2026-05-26T19:03:44.999Z,56.9675110,23.6010426,2.665,6.637,0.584,129.053
2026-05-26T19:03:45.999Z,56.9675066,23.6010556,2.689,6.813,0.742,125.663
2026-05-26T19:03:46.999Z,56.9675045,23.6010618,2.692,6.774,0.658,125.939
2026-05-26T19:03:47.999Z,56.9675038,23.6010672,2.680,6.372,0.507,123.371
2026-05-26T19:03:48.999Z,56.9675007,23.6010758,2.668,6.221,0.611,124.101
2026-05-26T19:03:49.999Z,56.9674981,23.6010875,2.635,6.272,0.704,122.708
2026-05-26T19:03:50.999Z,56.9674939,23.6010970,2.641,5.982,0.691,126.611
2026-05-26T19:03:51.999Z,56.9674910,23.6011042,2.609,5.967,0.636,126.371
2026-05-26T19:03:52.999Z,56.9674888,23.6011135,2.632,5.974,0.591,121.802
2026-05-26T19:03:53.999Z,56.9674867,23.6011238,2.605,5.906,0.584,118.814
2026-05-26T19:03:54.999Z,56.9674835,23.6011343,2.575,6.175,0.675,120.084
2026-05-26T19:03:55.999Z,56.9674802,23.6011446,2.560,5.840,0.730,120.154
2026-05-26T19:03:56.999Z,56.9674769,23.6011513,2.532,5.843,0.670,126.127
2026-05-26T19:03:57.999Z,56.9674739,23.6011606,2.534,5.969,0.656,124.495
2026-05-26T19:03:58.999Z,56.9674715,23.6011688,2.543,6.022,0.603,124.332
2026-05-26T19:03:59.999Z,56.9674688,23.6011786,2.549,6.268,0.624,123.897
2026-05-26T19:04:00.999Z,56.9674665,23.6011854,2.567,6.478,0.542,124.035
2026-05-26T19:04:01.999Z,56.9674633,23.6011965,2.571,6.823,0.671,124.890
2026-05-26T19:04:02.999Z,56.9674612,23.6012083,2.613,7.294,0.713,121.647
2026-05-26T19:04:03.999Z,56.9674603,23.6012157,2.583,7.209,0.556,116.912
2026-05-26T19:04:04.999Z,56.9674591,23.6012232,2.610,7.388,0.491,115.246
2026-05-26T19:04:05.999Z,56.9674581,23.6012294,2.637,7.636,0.405,115.023
2026-05-26T19:04:06.999Z,56.9674579,23.6012297,2.659,7.514,0.174,117.515
2026-05-26T19:04:07.999Z,56.9674574,23.6012311,2.645,7.487,0.000,117.515
2026-05-26T19:04:08.999Z,56.9674574,23.6012311,2.631,7.487,0.000,117.515
2026-05-26T19:04:09.999Z,56.9674568,23.6012323,2.687,7.234,0.012,117.515
2026-05-26T19:04:10.999Z,56.9674569,23.6012322,2.725,7.239,0.000,117.515
2026-05-26T19:04:11.999Z,56.9674555,23.6012358,2.792,6.926,0.183,117.515
2026-05-26T19:04:12.999Z,56.9674547,23.6012449,2.752,6.909,0.405,117.515
2026-05-26T19:04:13.999Z,56.9674525,23.6012517,2.730,7.141,0.497,117.515
2026-05-26T19:04:14.999Z,56.9674493,23.6012616,2.693,7.007,0.619,117.802
2026-05-26T19:04:15.999Z,56.9674447,23.6012691,2.901,7.141,0.664,123.956
2026-05-26T19:04:16.999Z,56.9674409,23.6012782,3.208,7.288,0.667,124.219
2026-05-26T19:04:17.999Z,56.9674363,23.6012873,3.450,7.126,0.701,126.257
2026-05-26T19:04:18.999Z,56.9674319,23.6012973,3.646,6.876,0.762,128.033
2026-05-26T19:04:19.999Z,56.9674304,23.6013035,3.956,6.850,0.523,126.784
2026-05-26T19:04:20.999Z,56.9674282,23.6013067,4.087,6.582,0.395,130.179
2026-05-26T19:04:21.999Z,56.9674257,23.6013147,4.205,6.748,0.479,124.203
2026-05-26T19:04:22.999Z,56.9674267,23.6013220,4.347,6.703,0.387,100.063
2026-05-26T19:04:23.999Z,56.9674265,23.6013291,4.523,7.036,0.405,100.342
2026-05-26T19:04:24.999Z,56.9674254,23.6013281,4.676,7.025,0.177,99.591
2026-05-26T19:04:25.999Z,56.9674253,23.6013297,4.868,7.030,0.145,99.591
2026-05-26T19:04:26.999Z,56.9674254,23.6013300,5.228,7.121,0.047,99.591
2026-05-26T19:04:27.999Z,56.9674256,23.6013295,5.417,7.114,0.000,99.591
2026-05-26T19:04:33.999Z,56.9674230,23.6013326,6.184,6.550,0.000,99.591
2026-05-26T19:04:34.999Z,56.9674228,23.6013328,6.487,6.535,0.000,99.591
2026-05-26T19:04:43.999Z,56.9674227,23.6013287,7.529,6.155,0.111,99.591
2026-05-26T19:04:44.999Z,56.9674188,23.6013337,7.520,5.962,0.324,99.591
2026-05-26T19:04:45.999Z,56.9674134,23.6013439,7.479,6.072,0.598,123.149
2026-05-26T19:04:46.999Z,56.9674095,23.6013543,7.483,5.997,0.658,122.867
2026-05-26T19:04:47.999Z,56.9674029,23.6013621,7.375,5.870,0.703,133.144
2026-05-26T19:04:48.999Z,56.9673966,23.6013679,7.367,5.688,0.717,141.183
2026-05-26T19:04:49.999Z,56.9673919,23.6013755,7.374,5.322,0.628,141.296
2026-05-26T19:04:50.999Z,56.9673871,23.6013842,7.273,5.099,0.652,141.180
2026-05-26T19:04:51.999Z,56.9673846,23.6013994,7.250,5.196,0.720,130.999
2026-05-26T19:04:52.999Z,56.9673825,23.6014114,7.179,5.411,0.653,121.820
2026-05-26T19:04:53.999Z,56.9673785,23.6014266,7.003,4.935,0.726,121.391
2026-05-26T19:04:54.999Z,56.9673730,23.6014452,7.217,5.589,0.965,121.625
2026-05-26T19:04:55.999Z,56.9673705,23.6014494,7.366,5.253,0.638,126.390
2026-05-26T19:04:56.999Z,56.9673682,23.6014599,7.444,5.573,0.604,123.608
2026-05-26T19:04:57.999Z,56.9673635,23.6014743,7.335,5.765,0.787,122.974
2026-05-26T19:04:58.999Z,56.9673595,23.6014841,7.335,5.808,0.787,124.366
2026-05-26T19:04:59.999Z,56.9673557,23.6014947,7.089,5.772,0.760,127.083
2026-05-26T19:05:00.999Z,56.9673519,23.6015068,6.910,6.121,0.796,125.009
2026-05-26T19:05:02.000Z,56.9673502,23.6015195,6.705,6.669,0.764,118.909
2026-05-26T19:05:03.000Z,56.9673462,23.6015310,6.608,6.509,0.768,125.097
2026-05-26T19:05:04.000Z,56.9673415,23.6015428,6.465,6.430,0.892,126.118
2026-05-26T19:05:05.000Z,56.9673390,23.6015536,6.293,6.086,0.822,122.173
2026-05-26T19:05:06.000Z,56.9673349,23.6015619,6.120,6.064,0.732,127.110
2026-05-26T19:05:07.000Z,56.9673325,23.6015745,6.009,6.495,0.716,119.272
2026-05-26T19:05:08.000Z,56.9673281,23.6015869,5.887,6.346,0.763,121.175
2026-05-26T19:05:09.000Z,56.9673233,23.6015994,5.743,6.459,0.796,122.482
2026-05-26T19:05:10.000Z,56.9673217,23.6016092,5.653,6.776,0.712,116.782
2026-05-26T19:05:11.000Z,56.9673179,23.6016196,5.580,6.638,0.717,119.013
2026-05-26T19:05:12.000Z,56.9673151,23.6016291,5.500,6.599,0.682,120.935
2026-05-26T19:05:13.000Z,56.9673129,23.6016386,5.362,6.298,0.643,119.469
2026-05-26T19:05:14.000Z,56.9673115,23.6016491,5.193,6.040,0.629,115.984
2026-05-26T19:05:15.000Z,56.9673089,23.6016569,5.054,6.297,0.550,119.166
2026-05-26T19:05:16.000Z,56.9673098,23.6016540,4.907,6.321,0.131,122.860
2026-05-26T19:05:17.000Z,56.9673092,23.6016583,4.782,6.437,0.192,122.860
2026-05-26T19:05:18.000Z,56.9673075,23.6016601,4.733,6.533,0.141,122.860
2026-05-26T19:05:19.000Z,56.9673071,23.6016611,4.640,6.622,0.031,122.860
2026-05-26T19:05:20.000Z,56.9673074,23.6016610,4.545,6.723,0.034,122.860
2026-05-26T19:05:21.000Z,56.9673076,23.6016607,4.538,6.726,0.000,122.860
2026-05-26T19:05:22.000Z,56.9673082,23.6016659,4.518,7.024,0.056,122.860
2026-05-26T19:05:23.000Z,56.9673050,23.6016692,4.735,7.080,0.286,122.860
2026-05-26T19:05:24.000Z,56.9673030,23.6016806,4.771,7.061,0.619,108.063
2026-05-26T19:05:25.000Z,56.9672965,23.6016892,4.860,7.025,0.718,123.232
2026-05-26T19:05:26.000Z,56.9672939,23.6017000,5.129,7.114,0.671,119.617
2026-05-26T19:05:27.000Z,56.9672894,23.6017076,5.462,6.666,0.700,125.359
2026-05-26T19:05:28.000Z,56.9672865,23.6017122,6.036,6.395,0.534,126.172
2026-05-26T19:05:29.000Z,56.9672854,23.6017214,6.192,6.151,0.556,119.759
2026-05-26T19:05:30.000Z,56.9672830,23.6017312,6.242,6.182,0.656,117.815
2026-05-26T19:05:31.000Z,56.9672822,23.6017357,6.366,6.081,0.456,116.397
2026-05-26T19:05:32.000Z,56.9672789,23.6017430,6.443,5.748,0.456,122.560
2026-05-26T19:05:33.000Z,56.9672750,23.6017582,6.460,5.639,0.743,122.814
2026-05-26T19:05:33.999Z,56.9672714,23.6017691,6.658,5.542,0.776,122.098
2026-05-26T19:05:34.999Z,56.9672687,23.6017728,6.572,5.527,0.540,121.330
2026-05-26T19:05:35.999Z,56.9672645,23.6017790,6.596,5.687,0.530,124.451
2026-05-26T19:05:36.999Z,56.9672624,23.6017826,6.729,5.520,0.361,122.352
2026-05-26T19:05:37.999Z,56.9672596,23.6017868,6.565,5.410,0.345,121.808
2026-05-26T19:05:38.999Z,56.9672585,23.6017899,6.378,5.335,0.316,121.808
2026-05-26T19:05:39.999Z,56.9672561,23.6017904,6.227,5.422,0.297,121.808
2026-05-26T19:05:40.999Z,56.9672581,23.6017930,6.016,5.557,0.214,121.808
2026-05-26T19:05:41.999Z,56.9672562,23.6017956,5.904,5.511,0.200,121.808
2026-05-26T19:05:42.999Z,56.9672572,23.6018043,5.817,5.682,0.325,121.808
2026-05-26T19:05:43.999Z,56.9672543,23.6018084,5.671,5.626,0.429,121.808
2026-05-26T19:05:44.999Z,56.9672523,23.6018141,5.545,5.472,0.472,121.809
2026-05-26T19:05:45.999Z,56.9672466,23.6018282,5.395,5.657,0.785,121.234
2026-05-26T19:05:46.999Z,56.9672426,23.6018365,5.264,5.960,0.729,124.786
2026-05-26T19:05:47.999Z,56.9672367,23.6018442,5.191,5.942,0.783,132.668
2026-05-26T19:05:48.999Z,56.9672345,23.6018564,5.046,5.695,0.774,124.285
2026-05-26T19:05:49.999Z,56.9672351,23.6018690,4.919,6.040,0.764,117.682
2026-05-26T19:05:50.999Z,56.9672332,23.6018783,4.826,6.206,0.664,116.562
2026-05-26T19:05:51.999Z,56.9672279,23.6018854,4.722,5.834,0.708,124.520
2026-05-26T19:05:52.999Z,56.9672238,23.6018949,4.625,5.408,0.741,124.755
2026-05-26T19:05:53.999Z,56.9672206,23.6019025,4.574,5.302,0.675,126.371
2026-05-26T19:05:54.999Z,56.9672190,23.6019094,4.514,5.645,0.567,123.562
2026-05-26T19:05:55.999Z,56.9672140,23.6019242,4.501,5.004,0.823,122.558
2026-05-26T19:05:56.999Z,56.9672126,23.6019308,4.376,5.050,0.679,122.530
2026-05-26T19:05:57.999Z,56.9672087,23.6019376,4.307,5.367,0.607,127.831
2026-05-26T19:05:58.999Z,56.9672052,23.6019438,4.282,5.455,0.585,131.615
2026-05-26T19:05:59.999Z,56.9672032,23.6019473,4.192,5.772,0.433,131.573
2026-05-26T19:06:00.999Z,56.9671990,23.6019559,4.127,5.614,0.526,129.325
2026-05-26T19:06:01.999Z,56.9671960,23.6019659,4.076,5.343,0.630,126.282
2026-05-26T19:06:02.999Z,56.9671903,23.6019789,4.110,5.465,0.728,126.845
2026-05-26T19:06:03.999Z,56.9671879,23.6019871,4.083,5.089,0.588,123.330
2026-05-26T19:06:04.999Z,56.9671827,23.6019969,4.008,5.435,0.662,125.793
2026-05-26T19:06:05.999Z,56.9671814,23.6020071,3.950,5.531,0.574,120.381
2026-05-26T19:06:06.999Z,56.9671788,23.6020179,3.965,5.857,0.635,118.426
2026-05-26T19:06:07.999Z,56.9671758,23.6020286,3.936,6.129,0.635,116.807
2026-05-26T19:06:08.999Z,56.9671721,23.6020367,3.893,6.182,0.639,120.275
2026-05-26T19:06:09.999Z,56.9671668,23.6020445,3.834,5.856,0.682,128.832
2026-05-26T19:06:10.999Z,56.9671628,23.6020509,3.758,6.166,0.603,130.271
2026-05-26T19:06:11.999Z,56.9671613,23.6020586,3.693,6.247,0.530,125.338
2026-05-26T19:06:12.999Z,56.9671569,23.6020640,3.653,5.786,0.555,135.585
2026-05-26T19:06:13.999Z,56.9671535,23.6020649,3.586,5.528,0.416,144.615
2026-05-26T19:06:14.999Z,56.9671461,23.6020796,3.507,5.746,0.768,138.350
2026-05-26T19:06:15.999Z,56.9671406,23.6020895,3.467,5.668,0.787,137.818
2026-05-26T19:06:16.999Z,56.9671367,23.6020948,3.479,5.696,0.625,142.500
2026-05-26T19:06:17.999Z,56.9671308,23.6021063,3.504,5.592,0.703,139.896
2026-05-26T19:06:18.999Z,56.9671272,23.6021119,3.482,5.632,0.618,140.712
2026-05-26T19:06:19.999Z,56.9671238,23.6021221,3.536,5.697,0.715,137.639
2026-05-26T19:06:20.999Z,56.9671208,23.6021256,3.518,6.058,0.521,143.880
2026-05-26T19:06:21.999Z,56.9671168,23.6021339,3.590,6.072,0.542,145.514
2026-05-26T19:06:22.999Z,56.9671114,23.6021422,3.625,6.170,0.650,146.845
2026-05-26T19:06:23.999Z,56.9671061,23.6021517,3.653,6.556,0.694,143.916
2026-05-26T19:06:24.999Z,56.9671016,23.6021590,3.720,6.229,0.663,142.668
2026-05-26T19:06:25.999Z,56.9670971,23.6021671,3.682,6.587,0.665,141.958
2026-05-26T19:06:26.999Z,56.9670905,23.6021758,3.640,6.255,0.711,144.355
2026-05-26T19:06:27.999Z,56.9670839,23.6021827,3.743,6.105,0.721,148.720
2026-05-26T19:06:28.999Z,56.9670778,23.6021840,3.801,6.281,0.662,160.317
2026-05-26T19:06:29.999Z,56.9670702,23.6021809,3.754,6.214,0.673,174.875
2026-05-26T19:06:30.999Z,56.9670633,23.6021768,3.758,5.902,0.665,184.358
2026-05-26T19:06:31.999Z,56.9670560,23.6021695,3.723,5.943,0.658,193.970
2026-05-26T19:06:32.999Z,56.9670504,23.6021705,3.785,6.071,0.539,192.857
2026-05-26T19:06:33.999Z,56.9670451,23.6021668,3.807,6.083,0.525,197.820
2026-05-26T19:06:34.999Z,56.9670363,23.6021639,3.885,5.779,0.653,198.874
2026-05-26T19:06:35.999Z,56.9670301,23.6021597,3.879,5.967,0.584,200.032
2026-05-26T19:06:36.999Z,56.9670215,23.6021555,3.969,6.624,0.604,204.951
2026-05-26T19:06:37.999Z,56.9670181,23.6021544,3.956,6.565,0.203,206.842
2026-05-26T19:06:38.999Z,56.9670189,23.6021577,4.130,6.622,0.022,206.842
2026-05-26T19:06:39.999Z,56.9670183,23.6021572,4.119,6.574,0.075,206.842
2026-05-26T19:06:40.999Z,56.9670162,23.6021578,4.146,6.547,0.107,206.842
2026-05-26T19:06:41.999Z,56.9670165,23.6021581,4.214,6.540,0.000,206.842
2026-05-26T19:06:43.999Z,56.9670165,23.6021550,4.920,6.779,0.135,206.842
2026-05-26T19:06:44.999Z,56.9670135,23.6021520,5.339,6.984,0.301,206.842
2026-05-26T19:06:45.999Z,56.9670105,23.6021498,5.649,6.994,0.411,206.842
2026-05-26T19:06:46.999Z,56.9670037,23.6021543,5.832,6.702,0.623,183.072
2026-05-26T19:06:47.999Z,56.9670000,23.6021476,6.091,6.879,0.649,199.124
2026-05-26T19:06:48.999Z,56.9669951,23.6021428,6.375,7.031,0.632,202.918
2026-05-26T19:06:49.999Z,56.9669887,23.6021351,6.679,6.841,0.704,204.643
2026-05-26T19:06:50.999Z,56.9669824,23.6021268,6.783,7.030,0.750,206.893
2026-05-26T19:06:51.999Z,56.9669758,23.6021198,7.116,6.679,0.738,207.567
2026-05-26T19:06:52.999Z,56.9669686,23.6021176,7.065,6.971,0.748,201.846
2026-05-26T19:06:53.999Z,56.9669610,23.6021122,7.291,7.006,0.883,199.636
2026-05-26T19:06:54.999Z,56.9669558,23.6021094,7.301,6.914,0.764,196.577
2026-05-26T19:06:55.999Z,56.9669500,23.6021039,7.685,6.999,0.747,203.586
2026-05-26T19:06:56.999Z,56.9669454,23.6020999,7.634,7.813,0.684,204.321
2026-05-26T19:06:57.999Z,56.9669413,23.6020973,7.629,7.777,0.596,199.989
2026-05-26T19:06:58.999Z,56.9669342,23.6020935,7.619,7.684,0.777,199.032
2026-05-26T19:06:59.999Z,56.9669296,23.6020893,7.459,7.669,0.691,203.360
2026-05-26T19:07:00.999Z,56.9669214,23.6020834,7.186,7.767,0.814,201.302
2026-05-26T19:07:01.999Z,56.9669170,23.6020785,7.049,7.924,0.716,205.933
2026-05-26T19:07:02.999Z,56.9669122,23.6020732,6.840,7.896,0.612,209.750
2026-05-26T19:07:03.999Z,56.9669063,23.6020672,6.660,7.664,0.646,210.006
2026-05-26T19:07:04.999Z,56.9669008,23.6020663,6.499,7.735,0.590,203.735
2026-05-26T19:07:05.999Z,56.9668990,23.6020654,6.318,7.593,0.481,204.957
2026-05-26T19:07:06.999Z,56.9668929,23.6020563,6.131,7.154,0.669,210.739
2026-05-26T19:07:07.999Z,56.9668915,23.6020531,5.959,7.119,0.427,213.043
2026-05-26T19:07:08.999Z,56.9668861,23.6020470,5.761,7.137,0.542,212.975
2026-05-26T19:07:09.999Z,56.9668819,23.6020441,5.573,7.101,0.493,209.069
2026-05-26T19:07:10.999Z,56.9668759,23.6020421,5.452,7.300,0.469,205.095
2026-05-26T19:07:11.999Z,56.9668702,23.6020402,5.365,7.419,0.462,200.269
2026-05-26T19:07:12.999Z,56.9668703,23.6020428,5.313,7.338,0.147,197.791
2026-05-26T19:07:13.999Z,56.9668696,23.6020422,5.268,7.249,0.106,197.791
2026-05-26T19:07:14.999Z,56.9668651,23.6020411,5.159,7.432,0.407,197.791
2026-05-26T19:07:15.999Z,56.9668598,23.6020374,5.085,7.383,0.545,200.293
2026-05-26T19:07:17.000Z,56.9668526,23.6020391,5.003,7.688,0.624,185.371
2026-05-26T19:07:18.000Z,56.9668446,23.6020349,4.869,7.820,0.742,190.351
2026-05-26T19:07:19.000Z,56.9668357,23.6020281,4.738,7.354,0.884,195.051
2026-05-26T19:07:20.000Z,56.9668294,23.6020220,4.968,7.355,0.822,199.057
2026-05-26T19:07:21.000Z,56.9668219,23.6020248,5.024,7.308,0.753,186.169
2026-05-26T19:07:22.000Z,56.9668130,23.6020204,5.125,7.090,0.890,188.246
2026-05-26T19:07:23.000Z,56.9668073,23.6020178,5.053,7.347,0.777,190.637
2026-05-26T19:07:24.000Z,56.9668019,23.6020134,4.900,7.293,0.717,196.426
2026-05-26T19:07:25.000Z,56.9667932,23.6020068,4.770,7.034,0.851,201.105
2026-05-26T19:07:26.000Z,56.9667865,23.6020043,4.632,6.801,0.789,197.201
2026-05-26T19:07:27.000Z,56.9667796,23.6020024,4.500,6.623,0.788,192.180
2026-05-26T19:07:28.000Z,56.9667767,23.6020006,4.435,7.139,0.503,191.952
2026-05-26T19:07:29.000Z,56.9667737,23.6019931,4.313,6.912,0.485,208.284
2026-05-26T19:07:30.000Z,56.9667655,23.6019888,4.197,6.942,0.773,201.718
2026-05-26T19:07:31.000Z,56.9667571,23.6019819,4.096,7.012,0.899,202.957
2026-05-26T19:07:32.000Z,56.9667507,23.6019780,3.993,6.249,0.849,200.188
2026-05-26T19:07:33.000Z,56.9667430,23.6019740,3.953,6.731,0.936,197.617
2026-05-26T19:07:34.000Z,56.9667374,23.6019743,3.951,6.876,0.726,193.380
2026-05-26T19:07:35.000Z,56.9667388,23.6019692,3.853,6.868,0.319,208.884
2026-05-26T19:07:36.000Z,56.9667361,23.6019656,3.762,7.065,0.390,208.884
2026-05-26T19:07:37.000Z,56.9667280,23.6019575,3.688,6.923,0.680,206.513
2026-05-26T19:07:38.000Z,56.9667206,23.6019504,3.604,6.853,0.822,205.856
2026-05-26T19:07:39.000Z,56.9667152,23.6019461,3.576,7.165,0.806,202.022
2026-05-26T19:07:39.999Z,56.9667122,23.6019360,3.505,7.364,0.675,212.603
2026-05-26T19:07:40.999Z,56.9667071,23.6019293,3.461,7.294,0.615,216.966
2026-05-26T19:07:41.999Z,56.9667025,23.6019251,3.414,7.144,0.511,216.990
2026-05-26T19:07:42.999Z,56.9666905,23.6019193,3.377,7.322,0.869,207.531
2026-05-26T19:07:43.999Z,56.9666814,23.6019173,3.434,7.333,0.836,201.908
2026-05-26T19:07:44.999Z,56.9666735,23.6019133,3.469,7.126,0.801,201.827
2026-05-26T19:07:45.999Z,56.9666669,23.6019108,3.442,6.770,0.789,198.595
2026-05-26T19:07:46.999Z,56.9666613,23.6019074,3.403,6.747,0.694,200.248
2026-05-26T19:07:47.999Z,56.9666551,23.6019047,3.368,6.748,0.708,202.604
2026-05-26T19:07:48.999Z,56.9666500,23.6019029,3.334,6.556,0.650,200.100
2026-05-26T19:07:49.999Z,56.9666420,23.6019024,3.338,6.451,0.746,200.867
2026-05-26T19:07:50.999Z,56.9666379,23.6019012,3.305,6.788,0.587,200.653
2026-05-26T19:07:51.999Z,56.9666312,23.6018960,3.296,6.842,0.678,203.020
2026-05-26T19:07:52.999Z,56.9666262,23.6018898,3.285,6.715,0.747,205.364
2026-05-26T19:07:53.999Z,56.9666183,23.6018845,3.261,6.760,0.785,203.912
2026-05-26T19:07:54.999Z,56.9666134,23.6018797,3.243,6.674,0.645,205.489
2026-05-26T19:07:55.999Z,56.9666147,23.6018757,3.202,6.932,0.370,210.964
2026-05-26T19:07:56.999Z,56.9666133,23.6018755,3.241,6.825,0.194,210.964
2026-05-26T19:07:57.999Z,56.9666132,23.6018754,3.249,6.807,0.051,210.964
2026-05-26T19:07:58.999Z,56.9666130,23.6018753,3.201,6.901,0.066,210.964
2026-05-26T19:07:59.999Z,56.9666104,23.6018760,3.140,6.959,0.111,210.964
2026-05-26T19:08:00.999Z,56.9666072,23.6018734,3.100,6.973,0.249,210.964
2026-05-26T19:08:01.999Z,56.9666058,23.6018715,3.069,6.925,0.340,210.964
2026-05-26T19:08:02.999Z,56.9666014,23.6018631,3.066,7.207,0.659,213.703
2026-05-26T19:08:03.999Z,56.9665974,23.6018617,3.407,7.145,0.588,207.125
2026-05-26T19:08:04.999Z,56.9665887,23.6018604,3.513,7.248,0.774,198.366
2026-05-26T19:08:05.999Z,56.9665836,23.6018589,3.717,7.127,0.694,193.874
2026-05-26T19:08:06.999Z,56.9665787,23.6018540,3.900,6.915,0.676,195.310
2026-05-26T19:08:07.999Z,56.9665715,23.6018524,4.061,6.812,0.735,191.604
2026-05-26T19:08:08.999Z,56.9665672,23.6018483,4.760,6.951,0.565,201.053
2026-05-26T19:08:09.999Z,56.9665605,23.6018412,4.972,6.812,0.716,204.043
2026-05-26T19:08:10.999Z,56.9665528,23.6018386,4.999,7.096,0.781,200.399
2026-05-26T19:08:11.999Z,56.9665489,23.6018374,5.078,7.034,0.542,198.345
2026-05-26T19:08:12.999Z,56.9665443,23.6018357,5.157,6.932,0.494,197.271
2026-05-26T19:08:13.999Z,56.9665420,23.6018373,5.123,6.812,0.338,188.543
2026-05-26T19:08:14.999Z,56.9665390,23.6018340,5.194,6.792,0.371,188.543
2026-05-26T19:08:15.999Z,56.9665376,23.6018329,5.034,6.710,0.296,188.543
2026-05-26T19:08:16.999Z,56.9665378,23.6018318,4.932,6.657,0.094,188.543
2026-05-26T19:08:17.999Z,56.9665355,23.6018322,4.807,6.730,0.120,188.543
2026-05-26T19:08:18.999Z,56.9665360,23.6018323,4.667,6.726,0.000,188.543
2026-05-26T19:08:19.999Z,56.9665364,23.6018309,4.556,6.707,0.051,188.543
2026-05-26T19:08:20.999Z,56.9665366,23.6018311,4.575,6.705,0.000,188.543
2026-05-26T19:08:21.999Z,56.9665361,23.6018309,4.736,6.888,0.060,188.543
2026-05-26T19:08:22.999Z,56.9665364,23.6018309,4.928,6.891,0.000,188.543
2026-05-26T19:08:23.999Z,56.9665370,23.6018306,5.346,6.854,0.074,188.543
2026-05-26T19:08:24.999Z,56.9665378,23.6018302,5.493,6.851,0.000,188.543
2026-05-26T19:08:25.999Z,56.9665353,23.6018265,5.846,6.865,0.243,188.543
2026-05-26T19:08:26.999Z,56.9665313,23.6018226,5.928,6.867,0.398,188.543
2026-05-26T19:08:27.999Z,56.9665264,23.6018187,6.152,6.864,0.532,191.744
2026-05-26T19:08:28.999Z,56.9665199,23.6018092,6.261,6.640,0.700,209.615
2026-05-26T19:08:29.999Z,56.9665151,23.6018076,6.236,6.820,0.602,200.757
2026-05-26T19:08:30.999Z,56.9665105,23.6018013,6.370,6.925,0.658,204.475
2026-05-26T19:08:31.999Z,56.9665031,23.6017978,6.525,6.571,0.780,199.535
2026-05-26T19:08:32.999Z,56.9664978,23.6017916,6.668,6.547,0.727,203.791
2026-05-26T19:08:33.999Z,56.9664908,23.6017872,6.570,6.685,0.759,203.374
2026-05-26T19:08:34.999Z,56.9664802,23.6017822,6.868,6.732,0.980,198.328
2026-05-26T19:08:35.999Z,56.9664766,23.6017770,6.975,6.312,0.749,203.120
2026-05-26T19:08:36.999Z,56.9664710,23.6017764,6.975,6.332,0.659,197.240
2026-05-26T19:08:37.999Z,56.9664653,23.6017738,6.823,6.112,0.666,197.154
2026-05-26T19:08:38.999Z,56.9664608,23.6017713,6.923,5.816,0.568,201.697
2026-05-26T19:08:39.999Z,56.9664497,23.6017647,7.004,5.746,0.920,199.562
2026-05-26T19:08:40.999Z,56.9664466,23.6017610,7.084,5.778,0.736,200.797
2026-05-26T19:08:41.999Z,56.9664441,23.6017422,6.873,5.517,0.837,225.595
2026-05-26T19:08:42.999Z,56.9664373,23.6017427,6.674,5.999,0.704,204.317
2026-05-26T19:08:43.999Z,56.9664293,23.6017450,6.505,5.786,0.759,192.770
2026-05-26T19:08:44.999Z,56.9664224,23.6017352,6.416,6.186,0.850,203.120
2026-05-26T19:08:45.999Z,56.9664189,23.6017342,6.292,5.789,0.598,199.738
2026-05-26T19:08:46.999Z,56.9664104,23.6017405,6.212,6.052,0.580,179.943
2026-05-26T19:08:47.999Z,56.9664047,23.6017338,6.072,5.856,0.555,195.824
2026-05-26T19:08:48.999Z,56.9664028,23.6017328,5.917,5.792,0.330,198.011
2026-05-26T19:08:49.999Z,56.9663983,23.6017315,5.797,5.875,0.410,198.011
2026-05-26T19:08:50.999Z,56.9663988,23.6017312,5.613,6.048,0.239,198.011
2026-05-26T19:08:51.999Z,56.9663972,23.6017274,5.482,5.958,0.258,198.011
2026-05-26T19:08:52.999Z,56.9663969,23.6017295,5.357,6.078,0.146,198.011
2026-05-26T19:08:53.999Z,56.9663957,23.6017247,5.259,6.381,0.255,198.011
2026-05-26T19:08:54.999Z,56.9663907,23.6017226,5.164,6.552,0.522,198.200
2026-05-26T19:08:55.999Z,56.9663816,23.6017164,5.100,6.417,0.820,199.933
2026-05-26T19:08:56.999Z,56.9663761,23.6017142,5.302,6.589,0.772,196.961
2026-05-26T19:08:57.999Z,56.9663703,23.6017110,5.477,6.862,0.734,197.610
2026-05-26T19:08:58.999Z,56.9663636,23.6017056,5.416,7.062,0.735,201.633
2026-05-26T19:08:59.999Z,56.9663568,23.6017024,5.343,6.834,0.774,200.159
2026-05-26T19:09:00.999Z,56.9663480,23.6017002,5.349,7.007,0.812,198.728
2026-05-26T19:09:01.999Z,56.9663425,23.6016946,5.561,7.004,0.701,203.605
2026-05-26T19:09:02.999Z,56.9663370,23.6016916,5.957,7.041,0.668,204.257
2026-05-26T19:09:03.999Z,56.9663274,23.6016913,5.948,7.387,0.781,198.325
2026-05-26T19:09:04.999Z,56.9663234,23.6016875,6.227,7.492,0.703,200.627
2026-05-26T19:09:05.999Z,56.9663145,23.6016845,6.873,7.254,0.854,197.914
2026-05-26T19:09:06.999Z,56.9663061,23.6016826,6.849,6.875,0.892,194.732
2026-05-26T19:09:07.999Z,56.9663013,23.6016778,6.638,7.212,0.744,196.676
2026-05-26T19:09:08.999Z,56.9662962,23.6016725,6.435,7.640,0.723,198.697
2026-05-26T19:09:09.999Z,56.9662924,23.6016700,6.296,7.508,0.564,199.628
2026-05-26T19:09:10.999Z,56.9662876,23.6016654,6.082,7.179,0.626,201.949
2026-05-26T19:09:11.999Z,56.9662805,23.6016600,5.963,7.174,0.795,201.088
2026-05-26T19:09:12.999Z,56.9662737,23.6016559,5.765,7.071,0.763,199.687
2026-05-26T19:09:13.999Z,56.9662665,23.6016510,5.615,7.302,0.854,199.086
2026-05-26T19:09:14.999Z,56.9662559,23.6016452,5.462,7.242,1.041,198.983
2026-05-26T19:09:15.999Z,56.9662498,23.6016425,5.289,7.209,0.868,196.840
2026-05-26T19:09:16.999Z,56.9662441,23.6016368,5.124,7.279,0.743,201.311
2026-05-26T19:09:17.999Z,56.9662384,23.6016313,4.993,7.187,0.712,202.349
2026-05-26T19:09:18.999Z,56.9662304,23.6016269,4.843,7.285,0.771,199.368
2026-05-26T19:09:19.999Z,56.9662250,23.6016240,4.750,7.185,0.668,197.606
2026-05-26T19:09:20.999Z,56.9662198,23.6016185,4.619,7.474,0.662,201.401
2026-05-26T19:09:21.999Z,56.9662153,23.6016164,4.488,7.447,0.584,200.180
2026-05-26T19:09:22.999Z,56.9662080,23.6016131,4.364,7.716,0.684,198.616
2026-05-26T19:09:23.999Z,56.9661995,23.6016090,4.265,7.771,0.857,199.293
2026-05-26T19:09:24.999Z,56.9661915,23.6016023,4.151,7.459,0.959,201.671
2026-05-26T19:09:25.999Z,56.9661885,23.6015991,4.076,7.740,0.664,200.653
2026-05-26T19:09:26.999Z,56.9661826,23.6015940,4.003,7.961,0.699,199.901
2026-05-26T19:09:27.999Z,56.9661753,23.6015888,3.929,7.740,0.758,200.079
2026-05-26T19:09:28.999Z,56.9661676,23.6015846,3.847,7.736,0.858,197.246
2026-05-26T19:09:29.999Z,56.9661611,23.6015804,3.755,7.928,0.851,197.671
2026-05-26T19:09:31.000Z,56.9661545,23.6015787,3.703,8.076,0.796,194.737
2026-05-26T19:09:32.000Z,56.9661483,23.6015779,3.627,8.160,0.731,191.081
2026-05-26T19:09:33.000Z,56.9661437,23.6015747,3.603,8.371,0.681,192.270
2026-05-26T19:09:34.000Z,56.9661369,23.6015698,3.523,8.352,0.654,196.659
2026-05-26T19:09:35.000Z,56.9661280,23.6015645,3.460,8.276,0.747,199.401
2026-05-26T19:09:36.000Z,56.9661230,23.6015606,3.412,7.920,0.623,200.849
2026-05-26T19:09:37.000Z,56.9661162,23.6015592,3.416,7.983,0.568,196.337
2026-05-26T19:09:38.000Z,56.9661124,23.6015571,3.404,8.124,0.446,198.782
2026-05-26T19:09:39.000Z,56.9661121,23.6015572,3.471,8.081,0.137,199.472
2026-05-26T19:09:40.000Z,56.9661113,23.6015566,3.453,8.065,0.150,199.472
2026-05-26T19:09:41.000Z,56.9661109,23.6015565,3.444,8.039,0.143,199.472
2026-05-26T19:09:42.000Z,56.9661116,23.6015569,3.473,8.027,0.000,199.472
2026-05-26T19:09:45.000Z,56.9661127,23.6015546,3.578,8.004,0.067,199.472
2026-05-26T19:09:45.999Z,56.9661129,23.6015548,3.724,7.994,0.000,199.472
2026-05-26T19:09:52.999Z,56.9661104,23.6015486,7.344,7.926,0.244,199.472
2026-05-26T19:09:53.999Z,56.9661056,23.6015467,7.207,8.036,0.412,199.472
2026-05-26T19:09:54.999Z,56.9660990,23.6015383,7.262,8.137,0.678,209.050
2026-05-26T19:09:55.999Z,56.9660947,23.6015342,7.180,8.169,0.634,208.332
2026-05-26T19:09:56.999Z,56.9660930,23.6015327,6.987,7.929,0.399,207.093
2026-05-26T19:09:57.999Z,56.9660876,23.6015274,7.082,8.203,0.572,203.060
2026-05-26T19:09:58.999Z,56.9660838,23.6015269,7.281,8.232,0.572,194.064
2026-05-26T19:09:59.999Z,56.9660803,23.6015285,7.628,8.405,0.465,183.873
2026-05-26T19:10:00.999Z,56.9660818,23.6015297,7.817,8.396,0.139,178.194
2026-05-26T19:10:01.999Z,56.9660787,23.6015272,7.982,8.294,0.263,178.194
2026-05-26T19:10:02.999Z,56.9660752,23.6015224,7.891,8.114,0.346,178.194
2026-05-26T19:10:03.999Z,56.9660718,23.6015157,7.865,8.258,0.371,182.115
2026-05-26T19:10:04.999Z,56.9660643,23.6015073,7.795,8.137,0.633,200.375
2026-05-26T19:10:05.999Z,56.9660579,23.6015013,7.713,7.969,0.752,203.556
2026-05-26T19:10:06.999Z,56.9660558,23.6014959,7.525,7.647,0.588,210.674
2026-05-26T19:10:07.999Z,56.9660477,23.6014889,7.361,7.645,0.769,208.740
2026-05-26T19:10:09.000Z,56.9660417,23.6014850,7.113,7.631,0.734,206.911
2026-05-26T19:10:10.000Z,56.9660377,23.6014837,6.967,7.804,0.549,202.439
2026-05-26T19:10:11.000Z,56.9660288,23.6014784,6.782,7.787,0.738,201.610
2026-05-26T19:10:12.000Z,56.9660209,23.6014745,6.556,7.665,0.864,198.457
2026-05-26T19:10:13.000Z,56.9660176,23.6014732,6.341,7.985,0.638,196.896
2026-05-26T19:10:14.000Z,56.9660093,23.6014697,6.146,7.863,0.820,195.981
2026-05-26T19:10:15.000Z,56.9660022,23.6014666,6.056,7.936,0.889,194.560
2026-05-26T19:10:16.000Z,56.9660022,23.6014638,5.876,6.642,0.405,207.918
2026-05-26T19:10:17.000Z,56.9659918,23.6014598,5.767,7.074,0.764,200.932
2026-05-26T19:10:18.000Z,56.9659853,23.6014577,5.639,7.208,0.756,201.050
2026-05-26T19:10:19.000Z,56.9659760,23.6014555,5.547,7.183,0.935,198.037
2026-05-26T19:10:20.000Z,56.9659710,23.6014500,5.442,7.096,0.824,201.388
2026-05-26T19:10:21.000Z,56.9659645,23.6014472,5.326,7.088,0.742,198.951
2026-05-26T19:10:22.000Z,56.9659569,23.6014407,5.160,7.049,0.839,201.678
2026-05-26T19:10:23.000Z,56.9659502,23.6014334,5.076,6.895,0.885,205.206
2026-05-26T19:10:24.000Z,56.9659491,23.6014291,4.962,7.157,0.589,211.367
2026-05-26T19:10:25.000Z,56.9659433,23.6014236,4.846,7.338,0.636,208.314
2026-05-26T19:10:26.000Z,56.9659365,23.6014197,4.731,7.298,0.746,205.465
2026-05-26T19:10:27.000Z,56.9659303,23.6014141,4.722,7.127,0.773,203.881
2026-05-26T19:10:28.000Z,56.9659198,23.6014111,4.713,7.392,0.863,201.446
2026-05-26T19:10:29.000Z,56.9659141,23.6014074,4.677,7.234,0.694,204.271
2026-05-26T19:10:30.000Z,56.9659078,23.6014022,4.621,7.249,0.693,203.693
2026-05-26T19:10:31.000Z,56.9658996,23.6014004,4.521,7.279,0.768,197.298
2026-05-26T19:10:32.000Z,56.9658914,23.6013991,4.450,6.921,0.809,195.441
2026-05-26T19:10:33.000Z,56.9658846,23.6013936,4.328,7.027,0.783,196.555
2026-05-26T19:10:34.000Z,56.9658772,23.6013866,4.211,6.756,0.822,201.736
2026-05-26T19:10:35.000Z,56.9658722,23.6013793,4.114,6.793,0.755,206.712
2026-05-26T19:10:36.000Z,56.9658660,23.6013716,4.047,6.798,0.810,206.475
2026-05-26T19:10:37.000Z,56.9658617,23.6013646,3.994,7.159,0.795,208.172
2026-05-26T19:10:38.000Z,56.9658564,23.6013632,3.946,7.071,0.735,198.127
2026-05-26T19:10:39.000Z,56.9658530,23.6013576,3.890,6.706,0.548,203.085
2026-05-26T19:10:40.000Z,56.9658451,23.6013515,3.866,7.046,0.723,202.630
2026-05-26T19:10:41.000Z,56.9658368,23.6013468,3.773,6.791,0.899,200.230
2026-05-26T19:10:42.000Z,56.9658312,23.6013447,3.709,6.877,0.844,197.568
2026-05-26T19:10:43.000Z,56.9658302,23.6013398,3.636,7.115,0.604,203.997
2026-05-26T19:10:44.000Z,56.9658246,23.6013366,3.581,7.284,0.669,200.193
2026-05-26T19:10:45.000Z,56.9658201,23.6013373,3.506,7.184,0.551,194.825
2026-05-26T19:10:46.000Z,56.9658115,23.6013343,3.430,7.458,0.770,194.207
2026-05-26T19:10:47.000Z,56.9658029,23.6013335,3.486,7.700,0.794,190.817
2026-05-26T19:10:48.000Z,56.9657954,23.6013304,3.412,7.523,0.742,192.984
2026-05-26T19:10:49.000Z,56.9657883,23.6013269,3.341,7.541,0.747,193.733
2026-05-26T19:10:50.000Z,56.9657813,23.6013248,3.274,7.586,0.760,191.072
2026-05-26T19:10:51.000Z,56.9657760,23.6013225,3.211,7.501,0.674,190.628
2026-05-26T19:10:52.000Z,56.9657703,23.6013192,3.150,7.563,0.669,193.172
2026-05-26T19:10:53.000Z,56.9657634,23.6013170,3.108,7.518,0.672,192.932
2026-05-26T19:10:54.000Z,56.9657560,23.6013124,3.052,7.646,0.722,195.247
2026-05-26T19:10:55.000Z,56.9657497,23.6013067,3.021,7.635,0.807,196.992
2026-05-26T19:10:56.000Z,56.9657453,23.6013017,3.075,7.527,0.685,201.121
2026-05-26T19:10:57.000Z,56.9657409,23.6012963,3.094,7.837,0.715,202.935
2026-05-26T19:10:58.000Z,56.9657344,23.6012926,3.081,8.151,0.819,198.867
2026-05-26T19:10:59.000Z,56.9657262,23.6012896,3.061,8.013,0.865,195.589
2026-05-26T19:11:00.000Z,56.9657236,23.6012878,3.045,8.265,0.687,194.195
2026-05-26T19:11:01.000Z,56.9657167,23.6012850,3.027,8.315,0.740,194.413
2026-05-26T19:11:02.000Z,56.9657100,23.6012824,3.062,8.372,0.754,194.074
2026-05-26T19:11:03.000Z,56.9657051,23.6012787,3.074,8.373,0.685,197.635
2026-05-26T19:11:04.000Z,56.9656994,23.6012763,3.136,8.201,0.648,196.746
2026-05-26T19:11:05.000Z,56.9656891,23.6012731,3.125,7.914,0.878,194.395
2026-05-26T19:11:06.000Z,56.9656873,23.6012710,3.093,8.280,0.638,195.109
2026-05-26T19:11:07.000Z,56.9656812,23.6012682,3.114,8.341,0.666,193.391
2026-05-26T19:11:08.000Z,56.9656748,23.6012628,3.099,8.241,0.720,198.723
2026-05-26T19:11:09.000Z,56.9656705,23.6012582,3.083,8.481,0.615,202.042
2026-05-26T19:11:10.000Z,56.9656624,23.6012526,3.118,8.517,0.760,201.206
2026-05-26T19:11:11.000Z,56.9656551,23.6012495,3.087,8.566,0.832,199.216
2026-05-26T19:11:12.000Z,56.9656482,23.6012472,3.189,8.392,0.799,193.851
2026-05-26T19:11:13.000Z,56.9656447,23.6012414,3.151,8.757,0.612,201.401
2026-05-26T19:11:14.000Z,56.9656372,23.6012352,3.101,9.066,0.795,200.094
2026-05-26T19:11:15.000Z,56.9656275,23.6012314,3.046,8.575,0.928,196.113
2026-05-26T19:11:16.000Z,56.9656212,23.6012276,3.066,8.761,0.823,196.594
2026-05-26T19:11:17.000Z,56.9656159,23.6012235,3.016,8.458,0.722,198.975
2026-05-26T19:11:18.000Z,56.9656136,23.6012170,3.024,8.872,0.657,205.140
2026-05-26T19:11:19.000Z,56.9656082,23.6012071,2.982,9.414,0.755,212.441
2026-05-26T19:11:20.000Z,56.9656010,23.6012035,2.942,8.853,0.737,207.897
2026-05-26T19:11:21.000Z,56.9655968,23.6012010,2.904,8.963,0.556,204.187
2026-05-26T19:11:22.000Z,56.9655909,23.6011948,2.917,8.977,0.585,209.396
2026-05-26T19:11:23.000Z,56.9655773,23.6011915,2.895,9.411,0.951,199.863
2026-05-26T19:11:24.000Z,56.9655701,23.6011901,2.899,9.348,0.809,195.973
2026-05-26T19:11:25.000Z,56.9655644,23.6011875,2.871,8.920,0.739,195.858
2026-05-26T19:11:26.000Z,56.9655615,23.6011826,2.889,8.785,0.660,200.709
2026-05-26T19:11:27.000Z,56.9655544,23.6011800,2.859,9.011,0.620,198.565
2026-05-26T19:11:28.000Z,56.9655469,23.6011742,2.894,8.962,0.717,200.375
2026-05-26T19:11:29.000Z,56.9655336,23.6011705,2.917,9.181,0.953,193.998
2026-05-26T19:11:30.000Z,56.9655307,23.6011660,2.898,8.863,0.615,199.063
2026-05-26T19:11:31.000Z,56.9655232,23.6011592,2.873,8.466,0.782,201.619
2026-05-26T19:11:32.000Z,56.9655159,23.6011546,2.829,8.537,0.841,200.989
2026-05-26T19:11:33.000Z,56.9655085,23.6011482,2.804,8.585,0.837,202.638
2026-05-26T19:11:34.000Z,56.9655009,23.6011421,2.830,8.629,0.825,205.173
2026-05-26T19:11:35.000Z,56.9654938,23.6011380,2.819,8.492,0.765,203.989
2026-05-26T19:11:36.000Z,56.9654877,23.6011361,2.817,8.350,0.689,198.046
2026-05-26T19:11:37.000Z,56.9654797,23.6011310,2.786,8.133,0.776,197.696
2026-05-26T19:11:38.000Z,56.9654702,23.6011285,2.791,8.054,0.897,194.176
2026-05-26T19:11:39.000Z,56.9654669,23.6011223,2.773,7.863,0.627,204.143
2026-05-26T19:11:40.000Z,56.9654636,23.6011169,2.734,8.268,0.485,209.672
2026-05-26T19:11:41.000Z,56.9654553,23.6011154,2.713,8.292,0.643,199.661
2026-05-26T19:11:42.000Z,56.9654497,23.6011165,2.766,8.206,0.532,191.166
2026-05-26T19:11:43.000Z,56.9654363,23.6011123,2.728,8.002,0.928,190.121
2026-05-26T19:11:44.000Z,56.9654324,23.6011087,2.704,7.630,0.691,195.195
2026-05-26T19:11:45.000Z,56.9654271,23.6011031,2.679,7.478,0.631,201.973
2026-05-26T19:11:46.000Z,56.9654220,23.6010984,2.721,7.610,0.586,204.657
2026-05-26T19:11:47.000Z,56.9654150,23.6010963,2.706,6.781,0.677,200.351
2026-05-26T19:11:48.000Z,56.9654088,23.6010931,2.671,7.585,0.660,199.018
2026-05-26T19:11:49.001Z,56.9654072,23.6010879,2.637,7.578,0.449,208.243
2026-05-26T19:11:50.001Z,56.9654000,23.6010834,2.605,6.948,0.610,206.274
2026-05-26T19:11:51.001Z,56.9653909,23.6010765,2.575,7.033,0.809,206.534
2026-05-26T19:11:52.000Z,56.9653851,23.6010730,2.603,7.058,0.696,206.773
2026-05-26T19:11:53.000Z,56.9653777,23.6010705,2.611,6.960,0.750,201.477
2026-05-26T19:11:54.000Z,56.9653712,23.6010664,2.581,7.069,0.834,198.532
2026-05-26T19:11:55.000Z,56.9653639,23.6010595,2.552,7.012,0.933,200.671
2026-05-26T19:11:56.000Z,56.9653594,23.6010567,2.578,6.808,0.679,200.778
2026-05-26T19:11:57.000Z,56.9653480,23.6010522,2.582,7.534,0.962,194.458
2026-05-26T19:11:58.000Z,56.9653442,23.6010479,2.580,7.927,0.779,193.818
2026-05-26T19:11:59.000Z,56.9653378,23.6010417,2.625,7.331,0.775,194.779
2026-05-26T19:12:00.000Z,56.9653275,23.6010401,2.756,7.761,0.956,189.005
2026-05-26T19:12:01.000Z,56.9653237,23.6010353,2.718,7.858,0.754,192.513
2026-05-26T19:12:02.000Z,56.9653203,23.6010290,2.682,8.042,0.562,204.170
2026-05-26T19:12:03.000Z,56.9653138,23.6010238,2.648,8.061,0.659,202.065
2026-05-26T19:12:04.000Z,56.9653075,23.6010170,2.616,7.877,0.710,204.670
2026-05-26T19:12:05.000Z,56.9653003,23.6010107,2.585,7.652,0.749,205.712
2026-05-26T19:12:06.000Z,56.9652966,23.6010018,2.556,7.426,0.760,209.461
2026-05-26T19:12:07.000Z,56.9652914,23.6009958,2.541,7.190,0.658,212.274
2026-05-26T19:12:08.000Z,56.9652817,23.6009867,2.518,7.125,0.902,210.877
2026-05-26T19:12:09.000Z,56.9652763,23.6009845,2.492,6.965,0.799,203.074
2026-05-26T19:12:10.000Z,56.9652715,23.6009801,2.468,7.128,0.753,200.557
2026-05-26T19:12:11.000Z,56.9652651,23.6009746,2.475,7.236,0.856,202.213
2026-05-26T19:12:12.000Z,56.9652580,23.6009736,2.458,7.268,0.844,198.517
2026-05-26T19:12:13.000Z,56.9652550,23.6009725,2.435,7.090,0.544,197.928
2026-05-26T19:12:14.000Z,56.9652524,23.6009693,2.413,7.148,0.374,204.409
2026-05-26T19:12:15.000Z,56.9652448,23.6009645,2.393,7.303,0.641,204.111
2026-05-26T19:12:16.000Z,56.9652371,23.6009610,2.373,7.210,0.699,201.325
2026-05-26T19:12:17.000Z,56.9652277,23.6009552,2.366,7.292,0.938,200.966
2026-05-26T19:12:18.000Z,56.9652192,23.6009512,2.385,7.533,1.015,197.816
2026-05-26T19:12:19.000Z,56.9652136,23.6009472,2.368,7.525,0.818,199.283
2026-05-26T19:12:20.000Z,56.9652073,23.6009421,2.350,7.138,0.760,201.753
2026-05-26T19:12:21.000Z,56.9651970,23.6009383,2.363,7.581,0.940,198.229
2026-05-26T19:12:22.000Z,56.9651927,23.6009337,2.369,7.235,0.750,203.196
2026-05-26T19:12:23.000Z,56.9651864,23.6009285,2.382,7.407,0.759,202.022
2026-05-26T19:12:24.000Z,56.9651790,23.6009213,2.384,7.214,0.881,205.271
2026-05-26T19:12:25.000Z,56.9651711,23.6009185,2.365,7.722,0.867,200.265
2026-05-26T19:12:26.000Z,56.9651652,23.6009145,2.368,7.661,0.778,199.253
2026-05-26T19:12:27.000Z,56.9651541,23.6009120,2.386,7.893,0.888,194.134
2026-05-26T19:12:28.000Z,56.9651451,23.6009065,2.405,7.533,0.994,195.430
2026-05-26T19:12:29.000Z,56.9651417,23.6009009,2.400,7.238,0.823,200.301
2026-05-26T19:12:30.000Z,56.9651359,23.6008958,2.408,7.464,0.811,199.908
2026-05-26T19:12:31.000Z,56.9651260,23.6008913,2.397,7.584,0.972,196.630
2026-05-26T19:12:32.000Z,56.9651182,23.6008867,2.389,7.436,0.943,198.136
2026-05-26T19:12:33.000Z,56.9651138,23.6008877,2.369,7.812,0.688,192.080
2026-05-26T19:12:34.000Z,56.9651009,23.6008835,2.433,8.632,1.068,192.574
2026-05-26T19:12:35.000Z,56.9650972,23.6008806,2.453,8.486,0.755,196.061
2026-05-26T19:12:36.000Z,56.9650890,23.6008752,2.430,8.362,0.770,202.704
2026-05-26T19:12:37.000Z,56.9650792,23.6008698,2.409,8.238,0.996,200.064
2026-05-26T19:12:38.000Z,56.9650747,23.6008637,2.388,8.128,0.833,204.243
2026-05-26T19:12:39.000Z,56.9650706,23.6008599,2.379,7.840,0.646,205.425
2026-05-26T19:12:40.000Z,56.9650649,23.6008538,2.406,7.245,0.739,206.792
2026-05-26T19:12:41.000Z,56.9650587,23.6008502,2.385,7.360,0.801,201.516
2026-05-26T19:12:42.000Z,56.9650537,23.6008471,2.366,7.641,0.707,201.715
2026-05-26T19:12:43.000Z,56.9650465,23.6008440,2.384,7.487,0.784,197.700
2026-05-26T19:12:44.000Z,56.9650416,23.6008437,2.382,7.487,0.657,193.167
2026-05-26T19:12:45.000Z,56.9650364,23.6008422,2.363,7.621,0.598,190.870
2026-05-26T19:12:46.000Z,56.9650268,23.6008406,2.362,7.529,0.761,188.028
2026-05-26T19:12:47.000Z,56.9650207,23.6008412,2.344,7.495,0.776,184.539
2026-05-26T19:12:48.000Z,56.9650166,23.6008386,2.340,8.202,0.647,191.036
2026-05-26T19:12:49.000Z,56.9650094,23.6008337,2.323,8.381,0.781,194.091
2026-05-26T19:12:50.000Z,56.9649993,23.6008305,2.307,7.898,0.952,191.425
2026-05-26T19:12:51.000Z,56.9649916,23.6008257,2.332,8.667,1.055,194.243
2026-05-26T19:12:52.000Z,56.9649885,23.6008270,2.315,8.292,0.664,187.892
2026-05-26T19:12:53.000Z,56.9649809,23.6008217,2.310,8.501,0.811,191.589
2026-05-26T19:12:54.000Z,56.9649777,23.6008183,2.297,8.541,0.614,195.409
2026-05-26T19:12:55.000Z,56.9649724,23.6008156,2.327,8.764,0.624,193.413
2026-05-26T19:12:56.000Z,56.9649658,23.6008069,2.311,8.187,0.754,203.160
2026-05-26T19:12:57.000Z,56.9649594,23.6008028,2.321,8.733,0.776,199.295
2026-05-26T19:12:58.000Z,56.9649594,23.6007988,2.322,8.502,0.515,203.719
2026-05-26T19:12:59.000Z,56.9649573,23.6007954,2.306,8.452,0.412,207.402
2026-05-26T19:13:00.000Z,56.9649572,23.6007909,2.293,8.401,0.368,207.349
2026-05-26T19:13:01.000Z,56.9649540,23.6007869,2.286,8.212,0.460,205.404
2026-05-26T19:13:02.000Z,56.9649477,23.6007784,2.282,8.380,0.726,208.463
2026-05-26T19:13:03.000Z,56.9649416,23.6007727,2.305,8.074,0.809,207.684
2026-05-26T19:13:04.000Z,56.9649390,23.6007702,2.303,7.899,0.551,206.020
2026-05-26T19:13:05.000Z,56.9649334,23.6007676,2.288,8.254,0.589,201.999
2026-05-26T19:13:06.000Z,56.9649278,23.6007666,2.274,8.113,0.592,195.475
2026-05-26T19:13:07.000Z,56.9649262,23.6007646,2.260,8.445,0.386,199.076
2026-05-26T19:13:08.000Z,56.9649201,23.6007630,2.262,8.434,0.543,193.082
2026-05-26T19:13:09.000Z,56.9649139,23.6007639,2.249,8.090,0.601,185.079
2026-05-26T19:13:10.000Z,56.9649075,23.6007611,2.237,8.313,0.706,190.106
2026-05-26T19:13:11.000Z,56.9649006,23.6007596,2.231,8.225,0.724,188.906
2026-05-26T19:13:12.000Z,56.9648917,23.6007558,2.223,8.389,0.867,190.503
2026-05-26T19:13:13.000Z,56.9648808,23.6007528,2.222,8.058,1.091,189.555
2026-05-26T19:13:14.000Z,56.9648768,23.6007549,2.245,8.478,0.810,182.589
2026-05-26T19:13:15.000Z,56.9648712,23.6007495,2.248,8.299,0.785,190.992
2026-05-26T19:13:16.000Z,56.9648696,23.6007424,2.271,8.010,0.583,206.648
2026-05-26T19:13:17.000Z,56.9648576,23.6007391,2.276,8.078,0.929,197.504
2026-05-26T19:13:18.000Z,56.9648531,23.6007367,2.279,8.244,0.780,196.143
2026-05-26T19:13:19.000Z,56.9648473,23.6007357,2.293,8.448,0.724,193.790
2026-05-26T19:13:20.000Z,56.9648415,23.6007328,2.278,8.106,0.774,193.501
2026-05-26T19:13:21.000Z,56.9648336,23.6007368,2.287,8.562,0.840,181.235
2026-05-26T19:13:22.000Z,56.9648277,23.6007408,2.294,8.574,0.737,175.643
2026-05-26T19:13:23.000Z,56.9648234,23.6007386,2.324,8.768,0.665,185.258
2026-05-26T19:13:24.000Z,56.9648166,23.6007389,2.332,8.936,0.715,184.872
2026-05-26T19:13:25.000Z,56.9648095,23.6007375,2.323,8.974,0.788,185.272
2026-05-26T19:13:26.000Z,56.9648023,23.6007360,2.309,8.643,0.779,185.576
2026-05-26T19:13:27.000Z,56.9647954,23.6007324,2.333,8.698,0.761,189.723
2026-05-26T19:13:28.000Z,56.9647886,23.6007316,2.419,8.881,0.732,189.269
2026-05-26T19:13:29.000Z,56.9647821,23.6007328,2.411,8.665,0.659,183.136
2026-05-26T19:13:30.000Z,56.9647745,23.6007361,2.427,8.742,0.712,178.888
2026-05-26T19:13:31.000Z,56.9647675,23.6007398,2.574,8.824,0.697,175.740
2026-05-26T19:13:32.000Z,56.9647611,23.6007398,2.731,8.591,0.715,178.980
2026-05-26T19:13:33.000Z,56.9647524,23.6007422,2.748,8.803,0.780,178.289
2026-05-26T19:13:34.000Z,56.9647446,23.6007442,2.710,8.716,0.821,177.115
2026-05-26T19:13:35.000Z,56.9647400,23.6007548,2.693,9.339,0.623,163.554
2026-05-26T19:13:36.000Z,56.9647388,23.6007627,2.728,9.240,0.379,152.945
2026-05-26T19:13:37.000Z,56.9647392,23.6007635,2.773,9.157,0.121,152.945
2026-05-26T19:13:38.000Z,56.9647398,23.6007629,2.782,9.153,0.000,152.945
2026-05-26T19:13:39.000Z,56.9647415,23.6007667,2.773,9.394,0.138,152.945
2026-05-26T19:13:40.000Z,56.9647422,23.6007662,2.865,9.394,0.000,152.945
2026-05-26T19:13:47.000Z,56.9647404,23.6007610,4.348,9.664,0.161,152.945
2026-05-26T19:13:48.000Z,56.9647405,23.6007564,4.556,9.474,0.079,152.945
2026-05-26T19:13:49.000Z,56.9647325,23.6007604,4.701,9.519,0.443,152.945
2026-05-26T19:13:50.000Z,56.9647252,23.6007609,4.941,9.729,0.629,166.820
2026-05-26T19:13:51.000Z,56.9647182,23.6007566,5.207,9.307,0.700,179.626
2026-05-26T19:13:52.000Z,56.9647080,23.6007529,5.274,8.651,0.888,184.171
2026-05-26T19:13:53.000Z,56.9646992,23.6007483,5.250,8.498,0.946,189.119
2026-05-26T19:13:54.000Z,56.9646970,23.6007506,5.490,8.879,0.623,183.280
2026-05-26T19:13:55.000Z,56.9646908,23.6007507,5.578,9.095,0.709,178.839
2026-05-26T19:13:56.000Z,56.9646849,23.6007491,5.954,8.744,0.685,181.786
2026-05-26T19:13:57.000Z,56.9646766,23.6007486,6.046,8.893,0.825,183.062
2026-05-26T19:13:58.000Z,56.9646685,23.6007485,6.445,8.710,0.871,186.234
2026-05-26T19:13:59.000Z,56.9646603,23.6007478,6.572,8.399,0.890,188.030
2026-05-26T19:14:00.000Z,56.9646561,23.6007486,6.759,8.343,0.663,186.477
2026-05-26T19:14:01.000Z,56.9646515,23.6007502,7.250,8.660,0.537,181.073
2026-05-26T19:14:02.000Z,56.9646467,23.6007533,7.236,8.861,0.563,178.150
2026-05-26T19:14:03.000Z,56.9646450,23.6007515,7.294,8.661,0.361,185.622
2026-05-26T19:14:04.000Z,56.9646435,23.6007517,7.064,8.690,0.174,186.479
2026-05-26T19:14:05.000Z,56.9646426,23.6007511,6.898,8.574,0.106,186.479
2026-05-26T19:14:06.000Z,56.9646431,23.6007508,6.685,8.499,0.008,186.479
2026-05-26T19:14:07.000Z,56.9646423,23.6007502,6.451,8.450,0.032,186.479
2026-05-26T19:14:08.000Z,56.9646424,23.6007503,6.281,8.451,0.000,186.479
2026-05-26T19:14:09.000Z,56.9646395,23.6007491,6.657,8.281,0.135,186.479
2026-05-26T19:14:10.000Z,56.9646351,23.6007471,6.686,8.298,0.412,186.479
2026-05-26T19:14:11.000Z,56.9646304,23.6007409,6.637,8.356,0.570,196.471
2026-05-26T19:14:12.000Z,56.9646223,23.6007381,6.815,8.230,0.757,194.724
2026-05-26T19:14:13.000Z,56.9646175,23.6007396,7.109,8.146,0.673,187.995
2026-05-26T19:14:14.000Z,56.9646108,23.6007379,7.316,8.317,0.715,188.824
2026-05-26T19:14:15.000Z,56.9646055,23.6007415,7.494,8.577,0.644,180.603
2026-05-26T19:14:16.000Z,56.9645997,23.6007420,7.657,8.742,0.631,180.998
2026-05-26T19:14:17.000Z,56.9645914,23.6007403,8.101,8.243,0.769,184.163
2026-05-26T19:14:18.000Z,56.9645862,23.6007377,7.949,9.012,0.729,186.329
2026-05-26T19:14:19.000Z,56.9645832,23.6007266,7.839,8.998,0.776,199.181
2026-05-26T19:14:20.000Z,56.9645790,23.6007214,7.917,8.621,0.780,199.598
2026-05-26T19:14:21.000Z,56.9645719,23.6007206,8.082,8.774,0.769,194.846
2026-05-26T19:14:22.000Z,56.9645640,23.6007227,8.427,9.068,0.735,189.726
2026-05-26T19:14:23.000Z,56.9645580,23.6007172,8.471,9.030,0.684,197.640
2026-05-26T19:14:24.000Z,56.9645494,23.6007153,8.198,8.942,0.689,195.867
2026-05-26T19:14:25.000Z,56.9645418,23.6007075,7.888,9.005,0.776,203.325
2026-05-26T19:14:26.000Z,56.9645341,23.6007035,7.594,8.920,0.818,199.681
2026-05-26T19:14:27.000Z,56.9645279,23.6006943,7.375,8.920,0.806,205.455
2026-05-26T19:14:28.000Z,56.9645204,23.6006893,7.144,8.799,0.824,199.964
2026-05-26T19:14:29.000Z,56.9645143,23.6006838,6.887,8.829,0.786,201.448
2026-05-26T19:14:30.000Z,56.9645061,23.6006806,6.702,8.976,0.833,196.656
2026-05-26T19:14:31.000Z,56.9644997,23.6006761,6.494,9.330,0.800,195.825
2026-05-26T19:14:32.000Z,56.9644955,23.6006660,6.321,9.079,0.789,209.126
2026-05-26T19:14:33.000Z,56.9644873,23.6006572,6.129,9.324,0.908,210.571
2026-05-26T19:14:34.000Z,56.9644796,23.6006498,5.922,9.410,0.944,209.535
2026-05-26T19:14:35.000Z,56.9644706,23.6006419,5.726,9.009,1.000,206.541
2026-05-26T19:14:36.000Z,56.9644643,23.6006323,5.540,9.078,0.890,211.881
2026-05-26T19:14:37.000Z,56.9644567,23.6006210,5.398,7.822,0.965,216.680
2026-05-26T19:14:38.000Z,56.9644500,23.6006139,5.231,7.498,0.903,215.087
2026-05-26T19:14:39.000Z,56.9644405,23.6006015,5.069,8.067,1.070,214.072
2026-05-26T19:14:40.000Z,56.9644354,23.6005885,4.916,7.852,0.972,222.364
2026-05-26T19:14:41.000Z,56.9644297,23.6005759,4.804,8.024,0.963,225.449
2026-05-26T19:14:42.000Z,56.9644233,23.6005674,4.664,8.193,0.912,223.074
2026-05-26T19:14:43.000Z,56.9644171,23.6005585,4.531,8.037,0.898,220.283
2026-05-26T19:14:44.000Z,56.9644120,23.6005553,4.423,8.119,0.724,211.221
2026-05-26T19:14:45.000Z,56.9644046,23.6005530,4.351,8.716,0.740,203.881
2026-05-26T19:14:46.000Z,56.9643980,23.6005453,4.349,8.412,0.767,210.712
2026-05-26T19:14:47.000Z,56.9643942,23.6005392,4.340,8.306,0.630,217.216
2026-05-26T19:14:48.000Z,56.9643913,23.6005351,4.223,7.990,0.462,221.711
2026-05-26T19:14:49.000Z,56.9643876,23.6005239,4.112,7.761,0.534,233.428
2026-05-26T19:14:50.000Z,56.9643787,23.6005042,4.006,7.925,0.958,234.161
2026-05-26T19:14:51.000Z,56.9643796,23.6004972,3.945,8.312,0.602,245.923
2026-05-26T19:14:52.000Z,56.9643716,23.6004852,3.848,8.396,0.761,235.193
2026-05-26T19:14:53.000Z,56.9643653,23.6004740,3.762,8.358,0.821,232.779
2026-05-26T19:14:54.000Z,56.9643594,23.6004624,3.674,8.432,0.886,229.957
2026-05-26T19:14:55.000Z,56.9643559,23.6004577,3.591,8.178,0.609,227.777
2026-05-26T19:14:56.000Z,56.9643609,23.6004619,3.515,8.744,0.050,225.663
2026-05-26T19:14:57.000Z,56.9643589,23.6004489,3.473,9.161,0.419,249.328
2026-05-26T19:14:58.000Z,56.9643580,23.6004441,3.418,9.186,0.379,255.167
2026-05-26T19:14:59.000Z,56.9643587,23.6004453,3.347,9.167,0.070,255.167
2026-05-26T19:15:00.000Z,56.9643588,23.6004424,3.293,9.281,0.109,255.167
2026-05-26T19:15:01.000Z,56.9643618,23.6004355,3.306,9.629,0.315,255.167
2026-05-26T19:15:02.000Z,56.9643643,23.6004208,3.289,9.796,0.650,271.649
2026-05-26T19:15:03.000Z,56.9643642,23.6004114,3.240,9.796,0.586,268.712
2026-05-26T19:15:04.000Z,56.9643660,23.6004014,3.186,9.969,0.587,276.979
2026-05-26T19:15:05.000Z,56.9643700,23.6003936,3.159,9.930,0.545,291.378
2026-05-26T19:15:06.000Z,56.9643711,23.6003804,3.101,10.130,0.684,289.836
2026-05-26T19:15:07.000Z,56.9643711,23.6003700,3.046,10.055,0.615,286.423
2026-05-26T19:15:08.000Z,56.9643727,23.6003591,3.040,9.931,0.654,287.881
2026-05-26T19:15:09.000Z,56.9643756,23.6003480,3.008,9.804,0.735,291.711
2026-05-26T19:15:10.000Z,56.9643765,23.6003368,2.984,10.031,0.687,290.721
2026-05-26T19:15:11.000Z,56.9643790,23.6003251,2.935,9.886,0.733,293.803
2026-05-26T19:15:12.000Z,56.9643783,23.6003126,2.933,9.690,0.737,286.278
2026-05-26T19:15:13.000Z,56.9643805,23.6002966,2.911,9.799,0.884,285.493
2026-05-26T19:15:14.000Z,56.9643822,23.6002851,2.927,9.841,0.782,285.934
2026-05-26T19:15:15.000Z,56.9643834,23.6002725,2.884,9.921,0.780,283.484
2026-05-26T19:15:16.000Z,56.9643842,23.6002631,2.843,9.621,0.709,283.643
2026-05-26T19:15:17.000Z,56.9643837,23.6002506,2.804,9.593,0.672,278.178
2026-05-26T19:15:18.000Z,56.9643842,23.6002373,2.868,9.654,0.729,277.637
2026-05-26T19:15:19.000Z,56.9643815,23.6002313,2.833,9.528,0.496,265.892
2026-05-26T19:15:20.000Z,56.9643812,23.6002234,2.822,9.259,0.487,263.293
2026-05-26T19:15:21.000Z,56.9643809,23.6002132,2.781,9.755,0.498,265.863
2026-05-26T19:15:22.000Z,56.9643809,23.6001984,2.749,9.185,0.700,267.243
2026-05-26T19:15:23.000Z,56.9643805,23.6001838,2.726,8.889,0.806,266.268
2026-05-26T19:15:24.000Z,56.9643780,23.6001714,2.742,9.302,0.772,263.959
2026-05-26T19:15:25.000Z,56.9643706,23.6001476,2.779,8.996,1.054,256.454
2026-05-26T19:15:26.000Z,56.9643630,23.6001392,2.748,9.105,0.832,241.386
2026-05-26T19:15:27.000Z,56.9643554,23.6001298,2.717,8.170,0.870,231.514
2026-05-26T19:15:28.000Z,56.9643513,23.6001231,2.720,8.603,0.720,230.645
2026-05-26T19:15:29.000Z,56.9643479,23.6001153,2.720,8.668,0.626,231.250
2026-05-26T19:15:30.000Z,56.9643446,23.6001031,2.730,8.968,0.712,236.872
2026-05-26T19:15:31.000Z,56.9643377,23.6000947,2.747,8.528,0.802,229.305
2026-05-26T19:15:32.000Z,56.9643341,23.6000881,2.736,8.939,0.651,227.938
2026-05-26T19:15:33.000Z,56.9643293,23.6000842,2.713,8.998,0.593,221.306
2026-05-26T19:15:34.000Z,56.9643239,23.6000810,2.677,9.006,0.593,213.094
2026-05-26T19:15:35.000Z,56.9643174,23.6000715,2.664,8.835,0.807,215.166
2026-05-26T19:15:36.000Z,56.9643093,23.6000694,2.655,9.028,0.868,204.668
2026-05-26T19:15:37.000Z,56.9643044,23.6000666,2.693,9.108,0.723,203.438
2026-05-26T19:15:38.000Z,56.9642979,23.6000591,2.681,8.783,0.781,208.229
2026-05-26T19:15:39.000Z,56.9642944,23.6000533,2.668,9.310,0.730,211.658
2026-05-26T19:15:40.000Z,56.9642880,23.6000447,2.684,8.914,0.884,209.156
2026-05-26T19:15:41.000Z,56.9642863,23.6000375,2.671,9.188,0.689,220.393
2026-05-26T19:15:42.000Z,56.9642853,23.6000311,2.693,9.282,0.466,232.741
2026-05-26T19:15:43.000Z,56.9642798,23.6000313,2.658,9.266,0.361,212.787
2026-05-26T19:15:44.000Z,56.9642730,23.6000317,2.679,9.382,0.452,199.427
2026-05-26T19:15:45.000Z,56.9642739,23.6000338,2.668,9.604,0.087,194.283
2026-05-26T19:15:46.000Z,56.9642733,23.6000342,2.900,9.838,0.113,194.283
2026-05-26T19:15:47.000Z,56.9642736,23.6000343,2.962,9.843,0.000,194.283
2026-05-26T19:15:49.000Z,56.9642749,23.6000330,3.259,10.224,0.161,194.283
2026-05-26T19:15:50.000Z,56.9642695,23.6000278,3.277,10.380,0.517,196.534
2026-05-26T19:15:51.000Z,56.9642630,23.6000196,3.511,10.474,0.746,212.593
2026-05-26T19:15:52.000Z,56.9642590,23.6000143,3.775,10.601,0.683,213.182
2026-05-26T19:15:53.000Z,56.9642555,23.6000036,4.093,10.331,0.725,219.063
2026-05-26T19:15:54.000Z,56.9642499,23.5999971,4.370,10.790,0.763,216.531
2026-05-26T19:15:55.000Z,56.9642447,23.5999903,4.456,10.681,0.716,214.588
2026-05-26T19:15:56.000Z,56.9642388,23.5999861,4.614,10.219,0.691,211.739
2026-05-26T19:15:57.000Z,56.9642321,23.5999814,5.616,9.898,0.722,210.380
2026-05-26T19:15:58.000Z,56.9642274,23.5999752,6.004,10.441,0.732,212.633
2026-05-26T19:15:59.000Z,56.9642287,23.5999663,6.250,10.839,0.660,221.888
2026-05-26T19:16:00.000Z,56.9642204,23.5999572,6.269,10.556,0.926,221.139
2026-05-26T19:16:01.000Z,56.9642137,23.5999473,6.200,10.088,1.000,224.517
2026-05-26T19:16:02.000Z,56.9642075,23.5999436,6.087,10.742,0.944,219.269
2026-05-26T19:16:03.000Z,56.9642009,23.5999393,6.303,10.822,0.822,213.636
2026-05-26T19:16:04.000Z,56.9641916,23.5999361,6.099,10.964,0.836,207.607
2026-05-26T19:16:05.000Z,56.9641851,23.5999277,5.900,10.376,0.850,211.515
2026-05-26T19:16:06.000Z,56.9641782,23.5999217,5.747,11.019,0.771,211.408
2026-05-26T19:16:07.000Z,56.9641704,23.5999147,5.743,11.131,0.799,212.091
2026-05-26T19:16:08.000Z,56.9641604,23.5999116,5.790,10.796,0.806,210.199
2026-05-26T19:16:09.000Z,56.9641528,23.5999078,5.872,10.637,0.727,204.397
2026-05-26T19:16:10.000Z,56.9641452,23.5999003,5.903,10.827,0.733,206.935
2026-05-26T19:16:11.000Z,56.9641385,23.5998901,5.750,10.711,0.773,213.361
2026-05-26T19:16:12.000Z,56.9641324,23.5998857,5.630,11.341,0.659,213.898
2026-05-26T19:16:13.000Z,56.9641269,23.5998731,5.517,10.282,0.710,216.557
2026-05-26T19:16:14.000Z,56.9641180,23.5998704,5.388,10.617,0.729,208.439
2026-05-26T19:16:15.000Z,56.9641124,23.5998708,5.315,10.927,0.502,199.043
2026-05-26T19:16:16.000Z,56.9641079,23.5998669,5.210,10.611,0.432,207.635
2026-05-26T19:16:17.000Z,56.9641031,23.5998669,5.050,10.795,0.332,199.704
2026-05-26T19:16:18.000Z,56.9640986,23.5998657,4.970,11.061,0.459,199.704
2026-05-26T19:16:19.000Z,56.9640999,23.5998655,4.875,11.339,0.170,199.704
2026-05-26T19:16:20.000Z,56.9641034,23.5998658,4.843,11.659,0.007,199.704
2026-05-26T19:16:21.000Z,56.9641034,23.5998658,4.828,11.664,0.000,199.704
2026-05-26T19:16:22.000Z,56.9641034,23.5998658,4.789,11.664,0.000,199.704
2026-05-26T19:16:23.000Z,56.9641034,23.5998658,4.734,11.664,0.000,199.704
2026-05-26T19:16:24.000Z,56.9641034,23.5998658,4.698,11.664,0.000,199.704
2026-05-26T19:16:27.000Z,56.9641027,23.5998649,5.468,11.933,0.050,199.704
2026-05-26T19:16:28.000Z,56.9641029,23.5998651,6.290,11.939,0.000,199.704
2026-05-26T19:16:29.000Z,56.9641029,23.5998651,6.256,11.939,0.000,199.704
2026-05-26T19:16:31.000Z,56.9641029,23.5998643,7.385,11.903,0.239,199.704
2026-05-26T19:16:32.000Z,56.9640989,23.5998584,7.656,11.728,0.454,199.704
2026-05-26T19:16:33.000Z,56.9640978,23.5998582,8.094,11.734,0.266,199.704
2026-05-26T19:16:34.000Z,56.9640923,23.5998539,8.115,11.647,0.448,199.704
2026-05-26T19:16:35.000Z,56.9640894,23.5998518,8.496,11.600,0.435,199.704
2026-05-26T19:16:36.000Z,56.9640854,23.5998473,8.809,11.669,0.463,199.704
2026-05-26T19:16:37.000Z,56.9640779,23.5998440,8.917,11.711,0.707,194.654
2026-05-26T19:16:38.000Z,56.9640691,23.5998375,9.466,12.129,0.893,196.209
2026-05-26T19:16:39.000Z,56.9640690,23.5998317,9.824,12.652,0.645,202.114
2026-05-26T19:16:40.000Z,56.9640685,23.5998262,10.346,12.506,0.470,211.696
2026-05-26T19:16:41.000Z,56.9640632,23.5998193,10.553,12.108,0.605,214.064
2026-05-26T19:16:42.000Z,56.9640484,23.5998195,10.671,11.991,0.992,196.382
2026-05-26T19:16:43.000Z,56.9640417,23.5998142,10.454,12.640,0.948,197.576
2026-05-26T19:16:44.000Z,56.9640347,23.5998094,10.765,12.517,0.916,199.282
2026-05-26T19:16:45.000Z,56.9640330,23.5998037,11.106,12.265,0.728,204.547
2026-05-26T19:16:46.000Z,56.9640268,23.5997994,11.380,12.342,0.698,205.154
2026-05-26T19:16:47.000Z,56.9640224,23.5997935,11.099,12.182,0.648,215.020
2026-05-26T19:16:48.000Z,56.9640136,23.5997912,10.701,12.696,0.722,208.805
2026-05-26T19:16:49.000Z,56.9640033,23.5997895,10.282,11.696,0.893,202.899
2026-05-26T19:16:50.000Z,56.9639948,23.5997898,9.999,11.730,0.774,195.484
2026-05-26T19:16:51.000Z,56.9639868,23.5997826,9.655,11.107,0.788,199.267
2026-05-26T19:16:52.000Z,56.9639805,23.5997710,9.347,11.716,0.701,203.988
2026-05-26T19:16:53.000Z,56.9639726,23.5997668,9.009,11.316,0.885,203.828
2026-05-26T19:16:54.000Z,56.9639717,23.5997596,8.675,11.972,0.921,206.965
2026-05-26T19:16:55.000Z,56.9639716,23.5997564,8.440,11.667,0.652,210.143
2026-05-26T19:16:56.000Z,56.9639668,23.5997567,8.242,12.090,0.589,201.565
2026-05-26T19:16:57.000Z,56.9639537,23.5997495,8.058,10.931,0.732,200.027
2026-05-26T19:16:58.000Z,56.9639428,23.5997406,7.939,10.421,0.786,203.057
2026-05-26T19:16:59.000Z,56.9639359,23.5997431,7.708,11.745,0.599,196.313
2026-05-26T19:17:00.000Z,56.9639218,23.5997414,7.560,12.162,0.784,193.328
2026-05-26T19:17:01.000Z,56.9639128,23.5997303,7.419,9.829,0.769,202.558
2026-05-26T19:17:02.000Z,56.9639092,23.5997217,7.286,10.816,0.602,214.547
2026-05-26T19:17:03.000Z,56.9639011,23.5997111,7.159,10.767,0.656,216.380
2026-05-26T19:17:04.000Z,56.9638872,23.5997022,7.038,11.216,0.742,211.685
2026-05-26T19:17:05.000Z,56.9638827,23.5996926,6.924,11.045,0.717,215.095
2026-05-26T19:17:06.000Z,56.9638757,23.5996876,6.815,10.851,0.766,211.045
2026-05-26T19:17:07.000Z,56.9638654,23.5996815,6.712,11.184,0.853,209.904
2026-05-26T19:17:08.000Z,56.9638601,23.5996759,6.614,10.486,0.725,215.625
2026-05-26T19:17:09.000Z,56.9638524,23.5996708,6.520,10.974,0.695,210.718
2026-05-26T19:17:10.000Z,56.9638435,23.5996659,6.432,10.804,0.728,211.787
2026-05-26T19:17:11.000Z,56.9638415,23.5996629,6.348,10.343,0.528,206.384
2026-05-26T19:17:12.000Z,56.9638319,23.5996496,6.268,10.850,0.792,207.986
2026-05-26T19:17:13.000Z,56.9638302,23.5996375,6.192,11.126,0.764,214.795
2026-05-26T19:17:14.000Z,56.9638267,23.5996286,6.120,11.437,0.698,219.018
2026-05-26T19:17:15.000Z,56.9638212,23.5996151,6.051,11.799,0.802,222.247
2026-05-26T19:17:16.000Z,56.9638161,23.5996076,5.986,11.609,0.776,216.248
2026-05-26T19:17:17.000Z,56.9638117,23.5995932,5.924,12.002,0.826,224.455
2026-05-26T19:17:18.000Z,56.9638083,23.5995848,5.865,11.622,0.759,222.927
2026-05-26T19:17:19.000Z,56.9638013,23.5995731,5.809,11.655,0.822,222.033
2026-05-26T19:17:20.000Z,56.9637926,23.5995584,5.756,11.347,1.015,222.580
2026-05-26T19:17:21.000Z,56.9637852,23.5995498,5.706,11.013,0.795,225.250
2026-05-26T19:17:22.000Z,56.9637799,23.5995385,5.658,11.482,0.801,226.858
2026-05-26T19:17:23.000Z,56.9637749,23.5995291,5.613,11.409,0.737,227.743
2026-05-26T19:17:24.000Z,56.9637704,23.5995203,5.569,10.909,0.720,231.953
2026-05-26T19:17:25.000Z,56.9637674,23.5995097,5.528,11.030,0.688,237.158
2026-05-26T19:17:26.000Z,56.9637642,23.5994945,5.489,10.653,0.804,242.245
2026-05-26T19:17:27.000Z,56.9637655,23.5994829,5.452,10.470,0.769,250.347
2026-05-26T19:17:28.000Z,56.9637701,23.5994690,5.417,10.674,0.730,264.789
2026-05-26T19:17:29.000Z,56.9637719,23.5994476,5.384,11.412,1.024,268.609
2026-05-26T19:17:30.000Z,56.9637723,23.5994331,5.352,11.467,0.882,267.680
2026-05-26T19:17:31.000Z,56.9637769,23.5994247,5.322,11.120,0.681,282.758
2026-05-26T19:17:32.000Z,56.9637770,23.5994128,5.293,10.935,0.653,277.578
2026-05-26T19:17:33.000Z,56.9637782,23.5994025,5.266,10.889,0.593,280.537
2026-05-26T19:17:34.000Z,56.9637813,23.5993883,5.240,11.020,0.695,283.641
2026-05-26T19:17:35.000Z,56.9637816,23.5993700,5.216,11.237,0.871,278.948
2026-05-26T19:17:36.000Z,56.9637810,23.5993617,5.192,10.270,0.702,276.908
2026-05-26T19:17:37.000Z,56.9637833,23.5993471,5.170,10.318,0.737,283.463
2026-05-26T19:17:38.000Z,56.9637856,23.5993296,5.149,10.204,0.848,286.921
2026-05-26T19:17:39.000Z,56.9637862,23.5993173,5.129,10.281,0.782,288.057
2026-05-26T19:17:40.000Z,56.9637865,23.5993079,5.110,9.752,0.633,291.639
2026-05-26T19:17:41.000Z,56.9637985,23.5992977,5.092,10.223,0.768,312.855
2026-05-26T19:17:42.000Z,56.9638062,23.5992986,5.075,10.664,0.644,331.612
2026-05-26T19:17:43.000Z,56.9638116,23.5992933,5.058,10.668,0.601,333.473
2026-05-26T19:17:44.000Z,56.9638167,23.5992853,5.043,10.814,0.615,331.475
2026-05-26T19:17:45.000Z,56.9638280,23.5992816,5.028,10.411,0.737,337.876
2026-05-26T19:17:46.000Z,56.9638364,23.5992753,5.014,11.340,0.658,337.345
2026-05-26T19:17:47.000Z,56.9638385,23.5992557,5.001,12.216,0.768,323.900
2026-05-26T19:17:48.000Z,56.9638439,23.5992456,4.988,11.987,0.777,323.028
2026-05-26T19:17:49.000Z,56.9638500,23.5992309,4.976,11.891,0.821,318.351
2026-05-26T19:17:50.000Z,56.9638562,23.5992188,4.965,11.724,0.863,320.591
2026-05-26T19:17:51.000Z,56.9638667,23.5992059,4.954,12.375,0.914,327.310
2026-05-26T19:17:52.000Z,56.9638564,23.5991953,4.944,10.719,0.371,281.957
2026-05-26T19:17:53.000Z,56.9638619,23.5991832,4.934,11.053,0.363,317.794
2026-05-26T19:17:54.000Z,56.9638701,23.5991801,4.925,11.376,0.447,337.131
2026-05-26T19:17:55.000Z,56.9638728,23.5991763,4.916,10.786,0.376,331.274
2026-05-26T19:17:56.000Z,56.9638759,23.5991693,4.908,11.680,0.252,338.022
2026-05-26T19:17:57.000Z,56.9638804,23.5991647,4.900,12.039,0.306,338.022
2026-05-26T19:17:58.000Z,56.9638839,23.5991619,4.892,11.981,0.000,338.022
2026-05-26T19:17:59.000Z,56.9638839,23.5991619,4.885,11.981,0.000,338.022
2026-05-26T19:18:00.000Z,56.9638819,23.5991621,4.878,12.313,0.071,338.022
2026-05-26T19:18:01.000Z,56.9638826,23.5991611,4.872,12.271,0.214,338.022
2026-05-26T19:18:02.000Z,56.9638857,23.5991575,4.866,12.355,0.439,338.022
2026-05-26T19:18:03.000Z,56.9638877,23.5991459,4.860,11.869,0.578,312.997
2026-05-26T19:18:04.000Z,56.9638892,23.5991342,4.854,11.213,0.642,305.708
2026-05-26T19:18:05.000Z,56.9638943,23.5991360,4.849,11.846,0.456,327.881
2026-05-26T19:18:06.000Z,56.9639015,23.5991239,4.844,12.105,0.685,322.329
2026-05-26T19:18:07.000Z,56.9639042,23.5991143,4.839,11.571,0.662,318.434
2026-05-26T19:18:08.000Z,56.9639044,23.5991075,4.835,10.362,0.517,311.655
2026-05-26T19:18:09.001Z,56.9639128,23.5991014,4.830,11.175,0.722,321.394
2026-05-26T19:18:10.000Z,56.9639255,23.5991022,4.826,11.528,0.767,333.885
2026-05-26T19:18:11.000Z,56.9639371,23.5991000,4.822,11.640,0.802,339.141
2026-05-26T19:18:12.000Z,56.9639414,23.5990823,4.819,11.378,0.781,329.688
2026-05-26T19:18:13.000Z,56.9639529,23.5990745,4.815,11.266,0.811,329.049
2026-05-26T19:18:14.000Z,56.9639537,23.5990508,4.812,11.065,0.669,310.134
2026-05-26T19:18:15.000Z,56.9639586,23.5990371,4.809,11.834,0.583,313.786
2026-05-26T19:18:16.000Z,56.9639641,23.5990275,4.806,11.760,0.666,316.408
2026-05-26T19:18:17.000Z,56.9639683,23.5990146,4.803,12.781,0.763,314.056
2026-05-26T19:18:18.000Z,56.9639679,23.5990000,4.800,11.057,0.640,307.090
2026-05-26T19:18:19.000Z,56.9639716,23.5989987,4.798,11.639,0.429,320.095
2026-05-26T19:18:20.000Z,56.9639716,23.5989840,4.795,12.279,0.441,294.298
2026-05-26T19:18:21.000Z,56.9639742,23.5989818,4.793,12.386,0.252,297.395
2026-05-26T19:18:22.000Z,56.9639738,23.5989831,4.791,12.255,0.000,297.395
2026-05-26T19:18:23.000Z,56.9639699,23.5989787,4.788,12.291,0.093,297.395
2026-05-26T19:18:24.000Z,56.9639681,23.5989779,4.786,11.548,0.094,297.395
2026-05-26T19:18:25.000Z,56.9639745,23.5989800,4.785,12.375,0.242,297.395
2026-05-26T19:18:26.000Z,56.9639818,23.5989695,4.783,12.636,0.534,315.866
2026-05-26T19:18:27.000Z,56.9639926,23.5989612,4.781,12.940,0.948,327.856
2026-05-26T19:18:28.000Z,56.9639934,23.5989533,4.779,12.871,0.691,318.713
2026-05-26T19:18:29.000Z,56.9639941,23.5989514,4.778,13.178,0.350,298.890
2026-05-26T19:18:30.000Z,56.9639938,23.5989384,4.776,13.140,0.549,291.789
2026-05-26T19:18:31.000Z,56.9639983,23.5989235,4.775,13.017,0.733,300.132
2026-05-26T19:18:32.000Z,56.9640109,23.5989224,4.774,12.972,0.674,320.995
2026-05-26T19:18:33.000Z,56.9640106,23.5989118,4.772,12.103,0.580,311.190
2026-05-26T19:18:34.000Z,56.9640157,23.5988975,4.771,12.925,0.753,313.071
2026-05-26T19:18:35.000Z,56.9640188,23.5988857,4.770,13.312,0.719,311.598
2026-05-26T19:18:36.000Z,56.9640206,23.5988768,4.769,13.247,0.651,307.918
2026-05-26T19:18:37.000Z,56.9640262,23.5988536,4.768,13.427,0.966,306.397
2026-05-26T19:18:38.000Z,56.9640293,23.5988463,4.767,13.075,0.721,310.905
2026-05-26T19:18:39.000Z,56.9640351,23.5988383,4.766,13.270,0.613,313.591
2026-05-26T19:18:40.000Z,56.9640412,23.5988188,4.765,14.021,0.784,310.200
2026-05-26T19:18:41.000Z,56.9640441,23.5988112,4.764,13.084,0.594,311.744
2026-05-26T19:18:42.000Z,56.9640501,23.5987994,4.764,13.144,0.822,315.828
2026-05-26T19:18:43.000Z,56.9640521,23.5987905,4.763,13.265,0.702,311.100
2026-05-26T19:18:44.000Z,56.9640572,23.5987797,4.762,13.047,0.812,311.296
2026-05-26T19:18:45.000Z,56.9640595,23.5987692,4.762,12.559,0.711,310.643
2026-05-26T19:18:46.000Z,56.9640616,23.5987497,4.761,12.194,0.819,306.850
2026-05-26T19:18:47.000Z,56.9640708,23.5987438,4.760,13.571,0.898,317.118
2026-05-26T19:18:48.000Z,56.9640806,23.5987338,4.760,13.590,1.017,321.513
2026-05-26T19:18:49.000Z,56.9640889,23.5987281,4.759,12.949,0.813,324.475
2026-05-26T19:18:50.000Z,56.9640941,23.5987283,4.759,11.965,0.638,328.748
2026-05-26T19:18:51.000Z,56.9641029,23.5987230,4.758,13.112,0.682,333.273
2026-05-26T19:18:52.000Z,56.9641126,23.5987196,4.758,14.006,0.804,334.748
2026-05-26T19:18:53.000Z,56.9641125,23.5987099,4.757,13.139,0.639,323.996
2026-05-26T19:18:54.000Z,56.9641185,23.5986947,4.757,13.472,0.761,320.671
2026-05-26T19:18:55.000Z,56.9641224,23.5986791,4.756,14.050,0.773,315.960
2026-05-26T19:18:56.000Z,56.9641296,23.5986633,4.756,14.347,0.905,315.872
2026-05-26T19:18:57.000Z,56.9641349,23.5986498,4.756,14.414,0.845,316.978
2026-05-26T19:18:58.000Z,56.9641336,23.5986409,4.755,13.065,0.563,303.818
2026-05-26T19:18:59.000Z,56.9641367,23.5986355,4.755,14.121,0.442,309.590
2026-05-26T19:19:00.000Z,56.9641429,23.5986231,4.755,14.461,0.671,312.577
2026-05-26T19:19:01.000Z,56.9641428,23.5986137,4.754,13.737,0.550,307.719
2026-05-26T19:19:02.000Z,56.9641451,23.5986025,4.754,14.119,0.537,305.536
2026-05-26T19:19:03.000Z,56.9641516,23.5985791,4.754,13.959,0.799,306.405
2026-05-26T19:19:04.000Z,56.9641591,23.5985723,4.754,14.517,0.739,319.188
2026-05-26T19:19:05.000Z,56.9641595,23.5985651,4.753,13.273,0.493,313.756
2026-05-26T19:19:06.000Z,56.9641640,23.5985561,4.753,13.531,0.496,316.407
2026-05-26T19:19:07.000Z,56.9641650,23.5985454,4.753,13.804,0.526,306.437
2026-05-26T19:19:08.000Z,56.9641662,23.5985407,4.753,14.057,0.382,301.106
2026-05-26T19:19:09.000Z,56.9641691,23.5985322,4.752,14.092,0.519,303.537
2026-05-26T19:19:10.000Z,56.9641713,23.5985164,4.752,13.897,0.752,292.739
2026-05-26T19:19:11.000Z,56.9641745,23.5985003,4.752,14.166,0.801,293.576
2026-05-26T19:19:12.000Z,56.9641749,23.5984901,4.752,14.054,0.632,294.902
2026-05-26T19:19:13.000Z,56.9641743,23.5984665,4.752,13.883,0.689,286.675
2026-05-26T19:19:14.000Z,56.9641741,23.5984572,4.752,13.569,0.574,281.266
2026-05-26T19:19:15.000Z,56.9641804,23.5984429,4.751,14.500,0.724,293.826
2026-05-26T19:19:16.000Z,56.9641844,23.5984275,4.751,15.321,0.733,289.423
2026-05-26T19:19:17.000Z,56.9641884,23.5984230,4.751,14.974,0.481,292.006
2026-05-26T19:19:18.000Z,56.9641955,23.5984084,4.751,15.011,0.678,297.787
2026-05-26T19:19:19.000Z,56.9641927,23.5983953,4.751,14.806,0.648,275.898
2026-05-26T19:19:20.000Z,56.9641939,23.5983899,4.751,14.598,0.525,284.652
2026-05-26T19:19:21.000Z,56.9641973,23.5983797,4.751,13.725,0.634,286.109
2026-05-26T19:19:22.000Z,56.9642035,23.5983707,4.751,14.441,0.679,297.547
2026-05-26T19:19:23.000Z,56.9642071,23.5983633,4.750,14.275,0.575,299.650
2026-05-26T19:19:24.000Z,56.9642147,23.5983481,4.750,14.234,0.725,304.157
2026-05-26T19:19:25.000Z,56.9642183,23.5983346,4.750,14.711,0.679,299.321
2026-05-26T19:19:26.000Z,56.9642204,23.5983232,4.750,15.214,0.664,293.155
2026-05-26T19:19:27.000Z,56.9642253,23.5983114,4.750,15.166,0.657,290.597
2026-05-26T19:19:28.000Z,56.9642296,23.5983010,4.750,15.755,0.645,294.110
2026-05-26T19:19:29.000Z,56.9642288,23.5982797,4.750,15.140,0.809,285.226
2026-05-26T19:19:30.000Z,56.9642299,23.5982652,4.750,15.822,0.835,288.088
2026-05-26T19:19:31.000Z,56.9642234,23.5982496,4.750,15.628,0.813,276.394
2026-05-26T19:19:32.000Z,56.9642210,23.5982432,4.750,13.798,0.561,271.934
2026-05-26T19:19:33.000Z,56.9642216,23.5982297,4.750,14.366,0.597,278.250
2026-05-26T19:19:34.000Z,56.9642195,23.5982145,4.750,15.132,0.726,277.096
2026-05-26T19:19:35.000Z,56.9642173,23.5982115,4.750,14.398,0.461,260.489
2026-05-26T19:19:36.000Z,56.9642196,23.5981984,4.750,14.692,0.563,275.403
2026-05-26T19:19:37.000Z,56.9642194,23.5981885,4.750,14.281,0.550,273.884
2026-05-26T19:19:38.000Z,56.9642226,23.5981740,4.750,14.400,0.630,279.044
2026-05-26T19:19:39.000Z,56.9642225,23.5981581,4.749,14.240,0.673,275.980
2026-05-26T19:19:40.000Z,56.9642320,23.5981454,4.749,13.877,0.687,286.915
2026-05-26T19:19:41.000Z,56.9642325,23.5981391,4.749,13.987,0.593,288.762
2026-05-26T19:19:42.000Z,56.9642341,23.5981298,4.749,12.815,0.582,292.001
2026-05-26T19:19:43.000Z,56.9642354,23.5981129,4.749,14.377,0.678,288.061
2026-05-26T19:19:44.000Z,56.9642323,23.5981105,4.749,14.600,0.259,283.855
2026-05-26T19:19:45.000Z,56.9642351,23.5980999,4.749,15.616,0.407,295.062
2026-05-26T19:19:46.000Z,56.9642286,23.5980862,4.749,13.569,0.536,266.060
2026-05-26T19:19:47.000Z,56.9642250,23.5980779,4.749,14.547,0.355,258.536
2026-05-26T19:19:48.000Z,56.9642211,23.5980644,4.749,14.673,0.494,258.536
2026-05-26T19:19:49.000Z,56.9642294,23.5980513,4.749,15.085,0.577,292.129
2026-05-26T19:19:50.000Z,56.9642199,23.5980482,4.749,13.407,0.415,230.778
2026-05-26T19:19:51.000Z,56.9642243,23.5980469,4.749,13.975,0.056,237.175
2026-05-26T19:19:52.000Z,56.9642285,23.5980324,4.749,13.840,0.123,237.175
2026-05-26T19:19:53.000Z,56.9642271,23.5980242,4.749,13.590,0.181,237.175
2026-05-26T19:19:54.000Z,56.9642277,23.5980119,4.749,13.792,0.385,253.491
2026-05-26T19:19:55.000Z,56.9642270,23.5979970,4.749,13.346,0.473,253.491
2026-05-26T19:19:56.000Z,56.9642244,23.5979865,4.749,13.247,0.369,253.491
2026-05-26T19:19:57.000Z,56.9642196,23.5979720,4.749,11.425,0.492,246.261
2026-05-26T19:19:58.000Z,56.9642266,23.5979709,4.749,12.451,0.279,298.493
2026-05-26T19:19:59.000Z,56.9642302,23.5979574,4.749,12.298,0.457,298.493
2026-05-26T19:20:00.000Z,56.9642335,23.5979458,4.749,12.054,0.551,303.163
2026-05-26T19:20:01.000Z,56.9642347,23.5979334,4.749,11.988,0.564,294.634
2026-05-26T19:20:02.000Z,56.9642314,23.5979135,4.749,11.228,0.547,281.913
2026-05-26T19:20:03.000Z,56.9642278,23.5979052,4.749,10.934,0.395,275.910
2026-05-26T19:20:04.000Z,56.9642274,23.5978938,4.749,10.828,0.436,277.613
2026-05-26T19:20:05.000Z,56.9642279,23.5978781,4.749,10.547,0.534,270.262
2026-05-26T19:20:06.000Z,56.9642278,23.5978595,4.749,10.982,0.790,265.578
2026-05-26T19:20:07.000Z,56.9642361,23.5978477,4.749,10.673,0.664,288.671
2026-05-26T19:20:08.000Z,56.9642352,23.5978522,4.749,10.498,0.145,290.653
2026-05-26T19:20:09.000Z,56.9642369,23.5978452,4.749,10.736,0.241,290.653
2026-05-26T19:20:10.000Z,56.9642348,23.5978291,4.749,9.483,0.593,269.082
2026-05-26T19:20:11.000Z,56.9642306,23.5978266,4.749,10.241,0.279,273.602
2026-05-26T19:20:12.000Z,56.9642244,23.5978131,4.749,9.854,0.427,273.602
2026-05-26T19:20:13.000Z,56.9642233,23.5977992,4.749,9.441,0.567,276.477
2026-05-26T19:20:14.000Z,56.9642187,23.5977869,4.749,9.798,0.518,270.622
2026-05-26T19:20:15.000Z,56.9642139,23.5977811,4.749,9.718,0.304,256.429
2026-05-26T19:20:16.000Z,56.9642097,23.5977735,4.749,9.180,0.202,256.429
2026-05-26T19:20:17.000Z,56.9642126,23.5977581,4.749,9.813,0.469,281.204
2026-05-26T19:20:18.000Z,56.9642208,23.5977501,4.749,9.486,0.517,307.635
2026-05-26T19:20:19.000Z,56.9642249,23.5977389,4.749,9.208,0.493,298.508
2026-05-26T19:20:20.000Z,56.9642302,23.5977208,4.749,9.317,0.651,300.219
2026-05-26T19:20:21.000Z,56.9642358,23.5977104,4.749,9.375,0.591,308.012
2026-05-26T19:20:22.000Z,56.9642378,23.5977012,4.749,9.290,0.505,307.219
2026-05-26T19:20:23.000Z,56.9642432,23.5976852,4.749,9.203,0.545,300.357
2026-05-26T19:20:24.000Z,56.9642466,23.5976779,4.749,8.765,0.523,293.880
2026-05-26T19:20:25.000Z,56.9642452,23.5976678,4.749,10.028,0.431,283.250
2026-05-26T19:20:26.000Z,56.9642432,23.5976532,4.749,9.800,0.572,283.819
2026-05-26T19:20:27.000Z,56.9642467,23.5976432,4.749,10.411,0.563,291.540
2026-05-26T19:20:28.000Z,56.9642460,23.5976329,4.749,10.946,0.504,293.330
2026-05-26T19:20:29.000Z,56.9642396,23.5976241,4.749,8.643,0.493,276.312
2026-05-26T19:20:30.000Z,56.9642413,23.5976168,4.749,9.763,0.409,288.691
2026-05-26T19:20:31.000Z,56.9642395,23.5976103,4.749,9.818,0.273,281.045
2026-05-26T19:20:32.000Z,56.9642311,23.5975956,4.749,9.111,0.743,236.570
2026-05-26T19:20:33.000Z,56.9642357,23.5975896,4.749,10.222,0.400,260.193
2026-05-26T19:20:34.000Z,56.9642415,23.5975750,4.749,10.075,0.516,284.185
2026-05-26T19:20:35.000Z,56.9642404,23.5975638,4.749,9.738,0.514,282.509
2026-05-26T19:20:36.000Z,56.9642312,23.5975468,4.749,10.153,0.715,254.722
2026-05-26T19:20:37.000Z,56.9642315,23.5975395,4.749,10.009,0.517,256.885
2026-05-26T19:20:38.000Z,56.9642338,23.5975273,4.749,9.692,0.477,276.426
2026-05-26T19:20:39.000Z,56.9642343,23.5975085,4.749,9.840,0.629,280.834
2026-05-26T19:20:40.000Z,56.9642322,23.5974960,4.749,9.482,0.475,276.071
2026-05-26T19:20:41.000Z,56.9642300,23.5974874,4.749,9.849,0.374,279.776
2026-05-26T19:20:42.000Z,56.9642252,23.5974638,4.749,9.670,0.682,278.025
2026-05-26T19:20:43.000Z,56.9642207,23.5974436,4.749,10.116,0.781,271.539
2026-05-26T19:20:44.000Z,56.9642295,23.5974361,4.749,9.966,0.767,316.503
2026-05-26T19:20:45.000Z,56.9642338,23.5974230,4.749,9.597,0.975,321.210
2026-05-26T19:20:46.000Z,56.9642319,23.5974133,4.749,9.077,0.644,309.190
2026-05-26T19:20:47.000Z,56.9642256,23.5974045,4.749,9.767,0.396,276.428
2026-05-26T19:20:48.000Z,56.9642203,23.5973980,4.749,9.816,0.373,250.687
2026-05-26T19:20:49.000Z,56.9642208,23.5973742,4.749,9.854,0.718,264.962
2026-05-26T19:20:50.000Z,56.9642164,23.5973659,4.749,10.058,0.609,262.857
2026-05-26T19:20:51.000Z,56.9642115,23.5973513,4.749,9.771,0.734,260.707
2026-05-26T19:20:52.000Z,56.9642141,23.5973498,4.749,10.216,0.391,280.167
2026-05-26T19:20:53.000Z,56.9642122,23.5973278,4.749,10.587,0.882,280.250
2026-05-26T19:20:54.000Z,56.9642053,23.5973131,4.749,10.624,0.834,259.001
2026-05-26T19:20:55.000Z,56.9642019,23.5973005,4.749,9.633,0.795,258.144
2026-05-26T19:20:56.000Z,56.9642005,23.5972973,4.749,12.035,0.508,262.082
2026-05-26T19:20:57.000Z,56.9641975,23.5972901,4.749,12.178,0.375,263.290
2026-05-26T19:20:58.000Z,56.9641951,23.5972793,4.749,11.395,0.438,265.754
2026-05-26T19:20:59.000Z,56.9641928,23.5972697,4.749,11.804,0.519,261.988
2026-05-26T19:21:00.000Z,56.9641920,23.5972599,4.749,12.000,0.560,265.062
2026-05-26T19:21:01.000Z,56.9641936,23.5972515,4.749,11.966,0.517,264.818
2026-05-26T19:21:02.000Z,56.9641954,23.5972412,4.749,11.850,0.564,270.701
2026-05-26T19:21:03.000Z,56.9641977,23.5972286,4.749,11.836,0.639,269.584
2026-05-26T19:21:04.000Z,56.9641992,23.5972128,4.749,12.309,0.784,272.697
2026-05-26T19:21:05.000Z,56.9641981,23.5971970,4.749,12.419,0.829,270.410
2026-05-26T19:21:06.000Z,56.9641978,23.5971885,4.749,12.684,0.592,272.358
2026-05-26T19:21:07.000Z,56.9641977,23.5971820,4.749,12.997,0.379,274.376
2026-05-26T19:21:08.000Z,56.9642020,23.5971784,4.749,13.017,0.334,298.715
2026-05-26T19:21:09.000Z,56.9642056,23.5971739,4.749,13.026,0.353,304.158
2026-05-26T19:21:10.000Z,56.9642108,23.5971628,4.749,13.378,0.540,306.278
2026-05-26T19:21:11.000Z,56.9642095,23.5971504,4.749,13.849,0.541,295.289
2026-05-26T19:21:12.000Z,56.9642059,23.5971360,4.749,13.613,0.632,275.013
2026-05-26T19:21:13.000Z,56.9642075,23.5971278,4.749,13.612,0.567,280.117
2026-05-26T19:21:14.000Z,56.9642063,23.5971190,4.749,13.437,0.508,276.978
2026-05-26T19:21:15.000Z,56.9642036,23.5971139,4.749,12.804,0.372,271.158
2026-05-26T19:21:16.000Z,56.9641997,23.5970965,4.749,12.571,0.690,264.550
2026-05-26T19:21:17.000Z,56.9642041,23.5970877,4.749,12.709,0.607,281.868
2026-05-26T19:21:18.000Z,56.9642084,23.5970748,4.749,12.500,0.751,289.216
2026-05-26T19:21:19.000Z,56.9642076,23.5970644,4.749,12.162,0.638,281.907
2026-05-26T19:21:20.000Z,56.9642051,23.5970622,4.749,11.724,0.343,268.059
2026-05-26T19:21:21.000Z,56.9642054,23.5970503,4.749,11.328,0.428,282.188
2026-05-26T19:21:22.000Z,56.9642033,23.5970406,4.749,11.099,0.470,277.328
2026-05-26T19:21:23.000Z,56.9641990,23.5970286,4.749,10.655,0.541,264.767
2026-05-26T19:21:24.000Z,56.9641970,23.5970218,4.749,11.189,0.450,264.451
2026-05-26T19:21:25.000Z,56.9641967,23.5970203,4.749,11.848,0.402,263.748
2026-05-26T19:21:26.000Z,56.9641889,23.5970090,4.749,11.467,0.405,263.748
2026-05-26T19:21:27.000Z,56.9641883,23.5970004,4.749,11.478,0.401,263.748
2026-05-26T19:21:28.000Z,56.9641804,23.5969973,4.749,10.794,0.285,263.748
2026-05-26T19:21:29.000Z,56.9641809,23.5969844,4.749,10.874,0.457,280.013
2026-05-26T19:21:30.000Z,56.9641841,23.5969787,4.749,10.768,0.506,301.968
2026-05-26T19:21:31.000Z,56.9641883,23.5969778,4.749,10.944,0.505,314.649
2026-05-26T19:21:32.000Z,56.9641874,23.5969760,4.749,10.518,0.354,308.741
2026-05-26T19:21:33.000Z,56.9641876,23.5969729,4.749,10.396,0.306,308.741
2026-05-26T19:21:34.000Z,56.9641903,23.5969690,4.749,10.479,0.062,308.741
2026-05-26T19:21:35.000Z,56.9641979,23.5969609,4.749,9.709,0.631,316.292
2026-05-26T19:21:36.000Z,56.9641880,23.5969529,4.749,10.479,0.347,267.237
2026-05-26T19:21:37.000Z,56.9641915,23.5969465,4.749,10.238,0.397,283.617
2026-05-26T19:21:38.000Z,56.9641864,23.5969392,4.749,9.810,0.430,269.118
2026-05-26T19:21:39.000Z,56.9641782,23.5969378,4.749,9.585,0.282,233.375
2026-05-26T19:21:40.000Z,56.9641751,23.5969387,4.749,9.577,0.132,233.375
2026-05-26T19:21:41.000Z,56.9641739,23.5969285,4.749,9.444,0.149,233.375
2026-05-26T19:21:42.000Z,56.9641757,23.5969304,4.749,9.444,0.000,233.375
2026-05-26T19:21:43.000Z,56.9641757,23.5969304,4.749,9.444,0.000,233.375
2026-05-26T19:21:44.000Z,56.9641728,23.5969219,4.749,9.115,0.036,233.375
2026-05-26T19:21:45.000Z,56.9641720,23.5969192,4.749,8.972,0.000,233.375
2026-05-26T19:21:46.000Z,56.9641720,23.5969192,4.749,8.972,0.000,233.375
2026-05-26T19:21:47.000Z,56.9641720,23.5969192,4.749,8.972,0.000,233.375
2026-05-26T19:21:48.000Z,56.9641720,23.5969192,4.749,8.972,0.000,233.375
2026-05-26T19:21:49.000Z,56.9641720,23.5969192,4.749,8.972,0.000,233.375
2026-05-26T19:21:50.000Z,56.9641720,23.5969192,4.749,8.972,0.000,233.375
2026-05-26T19:21:51.000Z,56.9641720,23.5969192,4.749,8.972,0.000,233.375
2026-05-26T19:21:52.000Z,56.9641720,23.5969192,4.749,8.972,0.000,233.375
2026-05-26T19:21:53.000Z,56.9641720,23.5969192,4.749,8.972,0.000,233.375
2026-05-26T19:21:54.000Z,56.9641720,23.5969192,4.749,8.972,0.000,233.375
2026-05-26T19:21:55.000Z,56.9641720,23.5969192,4.749,8.972,0.000,233.375
2026-05-26T19:21:56.000Z,56.9641720,23.5969192,4.749,8.972,0.000,233.375
2026-05-26T19:21:57.000Z,56.9641720,23.5969192,4.749,8.972,0.000,233.375
2026-05-26T19:21:58.000Z,56.9641720,23.5969192,4.749,8.972,0.000,233.375
2026-05-26T19:21:59.000Z,56.9641720,23.5969192,4.749,8.972,0.000,233.375
2026-05-26T19:22:00.000Z,56.9641720,23.5969192,4.749,8.972,0.000,233.375
2026-05-26T19:22:01.000Z,56.9641720,23.5969192,4.749,8.972,0.000,233.375
2026-05-26T19:22:02.000Z,56.9641720,23.5969192,4.749,8.972,0.000,233.375
2026-05-26T19:22:03.000Z,56.9641720,23.5969192,4.749,8.972,0.000,233.375
2026-05-26T19:22:04.000Z,56.9641720,23.5969192,4.749,8.972,0.000,233.375
2026-05-26T19:22:05.000Z,56.9641720,23.5969192,4.749,8.972,0.000,233.375
2026-05-26T19:22:06.000Z,56.9641720,23.5969192,4.749,8.972,0.000,233.375
2026-05-26T19:22:07.000Z,56.9641720,23.5969192,4.749,8.972,0.000,233.375
2026-05-26T19:22:08.000Z,56.9641720,23.5969192,4.749,8.972,0.000,233.375
2026-05-26T19:22:09.000Z,56.9641720,23.5969192,4.749,8.972,0.000,233.375
2026-05-26T19:22:10.000Z,56.9641720,23.5969192,4.749,8.972,0.000,233.375
2026-05-26T19:22:11.000Z,56.9641720,23.5969192,4.749,8.972,0.000,233.375
2026-05-26T19:22:12.000Z,56.9641632,23.5968846,4.749,8.249,0.353,233.375
2026-05-26T19:22:13.000Z,56.9641612,23.5968833,4.749,8.577,0.269,233.375
2026-05-26T19:22:14.000Z,56.9641567,23.5968870,4.749,8.414,0.369,233.375
2026-05-26T19:22:15.000Z,56.9641548,23.5968980,4.749,8.299,0.167,233.375
2026-05-26T19:22:16.000Z,56.9641507,23.5968940,4.749,8.503,0.336,233.375
2026-05-26T19:22:17.000Z,56.9641490,23.5968984,4.749,7.797,0.270,233.375
2026-05-26T19:22:18.000Z,56.9641443,23.5968887,4.749,8.120,0.319,233.375
2026-05-26T19:22:19.000Z,56.9641352,23.5968858,4.749,7.966,0.412,233.375
2026-05-26T19:22:20.000Z,56.9641329,23.5969259,4.749,8.170,0.987,115.254
2026-05-26T19:22:21.000Z,56.9641364,23.5969172,4.749,7.374,0.580,94.634
2026-05-26T19:22:22.000Z,56.9641270,23.5968782,4.749,9.213,0.317,219.778
2026-05-26T19:22:23.000Z,56.9641190,23.5968712,4.749,9.278,0.454,210.038
2026-05-26T19:22:24.000Z,56.9641102,23.5968561,4.749,9.546,0.549,211.091
2026-05-26T19:22:25.000Z,56.9641014,23.5968438,4.749,8.565,0.450,210.561
2026-05-26T19:22:26.000Z,56.9640981,23.5968296,4.749,10.222,0.355,219.908
2026-05-26T19:22:27.000Z,56.9640948,23.5968330,4.749,11.119,0.406,-1.000
2026-05-26T19:22:28.000Z,56.9640964,23.5968331,4.749,10.826,0.062,-1.000
2026-05-26T19:22:29.000Z,56.9640945,23.5968276,4.749,11.902,0.303,-1.000
2026-05-26T19:22:30.000Z,56.9640903,23.5968358,4.749,12.283,0.085,-1.000
2026-05-26T19:22:31.000Z,56.9640846,23.5968386,4.749,13.022,0.195,-1.000
2026-05-26T19:22:32.000Z,56.9640794,23.5968533,4.749,13.539,0.190,-1.000
2026-05-26T19:22:33.000Z,56.9640733,23.5968707,4.749,13.830,0.195,-1.000
2026-05-26T19:22:34.000Z,56.9640667,23.5968802,4.749,13.487,0.137,-1.000
2026-05-26T19:22:35.000Z,56.9640633,23.5968959,4.749,14.114,0.417,-1.000
2026-05-26T19:22:36.000Z,56.9640601,23.5969081,4.749,14.624,0.391,-1.000
2026-05-26T19:22:37.000Z,56.9640529,23.5969260,4.749,15.630,0.351,-1.000
2026-05-26T19:22:38.000Z,56.9640396,23.5969365,4.749,16.227,0.560,151.443
2026-05-26T19:22:39.000Z,56.9640414,23.5969534,4.749,15.475,0.603,116.773
2026-05-26T19:22:40.000Z,56.9640387,23.5969516,4.749,15.517,0.318,119.676
2026-05-26T19:22:41.000Z,56.9640460,23.5969565,4.749,14.518,0.322,118.204
2026-05-26T19:22:42.000Z,56.9640410,23.5969590,4.749,14.949,0.506,135.350
2026-05-26T19:22:43.000Z,56.9640338,23.5969505,4.749,13.839,0.730,170.597
2026-05-26T19:22:44.000Z,56.9640291,23.5969433,4.749,13.967,0.845,184.147
2026-05-26T19:22:45.000Z,56.9640271,23.5969363,4.749,14.990,0.779,194.229
2026-05-26T19:22:46.000Z,56.9640386,23.5969361,4.749,13.425,0.418,-1.000
2026-05-26T19:22:47.000Z,56.9640343,23.5969211,4.749,14.916,0.524,255.220
2026-05-26T19:22:48.000Z,56.9640388,23.5969156,4.749,14.750,0.360,274.993
2026-05-26T19:22:49.000Z,56.9640388,23.5969135,4.749,15.008,0.242,274.993
2026-05-26T19:22:50.000Z,56.9640386,23.5968950,4.749,15.179,0.309,274.993
2026-05-26T19:22:51.000Z,56.9640475,23.5968973,4.749,15.111,0.430,274.993
2026-05-26T19:22:52.000Z,56.9640491,23.5969111,4.749,15.181,0.067,274.993
2026-05-26T19:22:53.000Z,56.9640491,23.5969162,4.749,15.095,0.053,274.993
2026-05-26T19:22:54.000Z,56.9640443,23.5969107,4.749,14.590,0.066,274.993
2026-05-26T19:22:55.000Z,56.9640421,23.5969002,4.749,15.022,0.354,274.993
2026-05-26T19:22:56.000Z,56.9640395,23.5968988,5.789,14.336,0.388,274.993
2026-05-26T19:22:57.000Z,56.9640373,23.5968840,7.938,15.362,0.702,274.993
2026-05-26T19:22:58.000Z,56.9640347,23.5968607,10.409,16.757,1.001,267.653
2026-05-26T19:22:59.000Z,56.9640337,23.5968390,12.833,13.183,1.176,268.917
2026-05-26T19:23:00.000Z,56.9640513,23.5968952,13.880,15.448,0.109,296.924
2026-05-26T19:23:01.000Z,56.9640482,23.5968902,17.107,14.437,0.249,296.924
2026-05-26T19:23:02.000Z,56.9640497,23.5968883,20.866,15.688,0.121,296.924
2026-05-26T19:23:03.000Z,56.9640699,23.5969569,17.759,11.629,0.037,-1.000
2026-05-26T19:23:04.000Z,56.9640699,23.5969569,19.843,11.773,0.037,-1.000
2026-05-26T19:23:05.000Z,56.9640699,23.5969569,22.030,11.911,0.037,-1.000
2026-05-26T19:23:06.079Z,56.9640699,23.5969568,24.316,12.044,0.037,-1.000
2026-05-26T19:23:13.000Z,56.9641822,23.5970318,18.354,16.445,0.055,-1.000
2026-05-26T19:23:14.000Z,56.9641912,23.5970012,16.841,16.241,0.065,-1.000
2026-05-26T19:23:15.000Z,56.9641402,23.5970955,6.902,16.369,0.130,-1.000
2026-05-26T19:23:16.000Z,56.9641418,23.5970917,7.172,15.695,0.242,-1.000
2026-05-26T19:23:17.000Z,56.9641385,23.5971006,7.748,15.867,0.193,-1.000
2026-05-26T19:23:18.000Z,56.9641361,23.5970737,6.448,15.671,0.186,-1.000
2026-05-26T19:23:19.000Z,56.9641340,23.5970723,7.824,16.044,0.045,-1.000
2026-05-26T19:23:20.000Z,56.9641410,23.5970640,8.696,15.894,0.251,-1.000
2026-05-26T19:23:21.000Z,56.9641559,23.5970802,10.347,15.900,0.577,11.839
2026-05-26T19:23:22.000Z,56.9641567,23.5969517,7.351,16.214,1.409,313.716
2026-05-26T19:23:23.000Z,56.9641661,23.5969639,8.181,16.489,1.264,333.096
2026-05-26T19:23:24.000Z,56.9641511,23.5969927,9.375,16.494,0.595,333.394
2026-05-26T19:23:25.000Z,56.9641519,23.5969985,11.121,16.641,0.480,333.394
2026-05-26T19:23:26.000Z,56.9641615,23.5970003,11.607,16.730,0.550,333.394
2026-05-26T19:23:27.000Z,56.9641451,23.5969735,9.750,16.837,0.355,333.394
2026-05-26T19:23:28.000Z,56.9641412,23.5969672,11.135,16.890,0.161,333.394
2026-05-26T19:23:29.000Z,56.9641353,23.5969599,13.082,16.757,0.341,333.394
2026-05-26T19:23:30.000Z,56.9641203,23.5969592,15.197,16.841,0.280,333.394
2026-05-26T19:23:31.000Z,56.9641104,23.5968785,16.272,17.079,0.938,322.795
2026-05-26T19:23:32.000Z,56.9641211,23.5967951,17.154,17.370,1.379,295.844
2026-05-26T19:23:33.000Z,56.9641282,23.5967930,18.760,17.215,1.358,289.565
2026-05-26T19:23:34.000Z,56.9641465,23.5967971,11.475,17.258,1.557,296.801
2026-05-26T19:23:35.000Z,56.9641539,23.5967553,12.318,17.616,1.767,292.855
2026-05-26T19:23:36.000Z,56.9641527,23.5967853,13.380,16.529,1.197,295.749
2026-05-26T19:23:37.000Z,56.9641653,23.5967734,13.873,18.446,1.256,302.106
2026-05-26T19:23:38.000Z,56.9641339,23.5970749,9.342,16.518,0.878,67.008
2026-05-26T19:23:39.000Z,56.9641621,23.5971199,9.385,16.720,1.201,57.957
2026-05-26T19:23:40.000Z,56.9641798,23.5970365,8.654,16.209,0.498,22.405
2026-05-26T19:23:41.000Z,56.9641852,23.5970144,7.951,16.525,0.411,22.124
2026-05-26T19:23:42.000Z,56.9641810,23.5969786,8.009,16.636,0.113,22.124
2026-05-26T19:23:43.000Z,56.9641742,23.5969667,8.523,16.458,0.027,22.124
2026-05-26T19:23:44.000Z,56.9641844,23.5969751,9.024,16.580,0.248,22.124
2026-05-26T19:23:45.000Z,56.9642011,23.5969805,10.681,16.502,0.556,22.124
2026-05-26T19:23:46.000Z,56.9642049,23.5969907,11.748,17.154,0.407,22.124
2026-05-26T19:23:47.000Z,56.9641854,23.5969584,12.321,17.044,0.126,22.123
2026-05-26T19:23:48.000Z,56.9641833,23.5969403,11.630,17.290,0.026,22.123
2026-05-26T19:23:49.000Z,56.9641724,23.5969466,12.592,16.811,0.055,22.123
2026-05-26T19:23:50.000Z,56.9641768,23.5969521,14.748,17.135,0.165,22.123
2026-05-26T19:23:51.000Z,56.9641830,23.5969623,17.643,16.977,0.346,22.123
2026-05-26T19:23:52.000Z,56.9641892,23.5969714,13.244,16.900,0.000,22.124
2026-05-26T19:23:53.000Z,56.9641892,23.5969714,13.185,16.900,0.000,22.124
2026-05-26T19:23:54.000Z,56.9641892,23.5969714,13.144,16.900,0.000,22.124
2026-05-26T19:23:55.000Z,56.9641892,23.5969714,12.945,16.900,0.000,22.124
2026-05-26T19:23:56.000Z,56.9641808,23.5969575,12.774,16.186,0.236,22.123
2026-05-26T19:23:57.000Z,56.9641772,23.5969476,13.013,16.762,0.475,22.123
2026-05-26T19:23:58.000Z,56.9641765,23.5969472,12.994,16.874,0.000,22.123
2026-05-26T19:23:59.000Z,56.9641927,23.5970597,9.675,16.648,0.227,22.124
2026-05-26T19:24:00.000Z,56.9641881,23.5970457,10.420,16.592,0.039,22.124
2026-05-26T19:24:01.000Z,56.9641845,23.5970335,11.993,16.144,0.038,22.124
2026-05-26T19:24:02.000Z,56.9641872,23.5970247,14.441,16.920,0.108,22.124
2026-05-26T19:24:03.000Z,56.9641873,23.5970252,17.278,16.436,0.170,22.124
2026-05-26T19:24:04.000Z,56.9641934,23.5970278,21.333,15.861,0.000,22.124
2026-05-26T19:24:05.000Z,56.9641983,23.5970226,25.546,16.231,0.000,22.124
2026-05-26T19:24:06.000Z,56.9641623,23.5974158,29.452,15.168,0.000,64.682
2026-05-26T19:24:07.085Z,56.9642033,23.5975261,33.848,15.431,0.000,62.451
2026-05-26T19:24:08.074Z,56.9642029,23.5975888,38.425,15.512,0.000,65.758
2026-05-26T19:24:09.075Z,56.9642038,23.5976620,43.210,15.451,4.512,68.471
2026-05-26T19:24:10.080Z,56.9642132,23.5977368,49.519,15.155,4.519,69.155
2026-05-26T19:24:11.075Z,56.9642274,23.5978082,52.508,15.026,4.528,69.202
2026-05-26T19:24:21.075Z,56.9642034,23.5969588,6.808,24.124,0.000,-1.000
