timestamp_iso,kind,sf,seq,rx_rssi,rx_snr,tx_rssi,tx_snr,raw
2026-05-26T18:07:47.940584Z,hit,7,0,-13,13,-13,13,sf=7 seq=0 rx_rssi=-13 rx_snr=13 tx_rssi=-13 tx_snr=13
2026-05-26T18:07:48.105864Z,hit,10,7,-8,9,-8,9,sf=7 seqsf=10 seq=7 rx_rssi=-8 rx_snr=9 tx_rssi=-8 tx_snr=9
2026-05-26T18:07:48.761097Z,hit,10,8,-7,10,-8,8,sf=10 seq=8 rx_rssi=-7 rx_snr=10 tx_rssi=-8 tx_snr=8
2026-05-26T18:07:49.414942Z,hit,10,9,-9,9,-9,9,sf=10 seq=9 rx_rssi=-9 rx_snr=9 tx_rssi=-9 tx_snr=9
2026-05-26T18:07:50.069730Z,hit,10,10,-11,9,-10,9,sf=10 seq=10 rx_rssi=-11 rx_snr=9 tx_rssi=-10 tx_snr=9
2026-05-26T18:07:50.724661Z,hit,10,11,-11,9,-11,9,sf=10 seq=11 rx_rssi=-11 rx_snr=9 tx_rssi=-11 tx_snr=9
2026-05-26T18:07:51.378982Z,hit,10,12,-13,9,-12,9,sf=10 seq=12 rx_rssi=-13 rx_snr=9 tx_rssi=-12 tx_snr=9
2026-05-26T18:07:52.033665Z,hit,10,13,-20,9,-13,9,sf=10 seq=13 rx_rssi=-20 rx_snr=9 tx_rssi=-13 tx_snr=9
2026-05-26T18:07:52.688162Z,hit,10,14,-28,9,-18,9,sf=10 seq=14 rx_rssi=-28 rx_snr=9 tx_rssi=-18 tx_snr=9
2026-05-26T18:07:53.342418Z,hit,10,15,-15,9,-20,9,sf=10 seq=15 rx_rssi=-15 rx_snr=9 tx_rssi=-20 tx_snr=9
2026-05-26T18:07:53.996924Z,hit,10,16,-19,9,-18,9,sf=10 seq=16 rx_rssi=-19 rx_snr=9 tx_rssi=-18 tx_snr=9
2026-05-26T18:07:54.651600Z,hit,10,17,-18,9,-20,9,sf=10 seq=17 rx_rssi=-18 rx_snr=9 tx_rssi=-20 tx_snr=9
2026-05-26T18:07:56.634556Z,miss,10,18,,,,,miss sf=10 seq=18
2026-05-26T18:07:58.620435Z,miss,10,19,,,,,miss sf=10 seq=19
2026-05-26T18:07:58.678812Z,info,,,,,,,=== SF10 summary: hits=18/20 per=10% rx_rssi_avg=-11 rx_snr_avg=9 tx_rssi_avg=-11 tx_snr_avg=9 ===
2026-05-26T18:08:00.372017Z,hit,11,0,-23,7,-25,8,sf=11 seq=0 rx_rssi=-23 rx_snr=7 tx_rssi=-25 tx_snr=8
2026-05-26T18:08:01.619174Z,hit,11,1,-27,9,-23,8,sf=11 seq=1 rx_rssi=-27 rx_snr=9 tx_rssi=-23 tx_snr=8
2026-05-26T18:08:02.866517Z,hit,11,2,-28,7,-42,7,sf=11 seq=2 rx_rssi=-28 rx_snr=7 tx_rssi=-42 tx_snr=7
2026-05-26T18:08:04.113785Z,hit,11,3,-30,7,-29,8,sf=11 seq=3 rx_rssi=-30 rx_snr=7 tx_rssi=-29 tx_snr=8
2026-05-26T18:08:05.361065Z,hit,11,4,-41,8,-34,9,sf=11 seq=4 rx_rssi=-41 rx_snr=8 tx_rssi=-34 tx_snr=9
2026-05-26T18:08:06.608292Z,hit,11,5,-31,8,-35,8,sf=11 seq=5 rx_rssi=-31 rx_snr=8 tx_rssi=-35 tx_snr=8
2026-05-26T18:08:07.855570Z,hit,11,6,-39,7,-32,7,sf=11 seq=6 rx_rssi=-39 rx_snr=7 tx_rssi=-32 tx_snr=7
2026-05-26T18:08:09.102913Z,hit,11,7,-35,7,-37,7,sf=11 seq=7 rx_rssi=-35 rx_snr=7 tx_rssi=-37 tx_snr=7
2026-05-26T18:08:10.350187Z,hit,11,8,-29,7,-28,7,sf=11 seq=8 rx_rssi=-29 rx_snr=7 tx_rssi=-28 tx_snr=7
2026-05-26T18:08:11.597334Z,hit,11,9,-30,7,-30,8,sf=11 seq=9 rx_rssi=-30 rx_snr=7 tx_rssi=-30 tx_snr=8
2026-05-26T18:08:12.844633Z,hit,11,10,-31,8,-31,8,sf=11 seq=10 rx_rssi=-31 rx_snr=8 tx_rssi=-31 tx_snr=8
2026-05-26T18:08:14.091921Z,hit,11,11,-29,7,-30,7,sf=11 seq=11 rx_rssi=-29 rx_snr=7 tx_rssi=-30 tx_snr=7
2026-05-26T18:08:15.339130Z,hit,11,12,-29,7,-29,7,sf=11 seq=12 rx_rssi=-29 rx_snr=7 tx_rssi=-29 tx_snr=7
2026-05-26T18:08:16.586166Z,hit,11,13,-28,9,-29,7,sf=11 seq=13 rx_rssi=-28 rx_snr=9 tx_rssi=-29 tx_snr=7
2026-05-26T18:08:17.833611Z,hit,11,14,-29,8,-28,7,sf=11 seq=14 rx_rssi=-29 rx_snr=8 tx_rssi=-28 tx_snr=7
2026-05-26T18:08:19.080583Z,hit,11,15,-30,7,-29,8,sf=11 seq=15 rx_rssi=-30 rx_snr=7 tx_rssi=-29 tx_snr=8
2026-05-26T18:08:20.327824Z,hit,11,16,-29,7,-29,7,sf=11 seq=16 rx_rssi=-29 rx_snr=7 tx_rssi=-29 tx_snr=7
2026-05-26T18:08:21.575204Z,hit,11,17,-26,8,-29,7,sf=11 seq=17 rx_rssi=-26 rx_snr=8 tx_rssi=-29 tx_snr=7
2026-05-26T18:08:25.485257Z,miss,11,18,,,,,miss sf=11 seq=18
2026-05-26T18:08:29.398335Z,miss,11,19,,,,,miss sf=11 seq=19
2026-05-26T18:08:29.456592Z,info,,,,,,,=== SF11 summary: hits=18/20 per=10% rx_rssi_avg=-30 rx_snr_avg=7 tx_rssi_avg=-30 tx_snr_avg=7 ===
2026-05-26T18:08:32.337256Z,hit,12,0,-50,7,-34,7,sf=12 seq=0 rx_rssi=-50 rx_snr=7 tx_rssi=-34 tx_snr=7
2026-05-26T18:08:34.772108Z,hit,12,1,-36,7,-35,7,sf=12 seq=1 rx_rssi=-36 rx_snr=7 tx_rssi=-35 tx_snr=7
2026-05-26T18:08:37.206979Z,hit,12,2,-36,7,-46,6,sf=12 seq=2 rx_rssi=-36 rx_snr=7 tx_rssi=-46 tx_snr=6
2026-05-26T18:08:39.641495Z,hit,12,3,-39,7,-36,7,sf=12 seq=3 rx_rssi=-39 rx_snr=7 tx_rssi=-36 tx_snr=7
2026-05-26T18:08:42.076436Z,hit,12,4,-39,6,-37,7,sf=12 seq=4 rx_rssi=-39 rx_snr=6 tx_rssi=-37 tx_snr=7
2026-05-26T18:08:44.511032Z,hit,12,5,-38,7,-37,7,sf=12 seq=5 rx_rssi=-38 rx_snr=7 tx_rssi=-37 tx_snr=7
2026-05-26T18:08:46.945876Z,hit,12,6,-38,7,-38,6,sf=12 seq=6 rx_rssi=-38 rx_snr=7 tx_rssi=-38 tx_snr=6
2026-05-26T18:08:49.380340Z,info,,,,,,,sf=12 seq=7 rx_rssi=-38 rx_snr7 tx_rssi=-37 tx_snr=6
2026-05-26T18:08:51.815196Z,hit,12,8,-38,7,-40,7,sf=12 seq=8 rx_rssi=-38 rx_snr=7 tx_rssi=-40 tx_snr=7
2026-05-26T18:08:54.249903Z,hit,12,9,-35,7,-42,6,sf=12 seq=9 rx_rssi=-35 rx_snr=7 tx_rssi=-42 tx_snr=6
2026-05-26T18:08:56.684619Z,hit,12,10,-34,6,-34,7,sf=12 seq=10 rx_rssi=-34 rx_snr=6 tx_rssi=-34 tx_snr=7
2026-05-26T18:08:59.119433Z,hit,12,11,-34,7,-33,7,sf=12 seq=11 rx_rssi=-34 rx_snr=7 tx_rssi=-33 tx_snr=7
2026-05-26T18:09:01.554018Z,hit,12,12,-34,7,-35,7,sf=12 seq=12 rx_rssi=-34 rx_snr=7 tx_rssi=-35 tx_snr=7
2026-05-26T18:09:03.988815Z,hit,12,13,-33,7,-33,7,sf=12 seq=13 rx_rssi=-33 rx_snr=7 tx_rssi=-33 tx_snr=7
2026-05-26T18:09:06.423631Z,hit,12,14,-34,8,-32,7,sf=12 seq=14 rx_rssi=-34 rx_snr=8 tx_rssi=-32 tx_snr=7
2026-05-26T18:09:08.858445Z,hit,12,15,-34,7,-35,7,sf=12 seq=15 rx_rssi=-34 rx_snr=7 tx_rssi=-35 tx_snr=7
2026-05-26T18:09:11.293066Z,hit,12,16,-34,7,-33,7,sf=12 seq=16 rx_rssi=-34 rx_snr=7 tx_rssi=-33 tx_snr=7
2026-05-26T18:09:13.727780Z,hit,12,17,-36,6,-35,7,sf=12 seq=17 rx_rssi=-36 rx_snr=6 tx_rssi=-35 tx_snr=7
2026-05-26T18:09:21.492498Z,miss,12,18,,,,,miss sf=12 seq=18
2026-05-26T18:09:24.732768Z,miss,12,19,,,,,miss sf=12 seq=19
2026-05-26T18:09:24.790921Z,info,,,,,,,=== SF12 summary: hits=18/20 per=10% rx_rssi_avg=-36 rx_snr_avg=6 tx_rssi_avg=-36 tx_snr_avg=6 ===
2026-05-26T18:09:25.384445Z,hit,7,0,-35,13,-35,13,sf=7 seq=0 rx_rssi=-35 rx_snr=13 tx_rssi=-35 tx_snr=13
2026-05-26T18:09:25.532187Z,hit,7,1,-35,14,-35,13,sf=7 seq=1 rx_rssi=-35 rx_snr=14 tx_rssi=-35 tx_snr=13
2026-05-26T18:09:25.679599Z,hit,7,2,-34,14,-35,13,sf=7 seq=2 rx_rssi=-34 rx_snr=14 tx_rssi=-35 tx_snr=13
2026-05-26T18:09:25.827691Z,hit,7,3,-34,13,-35,13,sf=7 seq=3 rx_rssi=-34 rx_snr=13 tx_rssi=-35 tx_snr=13
2026-05-26T18:09:25.974471Z,hit,7,4,-34,13,-35,13,sf=7 seq=4 rx_rssi=-34 rx_snr=13 tx_rssi=-35 tx_snr=13
2026-05-26T18:09:26.121585Z,info,,,,,,,sf=7 seq=5 rx_rssi=-34 r13 tx_rssi=-34 tx_snr=13
2026-05-26T18:09:26.269618Z,hit,7,6,-34,13,-34,13,sf=7 seq=6 rx_rssi=-34 rx_snr=13 tx_rssi=-34 tx_snr=13
2026-05-26T18:09:26.417281Z,hit,7,7,-34,13,-35,13,sf=7 seq=7 rx_rssi=-34 rx_snr=13 tx_rssi=-35 tx_snr=13
2026-05-26T18:09:26.564725Z,hit,7,8,-34,13,-34,13,sf=7 seq=8 rx_rssi=-34 rx_snr=13 tx_rssi=-34 tx_snr=13
2026-05-26T18:09:26.712156Z,hit,7,9,-34,13,-34,12,sf=7 seq=9 rx_rssi=-34 rx_snr=13 tx_rssi=-34 tx_snr=12
2026-05-26T18:09:26.859567Z,hit,7,10,-34,13,-34,12,sf=7 seq=10 rx_rssi=-34 rx_snr=13 tx_rssi=-34 tx_snr=12
2026-05-26T18:09:27.007132Z,hit,7,11,-34,13,-34,12,sf=7 seq=11 rx_rssi=-34 rx_snr=13 tx_rssi=-34 tx_snr=12
2026-05-26T18:09:27.154531Z,hit,7,12,-33,12,-34,12,sf=7 seq=12 rx_rssi=-33 rx_snr=12 tx_rssi=-34 tx_snr=12
2026-05-26T18:09:27.302429Z,hit,7,13,-33,13,-33,12,sf=7 seq=13 rx_rssi=-33 rx_snr=13 tx_rssi=-33 tx_snr=12
2026-05-26T18:09:27.449779Z,hit,7,14,-33,13,-33,12,sf=7 seq=14 rx_rssi=-33 rx_snr=13 tx_rssi=-33 tx_snr=12
2026-05-26T18:09:27.597035Z,hit,7,15,-33,13,-33,12,sf=7 seq=15 rx_rssi=-33 rx_snr=13 tx_rssi=-33 tx_snr=12
2026-05-26T18:09:27.744349Z,hit,7,16,-33,13,-33,12,sf=7 seq=16 rx_rssi=-33 rx_snr=13 tx_rssi=-33 tx_snr=12
2026-05-26T18:09:27.891888Z,hit,7,17,-33,12,-33,13,sf=7 seq=17 rx_rssi=-33 rx_snr=12 tx_rssi=-33 tx_snr=13
2026-05-26T18:09:28.193397Z,miss,7,18,,,,,miss sf=7 seq=18
2026-05-26T18:09:28.497960Z,miss,7,19,,,,,miss sf=7 seq=19
2026-05-26T18:09:28.556520Z,info,,,,,,,=== SF7 summary: hits=18/20 per=10% rx_rssi_avg=-33 rx_snr_avg=13 tx_rssi_avg=-34 tx_snr_avg=12 ===
2026-05-26T18:09:29.233836Z,hit,8,0,-32,13,-32,13,sf=8 seq=0 rx_rssi=-32 rx_snr=13 tx_rssi=-32 tx_snr=13
2026-05-26T18:09:29.465275Z,hit,8,1,-32,13,-32,13,sf=8 seq=1 rx_rssi=-32 rx_snr=13 tx_rssi=-32 tx_snr=13
2026-05-26T18:09:29.696633Z,hit,8,2,-32,13,-32,13,sf=8 seq=2 rx_rssi=-32 rx_snr=13 tx_rssi=-32 tx_snr=13
2026-05-26T18:09:29.927667Z,info,,,,,,,sf=8 seq=3 rx-32 rx_snr=13 tx_rssi=-32 tx_snr=13
2026-05-26T18:09:30.159051Z,hit,8,4,-32,13,-32,13,sf=8 seq=4 rx_rssi=-32 rx_snr=13 tx_rssi=-32 tx_snr=13
2026-05-26T18:09:30.390333Z,hit,8,5,-32,12,-32,12,sf=8 seq=5 rx_rssi=-32 rx_snr=12 tx_rssi=-32 tx_snr=12
2026-05-26T18:09:30.621637Z,hit,8,6,-32,13,-32,13,sf=8 seq=6 rx_rssi=-32 rx_snr=13 tx_rssi=-32 tx_snr=13
2026-05-26T18:09:30.852875Z,hit,8,7,-33,13,-33,13,sf=8 seq=7 rx_rssi=-33 rx_snr=13 tx_rssi=-33 tx_snr=13
2026-05-26T18:09:31.084431Z,hit,8,8,-33,13,-34,13,sf=8 seq=8 rx_rssi=-33 rx_snr=13 tx_rssi=-34 tx_snr=13
2026-05-26T18:09:31.315664Z,hit,8,9,-33,14,-34,13,sf=8 seq=9 rx_rssi=-33 rx_snr=14 tx_rssi=-34 tx_snr=13
2026-05-26T18:09:31.547164Z,hit,8,10,-33,15,-34,14,sf=8 seq=10 rx_rssi=-33 rx_snr=15 tx_rssi=-34 tx_snr=14
2026-05-26T18:09:31.778229Z,hit,8,11,-34,14,-34,14,sf=8 seq=11 rx_rssi=-34 rx_snr=14 tx_rssi=-34 tx_snr=14
2026-05-26T18:09:32.009377Z,hit,8,12,-33,14,-34,14,sf=8 seq=12 rx_rssi=-33 rx_snr=14 tx_rssi=-34 tx_snr=14
2026-05-26T18:09:32.240678Z,hit,8,13,-33,14,-34,14,sf=8 seq=13 rx_rssi=-33 rx_snr=14 tx_rssi=-34 tx_snr=14
2026-05-26T18:09:32.472083Z,hit,8,14,-33,14,-34,13,sf=8 seq=14 rx_rssi=-33 rx_snr=14 tx_rssi=-34 tx_snr=13
2026-05-26T18:09:32.703249Z,hit,8,15,-33,14,-34,14,sf=8 seq=15 rx_rssi=-33 rx_snr=14 tx_rssi=-34 tx_snr=14
2026-05-26T18:09:32.934675Z,hit,8,16,-33,14,-34,14,sf=8 seq=16 rx_rssi=-33 rx_snr=14 tx_rssi=-34 tx_snr=14
2026-05-26T18:09:33.165722Z,hit,8,17,-33,14,-34,14,sf=8 seq=17 rx_rssi=-33 rx_snr=14 tx_rssi=-34 tx_snr=14
2026-05-26T18:09:33.713545Z,miss,8,18,,,,,miss sf=8 seq=18
2026-05-26T18:09:34.264046Z,miss,8,19,,,,,miss sf=8 seq=19
2026-05-26T18:09:34.322557Z,info,,,,,,,=== SF8 summary: hits=18/20 per=10% rx_rssi_avg=-32 rx_snr_avg=13 tx_rssi_avg=-33 tx_snr_avg=13 ===
2026-05-26T18:09:35.127359Z,hit,9,0,-32,11,-33,12,sf=9 seq=0 rx_rssi=-32 rx_snr=11 tx_rssi=-33 tx_snr=12
2026-05-26T18:09:35.485825Z,info,,,,,,,sf9 seq=1 rx_rssi=-32 rx_snr=12 tx_rssi=-32 tx_snr=12
2026-05-26T18:09:35.844982Z,hit,9,2,-33,11,-32,11,sf=9 seq=2 rx_rssi=-33 rx_snr=11 tx_rssi=-32 tx_snr=11
2026-05-26T18:09:36.203444Z,hit,9,3,-33,12,-34,12,sf=9 seq=3 rx_rssi=-33 rx_snr=12 tx_rssi=-34 tx_snr=12
2026-05-26T18:09:36.562147Z,hit,9,4,-33,12,-33,11,sf=9 seq=4 rx_rssi=-33 rx_snr=12 tx_rssi=-33 tx_snr=11
2026-05-26T18:09:36.920883Z,hit,9,5,-33,12,-33,11,sf=9 seq=5 rx_rssi=-33 rx_snr=12 tx_rssi=-33 tx_snr=11
2026-05-26T18:09:37.279610Z,hit,9,6,-33,11,-33,12,sf=9 seq=6 rx_rssi=-33 rx_snr=11 tx_rssi=-33 tx_snr=12
2026-05-26T18:09:37.638299Z,hit,9,7,-33,11,-33,12,sf=9 seq=7 rx_rssi=-33 rx_snr=11 tx_rssi=-33 tx_snr=12
2026-05-26T18:09:37.997078Z,hit,9,8,-33,11,-33,12,sf=9 seq=8 rx_rssi=-33 rx_snr=11 tx_rssi=-33 tx_snr=12
2026-05-26T18:09:38.355890Z,hit,9,9,-33,11,-33,11,sf=9 seq=9 rx_rssi=-33 rx_snr=11 tx_rssi=-33 tx_snr=11
2026-05-26T18:09:38.714640Z,hit,9,10,-33,11,-33,11,sf=9 seq=10 rx_rssi=-33 rx_snr=11 tx_rssi=-33 tx_snr=11
2026-05-26T18:09:39.073326Z,hit,9,11,-33,11,-34,11,sf=9 seq=11 rx_rssi=-33 rx_snr=11 tx_rssi=-34 tx_snr=11
2026-05-26T18:09:39.432040Z,hit,9,12,-33,11,-34,11,sf=9 seq=12 rx_rssi=-33 rx_snr=11 tx_rssi=-34 tx_snr=11
2026-05-26T18:09:39.790667Z,hit,9,13,-33,11,-34,11,sf=9 seq=13 rx_rssi=-33 rx_snr=11 tx_rssi=-34 tx_snr=11
2026-05-26T18:09:40.149417Z,hit,9,14,-33,11,-34,12,sf=9 seq=14 rx_rssi=-33 rx_snr=11 tx_rssi=-34 tx_snr=12
2026-05-26T18:09:40.508064Z,hit,9,15,-36,12,-35,11,sf=9 seq=15 rx_rssi=-36 rx_snr=12 tx_rssi=-35 tx_snr=11
2026-05-26T18:09:40.866835Z,hit,9,16,-39,12,-38,12,sf=9 seq=16 rx_rssi=-39 rx_snr=12 tx_rssi=-38 tx_snr=12
2026-05-26T18:09:41.225463Z,hit,9,17,-42,11,-40,11,sf=9 seq=17 rx_rssi=-42 rx_snr=11 tx_rssi=-40 tx_snr=11
2026-05-26T18:09:42.244931Z,miss,9,18,,,,,miss sf=9 seq=18
2026-05-26T18:09:43.267063Z,miss,9,19,,,,,miss sf=9 seq=19
2026-05-26T18:09:43.325218Z,info,,,,,,,=== SF9 summary: hits=18/20 per10% rx_rssi_avg=-33 rx_snr_avg=11 tx_rssi_avg=-33 tx_snr_avg=11 ===
2026-05-26T18:09:44.426061Z,hit,10,0,-45,9,-47,8,sf=10 seq=0 rx_rssi=-45 rx_snr=9 tx_rssi=-47 tx_snr=8
2026-05-26T18:09:45.080576Z,hit,10,1,-46,9,-46,9,sf=10 seq=1 rx_rssi=-46 rx_snr=9 tx_rssi=-46 tx_snr=9
2026-05-26T18:09:45.735073Z,hit,10,2,-42,9,-44,8,sf=10 seq=2 rx_rssi=-42 rx_snr=9 tx_rssi=-44 tx_snr=8
2026-05-26T18:09:46.389707Z,hit,10,3,-43,10,-42,8,sf=10 seq=3 rx_rssi=-43 rx_snr=10 tx_rssi=-42 tx_snr=8
2026-05-26T18:09:47.044083Z,hit,10,4,-39,9,-41,8,sf=10 seq=4 rx_rssi=-39 rx_snr=9 tx_rssi=-41 tx_snr=8
2026-05-26T18:09:47.698656Z,hit,10,5,-35,9,-38,9,sf=10 seq=5 rx_rssi=-35 rx_snr=9 tx_rssi=-38 tx_snr=9
2026-05-26T18:09:48.353245Z,hit,10,6,-34,9,-34,9,sf=10 seq=6 rx_rssi=-34 rx_snr=9 tx_rssi=-34 tx_snr=9
2026-05-26T18:09:49.007634Z,hit,10,7,-33,9,-34,9,sf=10 seq=7 rx_rssi=-33 rx_snr=9 tx_rssi=-34 tx_snr=9
2026-05-26T18:09:49.662498Z,hit,10,8,-36,9,-34,10,sf=10 seq=8 rx_rssi=-36 rx_snr=9 tx_rssi=-34 tx_snr=10
2026-05-26T18:09:50.316689Z,hit,10,9,-45,9,-46,9,sf=10 seq=9 rx_rssi=-45 rx_snr=9 tx_rssi=-46 tx_snr=9
2026-05-26T18:09:50.971424Z,hit,10,10,-43,8,-47,8,sf=10 seq=10 rx_rssi=-43 rx_snr=8 tx_rssi=-47 tx_snr=8
2026-05-26T18:09:51.625889Z,hit,10,11,-39,9,-44,9,sf=10 seq=11 rx_rssi=-39 rx_snr=9 tx_rssi=-44 tx_snr=9
2026-05-26T18:09:52.280436Z,hit,10,12,-38,9,-38,9,sf=10 seq=12 rx_rssi=-38 rx_snr=9 tx_rssi=-38 tx_snr=9
2026-05-26T18:09:52.935Z,hit,10,13,-36,9,-38,8,sf=10 seq=13 rx_rssi=-36 rx_snr=9 tx_rssi=-38 tx_snr=8
2026-05-26T18:09:53.589533Z,hit,10,14,-35,9,-36,9,sf=10 seq=14 rx_rssi=-35 rx_snr=9 tx_rssi=-36 tx_snr=9
2026-05-26T18:09:54.244105Z,hit,10,15,-35,10,-36,9,sf=10 seq=15 rx_rssi=-35 rx_snr=10 tx_rssi=-36 tx_snr=9
2026-05-26T18:09:54.898557Z,hit,10,16,-36,8,-36,10,sf=10 seq=16 rx_rssi=-36 rx_snr=8 tx_rssi=-36 tx_snr=10
2026-05-26T18:09:55.552970Z,info,,,,,,,sf=10 seq17 rx_rssi=-36 rx_snr=9 tx_rssi=-37 tx_snr=9
2026-05-26T18:09:57.536123Z,miss,10,18,,,,,miss sf=10 seq=18
2026-05-26T18:09:59.521902Z,miss,10,19,,,,,miss sf=10 seq=19
2026-05-26T18:09:59.580098Z,info,,,,,,,=== SF10 summary: hits=18/20 per=10% rx_rssi_avg=-38 rx_snr_avg=9 tx_rssi_avg=-39 tx_snr_avg=8 ===
2026-05-26T18:10:01.273598Z,hit,11,0,-38,7,-38,8,sf=11 seq=0 rx_rssi=-38 rx_snr=7 tx_rssi=-38 tx_snr=8
2026-05-26T18:10:02.520550Z,hit,11,1,-38,8,-38,8,sf=11 seq=1 rx_rssi=-38 rx_snr=8 tx_rssi=-38 tx_snr=8
2026-05-26T18:10:03.767934Z,hit,11,2,-38,7,-38,7,sf=11 seq=2 rx_rssi=-38 rx_snr=7 tx_rssi=-38 tx_snr=7
2026-05-26T18:10:05.015141Z,hit,11,3,-39,7,-39,7,sf=11 seq=3 rx_rssi=-39 rx_snr=7 tx_rssi=-39 tx_snr=7
2026-05-26T18:10:06.262409Z,hit,11,4,-37,10,-37,8,sf=11 seq=4 rx_rssi=-37 rx_snr=10 tx_rssi=-37 tx_snr=8
2026-05-26T18:10:07.509683Z,hit,11,5,-37,7,-36,8,sf=11 seq=5 rx_rssi=-37 rx_snr=7 tx_rssi=-36 tx_snr=8
2026-05-26T18:10:08.756932Z,hit,11,6,-36,7,-35,7,sf=11 seq=6 rx_rssi=-36 rx_snr=7 tx_rssi=-35 tx_snr=7
2026-05-26T18:10:10.004104Z,hit,11,7,-36,7,-35,8,sf=11 seq=7 rx_rssi=-36 rx_snr=7 tx_rssi=-35 tx_snr=8
2026-05-26T18:10:11.251269Z,hit,11,8,-34,9,-35,8,sf=11 seq=8 rx_rssi=-34 rx_snr=9 tx_rssi=-35 tx_snr=8
2026-05-26T18:10:12.498541Z,hit,11,9,-34,9,-35,7,sf=11 seq=9 rx_rssi=-34 rx_snr=9 tx_rssi=-35 tx_snr=7
2026-05-26T18:10:13.745911Z,hit,11,10,-33,8,-34,8,sf=11 seq=10 rx_rssi=-33 rx_snr=8 tx_rssi=-34 tx_snr=8
2026-05-26T18:10:14.993255Z,hit,11,11,-33,10,-34,8,sf=11 seq=11 rx_rssi=-33 rx_snr=10 tx_rssi=-34 tx_snr=8
2026-05-26T18:10:16.240443Z,hit,11,12,-35,8,-35,8,sf=11 seq=12 rx_rssi=-35 rx_snr=8 tx_rssi=-35 tx_snr=8
2026-05-26T18:10:17.487597Z,hit,11,13,-40,7,-37,8,sf=11 seq=13 rx_rssi=-40 rx_snr=7 tx_rssi=-37 tx_snr=8
2026-05-26T18:10:18.734706Z,hit,11,14,-40,8,-39,7,sf=11 seq=14 rx_rssi=-40 rx_snr=8 tx_rssi=-39 tx_snr=7
2026-05-26T18:10:19.981804Z,info,,,,,,,sf=11 se15 rx_rssi=-40 rx_snr=7 tx_rssi=-40 tx_snr=8
2026-05-26T18:10:21.229181Z,hit,11,16,-38,9,-37,7,sf=11 seq=16 rx_rssi=-38 rx_snr=9 tx_rssi=-37 tx_snr=7
2026-05-26T18:10:22.476303Z,hit,11,17,-37,7,-37,8,sf=11 seq=17 rx_rssi=-37 rx_snr=7 tx_rssi=-37 tx_snr=8
2026-05-26T18:10:26.386724Z,miss,11,18,,,,,miss sf=11 seq=18
2026-05-26T18:10:30.299762Z,miss,11,19,,,,,miss sf=11 seq=19
2026-05-26T18:10:30.357894Z,info,,,,,,,=== SF11 summary: hits=18/20 per=10% rx_rssi_avg=-36 rx_snr_avg=7 tx_rssi_avg=-36 tx_snr_avg=7 ===
2026-05-26T18:10:33.238646Z,hit,12,0,-44,6,-42,7,sf=12 seq=0 rx_rssi=-44 rx_snr=6 tx_rssi=-42 tx_snr=7
2026-05-26T18:10:35.673407Z,hit,12,1,-49,6,-44,7,sf=12 seq=1 rx_rssi=-49 rx_snr=6 tx_rssi=-44 tx_snr=7
2026-05-26T18:10:38.108001Z,hit,12,2,-45,6,-49,6,sf=12 seq=2 rx_rssi=-45 rx_snr=6 tx_rssi=-49 tx_snr=6
2026-05-26T18:10:40.542736Z,hit,12,3,-65,7,-52,6,sf=12 seq=3 rx_rssi=-65 rx_snr=7 tx_rssi=-52 tx_snr=6
2026-05-26T18:10:42.977508Z,hit,12,4,-58,7,-56,7,sf=12 seq=4 rx_rssi=-58 rx_snr=7 tx_rssi=-56 tx_snr=7
2026-05-26T18:10:45.412225Z,hit,12,5,-64,7,-62,6,sf=12 seq=5 rx_rssi=-64 rx_snr=7 tx_rssi=-62 tx_snr=6
2026-05-26T18:10:47.846942Z,hit,12,6,-68,6,-58,7,sf=12 seq=6 rx_rssi=-68 rx_snr=6 tx_rssi=-58 tx_snr=7
2026-05-26T18:10:50.281623Z,hit,12,7,-68,6,-63,6,sf=12 seq=7 rx_rssi=-68 rx_snr=6 tx_rssi=-63 tx_snr=6
2026-05-26T18:10:52.716252Z,hit,12,8,-79,4,-65,6,sf=12 seq=8 rx_rssi=-79 rx_snr=4 tx_rssi=-65 tx_snr=6
2026-05-26T18:10:55.151074Z,hit,12,9,-59,7,-64,7,sf=12 seq=9 rx_rssi=-59 rx_snr=7 tx_rssi=-64 tx_snr=7
2026-05-26T18:10:57.585651Z,hit,12,10,-57,6,-70,6,sf=12 seq=10 rx_rssi=-57 rx_snr=6 tx_rssi=-70 tx_snr=6
2026-05-26T18:11:00.020466Z,hit,12,11,-59,7,-56,7,sf=12 seq=11 rx_rssi=-59 rx_snr=7 tx_rssi=-56 tx_snr=7
2026-05-26T18:11:02.455242Z,hit,12,12,-58,7,-57,7,sf=12 seq=12 rx_rssi=-58 rx_snr=7 tx_rssi=-57 tx_snr=7
2026-05-26T18:11:04.889718Z,hit,12,13,-59,7,-62,7,sf=12 seq=13 rx_rssi=-59 rx_snr=7 tx_rssi=-62 tx_snr=7
2026-05-26T18:11:07.324625Z,hit,12,14,-60,7,-57,6,sf=12 seq=14 rx_rssi=-60 rx_snr=7 tx_rssi=-57 tx_snr=6
2026-05-26T18:11:09.759083Z,hit,12,15,-61,7,-65,7,sf=12 seq=15 rx_rssi=-61 rx_snr=7 tx_rssi=-65 tx_snr=7
2026-05-26T18:11:12.193824Z,hit,12,16,-70,5,-64,8,sf=12 seq=16 rx_rssi=-70 rx_snr=5 tx_rssi=-64 tx_snr=8
2026-05-26T18:11:14.628701Z,hit,12,17,-65,6,-77,7,sf=12 seq=17 rx_rssi=-65 rx_snr=6 tx_rssi=-77 tx_snr=7
2026-05-26T18:11:22.393422Z,miss,12,18,,,,,miss sf=12 seq=18
2026-05-26T18:11:30.160796Z,miss,12,19,,,,,miss sf=12 seq=19
2026-05-26T18:11:30.219011Z,info,,,,,,,=== SF12 summary: hits=18/20 per=10% rx_rssi_avg=-60 rx_snr_avg=6 tx_rssi_avg=-59 tx_snr_avg=6 ===
2026-05-26T18:11:30.812686Z,hit,7,0,-66,13,-65,12,sf=7 seq=0 rx_rssi=-66 rx_snr=13 tx_rssi=-65 tx_snr=12
2026-05-26T18:11:30.960088Z,hit,7,1,-68,13,-67,13,sf=7 seq=1 rx_rssi=-68 rx_snr=13 tx_rssi=-67 tx_snr=13
2026-05-26T18:11:31.107615Z,hit,7,2,-71,13,-69,12,sf=7 seq=2 rx_rssi=-71 rx_snr=13 tx_rssi=-69 tx_snr=12
2026-05-26T18:11:31.255186Z,hit,7,3,-70,12,-71,12,sf=7 seq=3 rx_rssi=-70 rx_snr=12 tx_rssi=-71 tx_snr=12
2026-05-26T18:11:31.402678Z,hit,7,4,-66,13,-67,13,sf=7 seq=4 rx_rssi=-66 rx_snr=13 tx_rssi=-67 tx_snr=13
2026-05-26T18:11:31.550180Z,hit,7,5,-62,13,-64,12,sf=7 seq=5 rx_rssi=-62 rx_snr=13 tx_rssi=-64 tx_snr=12
2026-05-26T18:11:31.697675Z,hit,7,6,-60,13,-61,12,sf=7 seq=6 rx_rssi=-60 rx_snr=13 tx_rssi=-61 tx_snr=12
2026-05-26T18:11:31.844980Z,hit,7,7,-59,13,-60,13,sf=7 seq=7 rx_rssi=-59 rx_snr=13 tx_rssi=-60 tx_snr=13
2026-05-26T18:11:31.992249Z,hit,7,8,-61,13,-61,13,sf=7 seq=8 rx_rssi=-61 rx_snr=13 tx_rssi=-61 tx_snr=13
2026-05-26T18:11:32.139880Z,hit,7,9,-62,12,-63,12,sf=7 seq=9 rx_rssi=-62 rx_snr=12 tx_rssi=-63 tx_snr=12
2026-05-26T18:11:32.434660Z,hit,7,10,-65,13,-64,13,sf=7 seq=10 rx_rssi=-65 rx_snr=13 tx_rssi=-64 tx_snr=13sf=7 seq=11 rx_rssi=-66 rx_snr=13 tx_rssi=-65 tx_snr=12
2026-05-26T18:11:32.582435Z,hit,7,12,-68,13,-66,12,sf=7 seq=12 rx_rssi=-68 rx_snr=13 tx_rssi=-66 tx_snr=12
2026-05-26T18:11:32.729920Z,hit,7,13,-74,12,-71,12,sf=7 seq=13 rx_rssi=-74 rx_snr=12 tx_rssi=-71 tx_snr=12
2026-05-26T18:11:32.877220Z,hit,7,14,-76,12,-81,12,sf=7 seq=14 rx_rssi=-76 rx_snr=12 tx_rssi=-81 tx_snr=12
2026-05-26T18:11:33.024609Z,hit,7,15,-67,13,-69,12,sf=7 seq=15 rx_rssi=-67 rx_snr=13 tx_rssi=-69 tx_snr=12
2026-05-26T18:11:33.172115Z,hit,7,16,-66,12,-66,12,sf=7 seq=16 rx_rssi=-66 rx_snr=12 tx_rssi=-66 tx_snr=12
2026-05-26T18:11:33.319645Z,hit,7,17,-67,13,-66,12,sf=7 seq=17 rx_rssi=-67 rx_snr=13 tx_rssi=-66 tx_snr=12
2026-05-26T18:11:33.621369Z,miss,7,18,,,,,miss sf=7 seq=18
2026-05-26T18:11:33.925902Z,miss,7,19,,,,,miss sf=7 seq=19
2026-05-26T18:11:33.984523Z,info,,,,,,,=== SF7 summary: hits=18/20 per=10% rx_rssi_avg=-66 rx_snr_avg=12 tx_rssi_avg=-66 tx_snr_avg=12 ===
2026-05-26T18:11:34.661576Z,hit,8,0,-70,12,-74,13,sf=8 seq=0 rx_rssi=-70 rx_snr=12 tx_rssi=-74 tx_snr=13
2026-05-26T18:11:34.892824Z,hit,8,1,-68,14,-67,14,sf=8 seq=1 rx_rssi=-68 rx_snr=14 tx_rssi=-67 tx_snr=14
2026-05-26T18:11:35.124242Z,hit,8,2,-70,13,-69,13,sf=8 seq=2 rx_rssi=-70 rx_snr=13 tx_rssi=-69 tx_snr=13
2026-05-26T18:11:35.355730Z,hit,8,3,-70,13,-72,13,sf=8 seq=3 rx_rssi=-70 rx_snr=13 tx_rssi=-72 tx_snr=13
2026-05-26T18:11:35.587408Z,hit,8,4,-71,13,-68,13,sf=8 seq=4 rx_rssi=-71 rx_snr=13 tx_rssi=-68 tx_snr=13
2026-05-26T18:11:35.818233Z,hit,8,5,-85,5,-80,13,sf=8 seq=5 rx_rssi=-85 rx_snr=5 tx_rssi=-80 tx_snr=13
2026-05-26T18:11:36.049597Z,hit,8,6,-65,12,-71,13,sf=8 seq=6 rx_rssi=-65 rx_snr=12 tx_rssi=-71 tx_snr=13
2026-05-26T18:11:36.281138Z,hit,8,7,-69,13,-65,12,sf=8 seq=7 rx_rssi=-69 rx_snr=13 tx_rssi=-65 tx_snr=12
2026-05-26T18:11:36.512425Z,hit,8,8,-72,12,-74,13,sf=8 seq=8 rx_rssi=-72 rx_snr=12 tx_rssi=-74 tx_snr=13
2026-05-26T18:11:36.743406Z,hit,8,9,-73,13,-74,14,sf=8 seq=9 rx_rssi=-73 rx_snr=13 tx_rssi=-74 tx_snr=14
2026-05-26T18:11:36.974918Z,hit,8,10,-68,13,-70,13,sf=8 seq=10 rx_rssi=-68 rx_snr=13 tx_rssi=-70 tx_snr=13
2026-05-26T18:11:37.206091Z,hit,8,11,-71,13,-67,13,sf=8 seq=11 rx_rssi=-71 rx_snr=13 tx_rssi=-67 tx_snr=13
2026-05-26T18:11:37.437664Z,hit,8,12,-74,12,-73,12,sf=8 seq=12 rx_rssi=-74 rx_snr=12 tx_rssi=-73 tx_snr=12
2026-05-26T18:11:37.668446Z,hit,8,13,-75,12,-80,13,sf=8 seq=13 rx_rssi=-75 rx_snr=12 tx_rssi=-80 tx_snr=13
2026-05-26T18:11:37.899702Z,hit,8,14,-68,13,-69,13,sf=8 seq=14 rx_rssi=-68 rx_snr=13 tx_rssi=-69 tx_snr=13
2026-05-26T18:11:38.131040Z,hit,8,15,-69,12,-67,14,sf=8 seq=15 rx_rssi=-69 rx_snr=12 tx_rssi=-67 tx_snr=14
2026-05-26T18:11:38.362350Z,hit,8,16,-76,12,-72,13,sf=8 seq=16 rx_rssi=-76 rx_snr=12 tx_rssi=-72 tx_snr=13
2026-05-26T18:11:38.593548Z,hit,8,17,-73,12,-74,14,sf=8 seq=17 rx_rssi=-73 rx_snr=12 tx_rssi=-74 tx_snr=14
2026-05-26T18:11:39.141295Z,miss,8,18,,,,,miss sf=8 seq=18
2026-05-26T18:11:39.691829Z,miss,8,19,,,,,miss sf=8 seq=19
2026-05-26T18:11:39.750429Z,info,,,,,,,=== SF8 summary: hits=18/20 per=10% rx_rssi_avg=-71 rx_snr_avg=12 tx_rssi_avg=-71 tx_snr_avg=13 ===
2026-05-26T18:11:40.555100Z,hit,9,0,-71,11,-68,11,sf=9 seq=0 rx_rssi=-71 rx_snr=11 tx_rssi=-68 tx_snr=11
2026-05-26T18:11:40.913841Z,hit,9,1,-79,10,-75,12,sf=9 seq=1 rx_rssi=-79 rx_snr=10 tx_rssi=-75 tx_snr=12
2026-05-26T18:11:41.272311Z,hit,9,2,-85,4,-78,11,sf=9 seq=2 rx_rssi=-85 rx_snr=4 tx_rssi=-78 tx_snr=11
2026-05-26T18:11:41.631205Z,hit,9,3,-78,10,-77,11,sf=9 seq=3 rx_rssi=-78 rx_snr=10 tx_rssi=-77 tx_snr=11
2026-05-26T18:11:41.989917Z,hit,9,4,-72,11,-74,11,sf=9 seq=4 rx_rssi=-72 rx_snr=11 tx_rssi=-74 tx_snr=11
2026-05-26T18:11:42.348735Z,hit,9,5,-71,11,-69,12,sf=9 seq=5 rx_rssi=-71 rx_snr=11 tx_rssi=-69 tx_snr=12
2026-05-26T18:11:42.706919Z,info,,,,,,,sf=9 seq=6 rx_rssi=-85 rx5 tx_rssi=-79 tx_snr=12
2026-05-26T18:11:43.066065Z,hit,9,7,-67,11,-70,11,sf=9 seq=7 rx_rssi=-67 rx_snr=11 tx_rssi=-70 tx_snr=11
2026-05-26T18:11:43.424911Z,hit,9,8,-70,11,-68,11,sf=9 seq=8 rx_rssi=-70 rx_snr=11 tx_rssi=-68 tx_snr=11
2026-05-26T18:11:43.783601Z,hit,9,9,-78,10,-69,11,sf=9 seq=9 rx_rssi=-78 rx_snr=10 tx_rssi=-69 tx_snr=11
2026-05-26T18:11:44.142386Z,hit,9,10,-78,10,-76,12,sf=9 seq=10 rx_rssi=-78 rx_snr=10 tx_rssi=-76 tx_snr=12
2026-05-26T18:11:44.501159Z,hit,9,11,-83,8,-88,11,sf=9 seq=11 rx_rssi=-83 rx_snr=8 tx_rssi=-88 tx_snr=11
2026-05-26T18:11:44.859678Z,hit,9,12,-85,5,-88,11,sf=9 seq=12 rx_rssi=-85 rx_snr=5 tx_rssi=-88 tx_snr=11
2026-05-26T18:11:45.218539Z,hit,9,13,-77,10,-76,11,sf=9 seq=13 rx_rssi=-77 rx_snr=10 tx_rssi=-76 tx_snr=11
2026-05-26T18:11:45.577225Z,hit,9,14,-74,11,-74,12,sf=9 seq=14 rx_rssi=-74 rx_snr=11 tx_rssi=-74 tx_snr=12
2026-05-26T18:11:45.935929Z,hit,9,15,-90,1,-78,11,sf=9 seq=15 rx_rssi=-90 rx_snr=1 tx_rssi=-78 tx_snr=11
2026-05-26T18:11:46.294551Z,hit,9,16,-75,10,-76,11,sf=9 seq=16 rx_rssi=-75 rx_snr=10 tx_rssi=-76 tx_snr=11
2026-05-26T18:11:46.653356Z,hit,9,17,-77,10,-78,11,sf=9 seq=17 rx_rssi=-77 rx_snr=10 tx_rssi=-78 tx_snr=11
2026-05-26T18:11:47.672628Z,miss,9,18,,,,,miss sf=9 seq=18
2026-05-26T18:11:48.694796Z,miss,9,19,,,,,miss sf=9 seq=19
2026-05-26T18:11:48.753112Z,info,,,,,,,=== SF9 summary: hits=18/20 per=10% rx_rssi_avg=-77 rx_snr_avg=8 tx_rssi_avg=-75 tx_snr_avg=11 ===
2026-05-26T18:11:49.853677Z,hit,10,0,-69,8,-73,9,sf=10 seq=0 rx_rssi=-69 rx_snr=8 tx_rssi=-73 tx_snr=9
2026-05-26T18:11:50.508121Z,hit,10,1,-69,8,-68,8,sf=10 seq=1 rx_rssi=-69 rx_snr=8 tx_rssi=-68 tx_snr=8
2026-05-26T18:11:51.162743Z,hit,10,2,-72,8,-73,8,sf=10 seq=2 rx_rssi=-72 rx_snr=8 tx_rssi=-73 tx_snr=8
2026-05-26T18:11:51.817343Z,hit,10,3,-68,8,-72,9,sf=10 seq=3 rx_rssi=-68 rx_snr=8 tx_rssi=-72 tx_snr=9
2026-05-26T18:11:52.471745Z,hit,10,4,-6,9,-68,8,sf=10 seq=4 rx_rssi=-6 rx_snr=9 tx_rssi=-68 tx_snr=8
2026-05-26T18:11:53.126394Z,hit,10,5,-66,8,-69,8,sf=10 seq=5 rx_rssi=-66 rx_snr=8 tx_rssi=-69 tx_snr=8
2026-05-26T18:11:53.780991Z,hit,10,6,-66,8,-64,9,sf=10 seq=6 rx_rssi=-66 rx_snr=8 tx_rssi=-64 tx_snr=9
2026-05-26T18:11:54.435420Z,hit,10,7,-74,8,-70,8,sf=10 seq=7 rx_rssi=-74 rx_snr=8 tx_rssi=-70 tx_snr=8
2026-05-26T18:11:55.089910Z,hit,10,8,-73,9,-78,8,sf=10 seq=8 rx_rssi=-73 rx_snr=9 tx_rssi=-78 tx_snr=8
2026-05-26T18:11:55.744379Z,hit,10,9,-67,8,-74,8,sf=10 seq=9 rx_rssi=-67 rx_snr=8 tx_rssi=-74 tx_snr=8
2026-05-26T18:11:56.399209Z,hit,10,10,-71,9,-72,8,sf=10 seq=10 rx_rssi=-71 rx_snr=9 tx_rssi=-72 tx_snr=8
2026-05-26T18:11:57.053480Z,hit,10,11,-76,8,-76,8,sf=10 seq=11 rx_rssi=-76 rx_snr=8 tx_rssi=-76 tx_snr=8
2026-05-26T18:11:57.708268Z,hit,10,12,-74,8,-72,9,sf=10 seq=12 rx_rssi=-74 rx_snr=8 tx_rssi=-72 tx_snr=9
2026-05-26T18:11:58.362713Z,hit,10,13,-76,9,-72,8,sf=10 seq=13 rx_rssi=-76 rx_snr=9 tx_rssi=-72 tx_snr=8
2026-05-26T18:11:59.017260Z,hit,10,14,-79,7,-88,8,sf=10 seq=14 rx_rssi=-79 rx_snr=7 tx_rssi=-88 tx_snr=8
2026-05-26T18:11:59.671794Z,hit,10,15,-71,9,-74,9,sf=10 seq=15 rx_rssi=-71 rx_snr=9 tx_rssi=-74 tx_snr=9
2026-05-26T18:12:00.326334Z,hit,10,16,-74,9,-75,8,sf=10 seq=16 rx_rssi=-74 rx_snr=9 tx_rssi=-75 tx_snr=8
2026-05-26T18:12:00.980751Z,hit,10,17,-72,9,-71,9,sf=10 seq=17 rx_rssi=-72 rx_snr=9 tx_rssi=-71 tx_snr=9
2026-05-26T18:12:02.963776Z,miss,10,18,,,,,miss sf=10 seq=18
2026-05-26T18:12:04.949640Z,miss,10,19,,,,,miss sf=10 seq=19
2026-05-26T18:12:05.007740Z,info,,,,,,,=== SF10 summary: hits=18/20 per=10% rx_rssi_avg=-71 rx_snr_avg=8 tx_rssi_avg=-72 tx_snr_avg=8 ===
2026-05-26T18:12:06.701144Z,hit,11,0,-56,7,-60,8,sf=11 seq=0 rx_rssi=-56 rx_snr=7 tx_rssi=-60 tx_snr=8
2026-05-26T18:12:07.948377Z,hit,11,1,-61,7,-59,9,sf=11 seq=1 rx_rssi=-61 rx_snr=7 tx_rssi=-59 tx_snr=9
2026-05-26T18:12:09.195577Z,hit,11,2,-68,8,-67,8,sf=11 seq=2 rx_rssi=-68 rx_snr=8 tx_rssi=-67 tx_snr=8
2026-05-26T18:12:10.442802Z,hit,11,3,-64,9,-60,8,sf=11 seq=3 rx_rssi=-64 rx_snr=9 tx_rssi=-60 tx_snr=8
2026-05-26T18:12:11.690169Z,hit,11,4,-62,9,-62,7,sf=11 seq=4 rx_rssi=-62 rx_snr=9 tx_rssi=-62 tx_snr=7
2026-05-26T18:12:12.937351Z,hit,11,5,-56,7,-58,8,sf=11 seq=5 rx_rssi=-56 rx_snr=7 tx_rssi=-58 tx_snr=8
2026-05-26T18:12:14.184565Z,hit,11,6,-58,7,-59,9,sf=11 seq=6 rx_rssi=-58 rx_snr=7 tx_rssi=-59 tx_snr=9
2026-05-26T18:12:15.431891Z,hit,11,7,-65,7,-64,7,sf=11 seq=7 rx_rssi=-65 rx_snr=7 tx_rssi=-64 tx_snr=7
2026-05-26T18:12:16.679127Z,hit,11,8,-59,8,-57,8,sf=11 seq=8 rx_rssi=-59 rx_snr=8 tx_rssi=-57 tx_snr=8
2026-05-26T18:12:17.926284Z,hit,11,9,-67,7,-63,7,sf=11 seq=9 rx_rssi=-67 rx_snr=7 tx_rssi=-63 tx_snr=7
2026-05-26T18:12:19.173499Z,hit,11,10,-55,8,-59,7,sf=11 seq=10 rx_rssi=-55 rx_snr=8 tx_rssi=-59 tx_snr=7
2026-05-26T18:12:20.420783Z,hit,11,11,-60,7,-61,8,sf=11 seq=11 rx_rssi=-60 rx_snr=7 tx_rssi=-61 tx_snr=8
2026-05-26T18:12:21.668150Z,hit,11,12,-58,7,-60,7,sf=11 seq=12 rx_rssi=-58 rx_snr=7 tx_rssi=-60 tx_snr=7
2026-05-26T18:12:22.915297Z,hit,11,13,-59,7,-60,7,sf=11 seq=13 rx_rssi=-59 rx_snr=7 tx_rssi=-60 tx_snr=7
2026-05-26T18:12:24.162506Z,hit,11,14,-61,11,-60,9,sf=11 seq=14 rx_rssi=-61 rx_snr=11 tx_rssi=-60 tx_snr=9
2026-05-26T18:12:25.409569Z,hit,11,15,-60,8,-62,8,sf=11 seq=15 rx_rssi=-60 rx_snr=8 tx_rssi=-62 tx_snr=8
2026-05-26T18:12:26.656860Z,hit,11,16,-61,8,-58,8,sf=11 seq=16 rx_rssi=-61 rx_snr=8 tx_rssi=-58 tx_snr=8
2026-05-26T18:12:27.903874Z,hit,11,17,-59,8,-59,8,sf=11 seq=17 rx_rssi=-59 rx_snr=8 tx_rssi=-59 tx_snr=8
2026-05-26T18:12:31.814328Z,miss,11,18,,,,,miss sf=11 seq=18
2026-05-26T18:12:35.727230Z,miss,11,19,,,,,miss sf=11 seq=19
2026-05-26T18:12:35.785702Z,info,,,,,,,=== SF11 summary: hits=18/20 per=10% rx_rssi_avg=-60 rx_snr_avg=7 tx_rssi_avg=-60 tx_snr_avg=7 ===
2026-05-26T18:12:38.666330Z,info,,,,,,,sf=12 seq=0 rx_rss-63 rx_snr=6 tx_rssi=-66 tx_snr=8
2026-05-26T18:12:41.101277Z,hit,12,1,-68,6,-61,8,sf=12 seq=1 rx_rssi=-68 rx_snr=6 tx_rssi=-61 tx_snr=8
2026-05-26T18:12:43.536046Z,hit,12,2,-69,6,-60,6,sf=12 seq=2 rx_rssi=-69 rx_snr=6 tx_rssi=-60 tx_snr=6
2026-05-26T18:12:45.970824Z,hit,12,3,-57,7,-67,6,sf=12 seq=3 rx_rssi=-57 rx_snr=7 tx_rssi=-67 tx_snr=6
2026-05-26T18:12:48.405479Z,hit,12,4,-67,6,-69,6,sf=12 seq=4 rx_rssi=-67 rx_snr=6 tx_rssi=-69 tx_snr=6
2026-05-26T18:12:50.840400Z,hit,12,5,-71,6,-66,7,sf=12 seq=5 rx_rssi=-71 rx_snr=6 tx_rssi=-66 tx_snr=7
2026-05-26T18:12:53.274862Z,hit,12,6,-68,6,-67,6,sf=12 seq=6 rx_rssi=-68 rx_snr=6 tx_rssi=-67 tx_snr=6
2026-05-26T18:12:55.709680Z,hit,12,7,-70,6,-73,6,sf=12 seq=7 rx_rssi=-70 rx_snr=6 tx_rssi=-73 tx_snr=6
2026-05-26T18:12:58.144329Z,hit,12,8,-71,5,-75,6,sf=12 seq=8 rx_rssi=-71 rx_snr=5 tx_rssi=-75 tx_snr=6
2026-05-26T18:13:00.579247Z,hit,12,9,-74,6,-70,7,sf=12 seq=9 rx_rssi=-74 rx_snr=6 tx_rssi=-70 tx_snr=7
2026-05-26T18:13:03.013962Z,hit,12,10,-74,5,-74,7,sf=12 seq=10 rx_rssi=-74 rx_snr=5 tx_rssi=-74 tx_snr=7
2026-05-26T18:13:05.448663Z,hit,12,11,-69,6,-72,6,sf=12 seq=11 rx_rssi=-69 rx_snr=6 tx_rssi=-72 tx_snr=6
2026-05-26T18:13:07.883482Z,hit,12,12,-75,5,-67,6,sf=12 seq=12 rx_rssi=-75 rx_snr=5 tx_rssi=-67 tx_snr=6
2026-05-26T18:13:10.318127Z,hit,12,13,-69,6,-74,7,sf=12 seq=13 rx_rssi=-69 rx_snr=6 tx_rssi=-74 tx_snr=7
2026-05-26T18:13:12.752793Z,hit,12,14,-66,6,-64,7,sf=12 seq=14 rx_rssi=-66 rx_snr=6 tx_rssi=-64 tx_snr=7
2026-05-26T18:13:15.187640Z,hit,12,15,-80,6,-67,6,sf=12 seq=15 rx_rssi=-80 rx_snr=6 tx_rssi=-67 tx_snr=6
2026-05-26T18:13:17.622366Z,hit,12,16,-74,5,-73,7,sf=12 seq=16 rx_rssi=-74 rx_snr=5 tx_rssi=-73 tx_snr=7
2026-05-26T18:13:20.056888Z,hit,12,17,-73,5,-81,6,sf=12 seq=17 rx_rssi=-73 rx_snr=5 tx_rssi=-81 tx_snr=6
2026-05-26T18:13:27.821655Z,miss,12,18,,,,,miss sf=12 seq=18
2026-05-26T18:13:35.589182Z,miss,12,19,,,,,miss sf=12 seq=19
2026-05-26T18:13:35.647288Z,info,,,,,,,=== SF12 summary: hits=18/20 per=10% rx_rssi_avg=-69 rx_snr_avg=5 tx_rssi_avg=-69 tx_snr_avg=6 ===
2026-05-26T18:13:36.240868Z,hit,7,0,-77,11,-77,13,sf=7 seq=0 rx_rssi=-77 rx_snr=11 tx_rssi=-77 tx_snr=13
2026-05-26T18:13:36.388761Z,hit,7,1,-80,10,-79,12,sf=7 seq=1 rx_rssi=-80 rx_snr=10 tx_rssi=-79 tx_snr=12
2026-05-26T18:13:36.536080Z,hit,7,2,-77,11,-78,12,sf=7 seq=2 rx_rssi=-77 rx_snr=11 tx_rssi=-78 tx_snr=12
2026-05-26T18:13:36.683311Z,hit,7,3,-88,3,-84,12,sf=7 seq=3 rx_rssi=-88 rx_snr=3 tx_rssi=-84 tx_snr=12
2026-05-26T18:13:36.830870Z,hit,7,4,-88,4,-90,11,sf=7 seq=4 rx_rssi=-88 rx_snr=4 tx_rssi=-90 tx_snr=11
2026-05-26T18:13:36.978228Z,hit,7,5,-83,8,-84,12,sf=7 seq=5 rx_rssi=-83 rx_snr=8 tx_rssi=-84 tx_snr=12
2026-05-26T18:13:37.222182Z,hit,7,7,-82,9,-88,12,sf=7 seq=7 rx_rssi=-82 rx_snr=9 tx_rssi=-88 tx_snr=12
2026-05-26T18:13:37.370097Z,hit,7,8,-78,10,-78,12,sf=7 seq=8 rx_rssi=-78 rx_snr=10 tx_rssi=-78 tx_snr=12
2026-05-26T18:13:37.517244Z,hit,7,9,-76,11,-77,12,sf=7 seq=9 rx_rssi=-76 rx_snr=11 tx_rssi=-77 tx_snr=12
2026-05-26T18:13:37.664919Z,hit,7,10,-76,12,-76,12,sf=7 seq=10 rx_rssi=-76 rx_snr=12 tx_rssi=-76 tx_snr=12
2026-05-26T18:13:37.812175Z,hit,7,11,-75,12,-76,12,sf=7 seq=11 rx_rssi=-75 rx_snr=12 tx_rssi=-76 tx_snr=12
2026-05-26T18:13:37.959592Z,hit,7,12,-84,7,-79,13,sf=7 seq=12 rx_rssi=-84 rx_snr=7 tx_rssi=-79 tx_snr=13
2026-05-26T18:13:38.107295Z,hit,7,13,-88,-1,-89,12,sf=7 seq=13 rx_rssi=-88 rx_snr=-1 tx_rssi=-89 tx_snr=12
2026-05-26T18:13:38.254553Z,hit,7,14,-84,7,-88,12,sf=7 seq=14 rx_rssi=-84 rx_snr=7 tx_rssi=-88 tx_snr=12
2026-05-26T18:13:38.402122Z,hit,7,15,-79,11,-80,12,sf=7 seq=15 rx_rssi=-79 rx_snr=11 tx_rssi=-80 tx_snr=12
2026-05-26T18:13:38.549546Z,hit,7,16,-78,11,-78,13,sf=7 seq=16 rx_rssi=-78 rx_snr=11 tx_rssi=-78 tx_snr=13
2026-05-26T18:13:38.696281Z,info,,,,,,,sf=7 seq=17 rx_rssi=-86 rx_snr=6 tx-82 tx_snr=13
2026-05-26T18:13:38.998547Z,miss,7,18,,,,,miss sf=7 seq=18
2026-05-26T18:13:39.303286Z,miss,7,19,,,,,miss sf=7 seq=19
2026-05-26T18:13:39.361467Z,info,,,,,,,=== SF7 summary: hits=17/20 per=15% rx_rssi_avg=-81 rx_snr_avg=8 tx_rssi_avg=-81 tx_snr_avg=12 ===
2026-05-26T18:13:40.038785Z,hit,8,0,-83,8,-88,13,sf=8 seq=0 rx_rssi=-83 rx_snr=8 tx_rssi=-88 tx_snr=13
2026-05-26T18:13:40.270498Z,hit,8,1,-80,10,-80,13,sf=8 seq=1 rx_rssi=-80 rx_snr=10 tx_rssi=-80 tx_snr=13
2026-05-26T18:13:40.501637Z,hit,8,2,-79,10,-82,14,sf=8 seq=2 rx_rssi=-79 rx_snr=10 tx_rssi=-82 tx_snr=14
2026-05-26T18:13:40.733049Z,hit,8,3,-79,10,-78,14,sf=8 seq=3 rx_rssi=-79 rx_snr=10 tx_rssi=-78 tx_snr=14
2026-05-26T18:13:40.964155Z,hit,8,4,-79,11,-81,13,sf=8 seq=4 rx_rssi=-79 rx_snr=11 tx_rssi=-81 tx_snr=13
2026-05-26T18:13:41.195343Z,hit,8,5,-82,9,-79,13,sf=8 seq=5 rx_rssi=-82 rx_snr=9 tx_rssi=-79 tx_snr=13
2026-05-26T18:13:41.426665Z,hit,8,6,-84,7,-84,12,sf=8 seq=6 rx_rssi=-84 rx_snr=7 tx_rssi=-84 tx_snr=12
2026-05-26T18:13:41.657899Z,hit,8,7,-85,7,-85,13,sf=8 seq=7 rx_rssi=-85 rx_snr=7 tx_rssi=-85 tx_snr=13
2026-05-26T18:13:41.889672Z,hit,8,8,-81,9,-87,12,sf=8 seq=8 rx_rssi=-81 rx_snr=9 tx_rssi=-87 tx_snr=12
2026-05-26T18:13:42.120623Z,hit,8,9,-80,10,-79,14,sf=8 seq=9 rx_rssi=-80 rx_snr=10 tx_rssi=-79 tx_snr=14
2026-05-26T18:13:42.352280Z,hit,8,10,-85,7,-85,13,sf=8 seq=10 rx_rssi=-85 rx_snr=7 tx_rssi=-85 tx_snr=13
2026-05-26T18:13:42.583200Z,hit,8,11,-89,3,-84,12,sf=8 seq=11 rx_rssi=-89 rx_snr=3 tx_rssi=-84 tx_snr=12
2026-05-26T18:13:42.814471Z,hit,8,12,-85,6,-92,12,sf=8 seq=12 rx_rssi=-85 rx_snr=6 tx_rssi=-92 tx_snr=12
2026-05-26T18:13:43.045597Z,hit,8,13,-83,8,-83,12,sf=8 seq=13 rx_rssi=-83 rx_snr=8 tx_rssi=-83 tx_snr=12
2026-05-26T18:13:43.276757Z,hit,8,14,-89,2,-85,13,sf=8 seq=14 rx_rssi=-89 rx_snr=2 tx_rssi=-85 tx_snr=13
2026-05-26T18:13:43.507847Z,info,,,,,,,sf=8 seq=15 rx_rssi=-86 rx_snr=5 tx_rs-95 tx_snr=10
2026-05-26T18:13:43.739390Z,hit,8,16,-85,7,-85,13,sf=8 seq=16 rx_rssi=-85 rx_snr=7 tx_rssi=-85 tx_snr=13
2026-05-26T18:13:43.970974Z,hit,8,17,-80,10,-84,13,sf=8 seq=17 rx_rssi=-80 rx_snr=10 tx_rssi=-84 tx_snr=13
2026-05-26T18:13:44.518340Z,miss,8,18,,,,,miss sf=8 seq=18
2026-05-26T18:13:45.069019Z,miss,8,19,,,,,miss sf=8 seq=19
2026-05-26T18:13:45.127218Z,info,,,,,,,=== SF8 summary: hits=18/20 per=10% rx_rssi_avg=-83 rx_snr_avg=7 tx_rssi_avg=-84 tx_snr_avg=12 ===
2026-05-26T18:13:45.932356Z,hit,9,0,-74,10,-76,11,sf=9 seq=0 rx_rssi=-74 rx_snr=10 tx_rssi=-76 tx_snr=11
2026-05-26T18:13:46.290821Z,hit,9,1,-79,9,-80,11,sf=9 seq=1 rx_rssi=-79 rx_snr=9 tx_rssi=-80 tx_snr=11
2026-05-26T18:13:46.649667Z,hit,9,2,-89,2,-85,11,sf=9 seq=2 rx_rssi=-89 rx_snr=2 tx_rssi=-85 tx_snr=11
2026-05-26T18:13:47.008512Z,hit,9,3,-87,4,-96,10,sf=9 seq=3 rx_rssi=-87 rx_snr=4 tx_rssi=-96 tx_snr=10
2026-05-26T18:13:47.367058Z,hit,9,4,-90,1,-86,11,sf=9 seq=4 rx_rssi=-90 rx_snr=1 tx_rssi=-86 tx_snr=11
2026-05-26T18:13:47.725933Z,hit,9,5,-88,4,-90,11,sf=9 seq=5 rx_rssi=-88 rx_snr=4 tx_rssi=-90 tx_snr=11
2026-05-26T18:13:48.084732Z,hit,9,6,-88,4,-86,11,sf=9 seq=6 rx_rssi=-88 rx_snr=4 tx_rssi=-86 tx_snr=11
2026-05-26T18:13:48.443293Z,hit,9,7,-80,9,-83,11,sf=9 seq=7 rx_rssi=-80 rx_snr=9 tx_rssi=-83 tx_snr=11
2026-05-26T18:13:48.802157Z,hit,9,8,-82,8,-80,12,sf=9 seq=8 rx_rssi=-82 rx_snr=8 tx_rssi=-80 tx_snr=12
2026-05-26T18:13:49.160760Z,hit,9,9,-85,7,-77,11,sf=9 seq=9 rx_rssi=-85 rx_snr=7 tx_rssi=-77 tx_snr=11
2026-05-26T18:13:49.519682Z,hit,9,10,-82,9,-81,12,sf=9 seq=10 rx_rssi=-82 rx_snr=9 tx_rssi=-81 tx_snr=12
2026-05-26T18:13:49.878247Z,hit,9,11,-82,8,-83,11,sf=9 seq=11 rx_rssi=-82 rx_snr=8 tx_rssi=-83 tx_snr=11
2026-05-26T18:13:50.236966Z,hit,9,12,-86,5,-93,11,sf=9 seq=12 rx_rssi=-86 rx_snr=5 tx_rssi=-93 tx_snr=11
2026-05-26T18:13:50.595541Z,hit,9,13,-88,2,-86,11,sf=9 seq=13 rx_rssi=-88 rx_snr=2 tx_rssi=-86 tx_snr=11
2026-05-26T18:13:50.954211Z,hit,9,14,-88,4,-87,11,sf=9 seq=14 rx_rssi=-88 rx_snr=4 tx_rssi=-87 tx_snr=11
2026-05-26T18:13:51.312878Z,hit,9,15,-86,6,-85,11,sf=9 seq=15 rx_rssi=-86 rx_snr=6 tx_rssi=-85 tx_snr=11
2026-05-26T18:13:51.671761Z,hit,9,16,-84,7,-84,11,sf=9 seq=16 rx_rssi=-84 rx_snr=7 tx_rssi=-84 tx_snr=11
2026-05-26T18:13:52.030442Z,hit,9,17,-83,7,-90,10,sf=9 seq=17 rx_rssi=-83 rx_snr=7 tx_rssi=-90 tx_snr=10
2026-05-26T18:13:53.049885Z,miss,9,18,,,,,miss sf=9 seq=18
2026-05-26T18:13:54.072138Z,miss,9,19,,,,,miss sf=9 seq=19
2026-05-26T18:13:54.130269Z,info,,,,,,,=== SF9 summary: hits=18/20 per=10% rx_rssi_avg=-84 rx_snr_avg=5 tx_rssi_avg=-84 tx_snr_avg=11 ===
2026-05-26T18:13:55.231011Z,hit,10,0,-86,5,-93,8,sf=10 seq=0 rx_rssi=-86 rx_snr=5 tx_rssi=-93 tx_snr=8
2026-05-26T18:13:55.885654Z,hit,10,1,-82,7,-81,9,sf=10 seq=1 rx_rssi=-82 rx_snr=7 tx_rssi=-81 tx_snr=9
2026-05-26T18:13:56.540034Z,hit,10,2,-85,5,-88,10,sf=10 seq=2 rx_rssi=-85 rx_snr=5 tx_rssi=-88 tx_snr=10
2026-05-26T18:13:57.194801Z,hit,10,3,-93,-6,-87,8,sf=10 seq=3 rx_rssi=-93 rx_snr=-6 tx_rssi=-87 tx_snr=8
2026-05-26T18:13:57.849264Z,hit,10,4,-83,7,-81,9,sf=10 seq=4 rx_rssi=-83 rx_snr=7 tx_rssi=-81 tx_snr=9
2026-05-26T18:13:58.503774Z,hit,10,5,-83,6,-87,8,sf=10 seq=5 rx_rssi=-83 rx_snr=6 tx_rssi=-87 tx_snr=8
2026-05-26T18:13:59.158300Z,hit,10,6,-87,5,-80,9,sf=10 seq=6 rx_rssi=-87 rx_snr=5 tx_rssi=-80 tx_snr=9
2026-05-26T18:13:59.812891Z,hit,10,7,-86,5,-81,9,sf=10 seq=7 rx_rssi=-86 rx_snr=5 tx_rssi=-81 tx_snr=9
2026-05-26T18:14:00.467459Z,hit,10,8,-83,7,-84,8,sf=10 seq=8 rx_rssi=-83 rx_snr=7 tx_rssi=-84 tx_snr=8
2026-05-26T18:14:01.121896Z,hit,10,9,-85,5,-83,9,sf=10 seq=9 rx_rssi=-85 rx_snr=5 tx_rssi=-83 tx_snr=9
2026-05-26T18:14:01.776520Z,hit,10,10,-77,8,-80,9,sf=10 seq=10 rx_rssi=-77 rx_snr=8 tx_rssi=-80 tx_snr=9
2026-05-26T18:14:02.430931Z,info,,,,,,,sf=10 seq=11 rx_rssi=-84 rx_snr=6 tx_rssi-81 tx_snr=9
2026-05-26T18:14:03.085380Z,hit,10,12,-90,2,-85,8,sf=10 seq=12 rx_rssi=-90 rx_snr=2 tx_rssi=-85 tx_snr=8
2026-05-26T18:14:03.740133Z,hit,10,13,-85,5,-87,9,sf=10 seq=13 rx_rssi=-85 rx_snr=5 tx_rssi=-87 tx_snr=9
2026-05-26T18:14:04.394732Z,hit,10,14,-87,3,-88,9,sf=10 seq=14 rx_rssi=-87 rx_snr=3 tx_rssi=-88 tx_snr=9
2026-05-26T18:14:05.049304Z,hit,10,15,-90,-3,-94,8,sf=10 seq=15 rx_rssi=-90 rx_snr=-3 tx_rssi=-94 tx_snr=8
2026-05-26T18:14:05.703997Z,hit,10,16,-89,2,-101,6,sf=10 seq=16 rx_rssi=-89 rx_snr=2 tx_rssi=-101 tx_snr=6
2026-05-26T18:14:06.358421Z,hit,10,17,-82,7,-89,8,sf=10 seq=17 rx_rssi=-82 rx_snr=7 tx_rssi=-89 tx_snr=8
2026-05-26T18:14:08.341480Z,miss,10,18,,,,,miss sf=10 seq=18
2026-05-26T18:14:10.327289Z,miss,10,19,,,,,miss sf=10 seq=19
2026-05-26T18:14:10.385507Z,info,,,,,,,=== SF10 summary: hits=18/20 per=10% rx_rssi_avg=-85 rx_snr_avg=4 tx_rssi_avg=-86 tx_snr_avg=8 ===
2026-05-26T18:14:12.078787Z,hit,11,0,-90,2,-90,7,sf=11 seq=0 rx_rssi=-90 rx_snr=2 tx_rssi=-90 tx_snr=7
2026-05-26T18:14:13.326215Z,hit,11,1,-89,3,-90,5,sf=11 seq=1 rx_rssi=-89 rx_snr=3 tx_rssi=-90 tx_snr=5
2026-05-26T18:14:14.573617Z,hit,11,2,-92,-9,-94,6,sf=11 seq=2 rx_rssi=-92 rx_snr=-9 tx_rssi=-94 tx_snr=6
2026-05-26T18:14:15.820856Z,hit,11,3,-91,-2,-100,7,sf=11 seq=3 rx_rssi=-91 rx_snr=-2 tx_rssi=-100 tx_snr=7
2026-05-26T18:14:17.067905Z,hit,11,4,-90,1,-89,7,sf=11 seq=4 rx_rssi=-90 rx_snr=1 tx_rssi=-89 tx_snr=7
2026-05-26T18:14:18.315028Z,hit,11,5,-88,3,-83,7,sf=11 seq=5 rx_rssi=-88 rx_snr=3 tx_rssi=-83 tx_snr=7
2026-05-26T18:14:19.562432Z,hit,11,6,-90,4,-90,7,sf=11 seq=6 rx_rssi=-90 rx_snr=4 tx_rssi=-90 tx_snr=7
2026-05-26T18:14:20.809713Z,hit,11,7,-85,6,-89,7,sf=11 seq=7 rx_rssi=-85 rx_snr=6 tx_rssi=-89 tx_snr=7
2026-05-26T18:14:22.057185Z,hit,11,8,-90,2,-90,7,sf=11 seq=8 rx_rssi=-90 rx_snr=2 tx_rssi=-90 tx_snr=7
2026-05-26T18:14:23.303683Z,info,,,,,,,sf=11 seq=9 rx_rssi=-92 rx_snr=1 tx_-87 tx_snr=7
2026-05-26T18:14:24.551404Z,hit,11,10,-87,4,-86,7,sf=11 seq=10 rx_rssi=-87 rx_snr=4 tx_rssi=-86 tx_snr=7
2026-05-26T18:14:25.798441Z,hit,11,11,-92,0,-89,8,sf=11 seq=11 rx_rssi=-92 rx_snr=0 tx_rssi=-89 tx_snr=8
2026-05-26T18:14:27.045655Z,hit,11,12,-90,0,-88,7,sf=11 seq=12 rx_rssi=-90 rx_snr=0 tx_rssi=-88 tx_snr=7
2026-05-26T18:14:28.292871Z,hit,11,13,-90,2,-87,8,sf=11 seq=13 rx_rssi=-90 rx_snr=2 tx_rssi=-87 tx_snr=8
2026-05-26T18:14:29.540307Z,hit,11,14,-91,-2,-86,8,sf=11 seq=14 rx_rssi=-91 rx_snr=-2 tx_rssi=-86 tx_snr=8
2026-05-26T18:14:30.787326Z,hit,11,15,-93,-7,-86,7,sf=11 seq=15 rx_rssi=-93 rx_snr=-7 tx_rssi=-86 tx_snr=7
2026-05-26T18:14:32.034595Z,hit,11,16,-89,-2,-95,7,sf=11 seq=16 rx_rssi=-89 rx_snr=-2 tx_rssi=-95 tx_snr=7
2026-05-26T18:14:32.796366Z,miss,11,17,,,,,miss sf=11 seq=17
2026-05-26T18:14:36.709365Z,miss,11,18,,,,,miss sf=11 seq=18
2026-05-26T18:14:40.622197Z,miss,11,19,,,,,miss sf=11 seq=19
2026-05-26T18:14:40.680422Z,info,,,,,,,=== SF11 summary: hits=17/20 per=15% rx_rssi_avg=-89 rx_snr_avg=0 tx_rssi_avg=-89 tx_snr_avg=7 ===
2026-05-26T18:14:43.561404Z,hit,12,0,-87,-1,-89,6,sf=12 seq=0 rx_rssi=-87 rx_snr=-1 tx_rssi=-89 tx_snr=6
2026-05-26T18:14:45.996Z,hit,12,1,-89,2,-95,6,sf=12 seq=1 rx_rssi=-89 rx_snr=2 tx_rssi=-95 tx_snr=6
2026-05-26T18:14:48.430778Z,hit,12,2,-86,1,-80,6,sf=12 seq=2 rx_rssi=-86 rx_snr=1 tx_rssi=-80 tx_snr=6
2026-05-26T18:14:50.865664Z,hit,12,3,-88,-1,-92,6,sf=12 seq=3 rx_rssi=-88 rx_snr=-1 tx_rssi=-92 tx_snr=6
2026-05-26T18:14:53.300293Z,hit,12,4,-83,4,-87,6,sf=12 seq=4 rx_rssi=-83 rx_snr=4 tx_rssi=-87 tx_snr=6
2026-05-26T18:14:55.735156Z,hit,12,5,-91,0,-86,6,sf=12 seq=5 rx_rssi=-91 rx_snr=0 tx_rssi=-86 tx_snr=6
2026-05-26T18:14:58.169853Z,hit,12,6,-81,5,-103,6,sf=12 seq=6 rx_rssi=-81 rx_snr=5 tx_rssi=-103 tx_snr=6
2026-05-26T18:15:00.604324Z,hit,12,7,-79,4,-80,6,sf=12 seq=7 rx_rssi=-79 rx_snr=4 tx_rssi=-80 tx_snr=6
2026-05-26T18:15:03.038842Z,info,,,,,,,sf=12 seq=8 rx_-86 rx_snr=1 tx_rssi=-89 tx_snr=6
2026-05-26T18:15:05.473949Z,hit,12,9,-88,2,-87,7,sf=12 seq=9 rx_rssi=-88 rx_snr=2 tx_rssi=-87 tx_snr=7
2026-05-26T18:15:07.908797Z,hit,12,10,-80,5,-83,7,sf=12 seq=10 rx_rssi=-80 rx_snr=5 tx_rssi=-83 tx_snr=7
2026-05-26T18:15:10.343461Z,hit,12,11,-83,4,-77,7,sf=12 seq=11 rx_rssi=-83 rx_snr=4 tx_rssi=-77 tx_snr=7
2026-05-26T18:15:12.778294Z,hit,12,12,-89,-2,-80,7,sf=12 seq=12 rx_rssi=-89 rx_snr=-2 tx_rssi=-80 tx_snr=7
2026-05-26T18:15:15.213043Z,hit,12,13,-86,-2,-85,7,sf=12 seq=13 rx_rssi=-86 rx_snr=-2 tx_rssi=-85 tx_snr=7
2026-05-26T18:15:17.647424Z,hit,12,14,-85,2,-90,6,sf=12 seq=14 rx_rssi=-85 rx_snr=2 tx_rssi=-90 tx_snr=6
2026-05-26T18:15:20.082524Z,hit,12,15,-92,-3,-87,7,sf=12 seq=15 rx_rssi=-92 rx_snr=-3 tx_rssi=-87 tx_snr=7
2026-05-26T18:15:22.517262Z,hit,12,16,-85,4,-88,6,sf=12 seq=16 rx_rssi=-85 rx_snr=4 tx_rssi=-88 tx_snr=6
2026-05-26T18:15:24.952093Z,hit,12,17,-90,-2,-89,6,sf=12 seq=17 rx_rssi=-90 rx_snr=-2 tx_rssi=-89 tx_snr=6
2026-05-26T18:15:32.716677Z,miss,12,18,,,,,miss sf=12 seq=18
2026-05-26T18:15:40.484515Z,miss,12,19,,,,,miss sf=12 seq=19
2026-05-26T18:15:40.542456Z,info,,,,,,,=== SF12 summary: hits=18/20 per=10% rx_rssi_avg=-86 rx_snr_avg=1 tx_rssi_avg=-87 tx_snr_avg=6 ===
2026-05-26T18:15:41.135966Z,hit,7,0,-91,0,-91,12,sf=7 seq=0 rx_rssi=-91 rx_snr=0 tx_rssi=-91 tx_snr=12
2026-05-26T18:15:41.283611Z,hit,7,1,-92,-3,-95,10,sf=7 seq=1 rx_rssi=-92 rx_snr=-3 tx_rssi=-95 tx_snr=10
2026-05-26T18:15:41.430918Z,hit,7,2,-90,1,-92,12,sf=7 seq=2 rx_rssi=-90 rx_snr=1 tx_rssi=-92 tx_snr=12
2026-05-26T18:15:41.578263Z,hit,7,3,-89,1,-90,11,sf=7 seq=3 rx_rssi=-89 rx_snr=1 tx_rssi=-90 tx_snr=11
2026-05-26T18:15:41.725810Z,hit,7,4,-90,0,-91,12,sf=7 seq=4 rx_rssi=-90 rx_snr=0 tx_rssi=-91 tx_snr=12
2026-05-26T18:15:41.873203Z,hit,7,5,-90,0,-92,11,sf=7 seq=5 rx_rssi=-90 rx_snr=0 tx_rssi=-92 tx_snr=11
2026-05-26T18:15:42.020524Z,info,,,,,,,sf=7 seq=6 rx-90 rx_snr=0 tx_rssi=-91 tx_snr=12
2026-05-26T18:15:42.168353Z,hit,7,7,-91,-1,-92,11,sf=7 seq=7 rx_rssi=-91 rx_snr=-1 tx_rssi=-92 tx_snr=11
2026-05-26T18:15:42.315792Z,hit,7,8,-92,-8,-96,10,sf=7 seq=8 rx_rssi=-92 rx_snr=-8 tx_rssi=-96 tx_snr=10
2026-05-26T18:15:42.462931Z,hit,7,9,-92,-4,-99,9,sf=7 seq=9 rx_rssi=-92 rx_snr=-4 tx_rssi=-99 tx_snr=9
2026-05-26T18:15:42.610680Z,hit,7,10,-90,0,-93,11,sf=7 seq=10 rx_rssi=-90 rx_snr=0 tx_rssi=-93 tx_snr=11
2026-05-26T18:15:42.758176Z,hit,7,11,-89,2,-90,11,sf=7 seq=11 rx_rssi=-89 rx_snr=2 tx_rssi=-90 tx_snr=11
2026-05-26T18:15:42.905797Z,hit,7,12,-88,3,-88,13,sf=7 seq=12 rx_rssi=-88 rx_snr=3 tx_rssi=-88 tx_snr=13
2026-05-26T18:15:43.053190Z,hit,7,13,-90,1,-90,12,sf=7 seq=13 rx_rssi=-90 rx_snr=1 tx_rssi=-90 tx_snr=12
2026-05-26T18:15:43.200888Z,hit,7,14,-91,-3,-93,11,sf=7 seq=14 rx_rssi=-91 rx_snr=-3 tx_rssi=-93 tx_snr=11
2026-05-26T18:15:43.348205Z,hit,7,15,-91,-1,-95,11,sf=7 seq=15 rx_rssi=-91 rx_snr=-1 tx_rssi=-95 tx_snr=11
2026-05-26T18:15:43.495453Z,hit,7,16,-88,3,-90,12,sf=7 seq=16 rx_rssi=-88 rx_snr=3 tx_rssi=-90 tx_snr=12
2026-05-26T18:15:43.642945Z,hit,7,17,-86,6,-85,13,sf=7 seq=17 rx_rssi=-86 rx_snr=6 tx_rssi=-85 tx_snr=13
2026-05-26T18:15:43.944341Z,miss,7,18,,,,,miss sf=7 seq=18
2026-05-26T18:15:44.249252Z,miss,7,19,,,,,miss sf=7 seq=19
2026-05-26T18:15:44.307859Z,info,,,,,,,=== SF7 summary: hits=18/20 per=10% rx_rssi_avg=-90 rx_snr_avg=0 tx_rssi_avg=-91 tx_snr_avg=11 ===
2026-05-26T18:15:45.165381Z,hit,8,1,-91,-2,-97,9,sf=8 seq=1 rx_rssi=-91 rx_snr=-2 tx_rssi=-97 tx_snr=9
2026-05-26T18:15:45.396671Z,hit,8,2,-90,0,-92,12,sf=8 seq=2 rx_rssi=-90 rx_snr=0 tx_rssi=-92 tx_snr=12
2026-05-26T18:15:45.628147Z,hit,8,3,-91,-2,-91,13,sf=8 seq=3 rx_rssi=-91 rx_snr=-2 tx_rssi=-91 tx_snr=13
2026-05-26T18:15:45.859552Z,hit,8,4,-91,-3,-93,12,sf=8 seq=4 rx_rssi=-91 rx_snr=-3 tx_rssi=-93 tx_snr=12
2026-05-26T18:15:46.090716Z,info,,,,,,,sf=8 seq=5 rx-92 rx_snr=-5 tx_rssi=-98 tx_snr=10
2026-05-26T18:15:46.322217Z,hit,8,6,-89,1,-93,12,sf=8 seq=6 rx_rssi=-89 rx_snr=1 tx_rssi=-93 tx_snr=12
2026-05-26T18:15:46.553397Z,hit,8,7,-88,4,-89,13,sf=8 seq=7 rx_rssi=-88 rx_snr=4 tx_rssi=-89 tx_snr=13
2026-05-26T18:15:46.784725Z,hit,8,8,-86,5,-87,12,sf=8 seq=8 rx_rssi=-86 rx_snr=5 tx_rssi=-87 tx_snr=12
2026-05-26T18:15:47.015995Z,hit,8,9,-89,2,-89,13,sf=8 seq=9 rx_rssi=-89 rx_snr=2 tx_rssi=-89 tx_snr=13
2026-05-26T18:15:47.247419Z,hit,8,10,-92,-7,-96,11,sf=8 seq=10 rx_rssi=-92 rx_snr=-7 tx_rssi=-96 tx_snr=11
2026-05-26T18:15:47.478913Z,hit,8,11,-92,-4,-97,11,sf=8 seq=11 rx_rssi=-92 rx_snr=-4 tx_rssi=-97 tx_snr=11
2026-05-26T18:15:47.710079Z,hit,8,12,-90,0,-95,11,sf=8 seq=12 rx_rssi=-90 rx_snr=0 tx_rssi=-95 tx_snr=11
2026-05-26T18:15:47.941217Z,hit,8,13,-88,4,-89,13,sf=8 seq=13 rx_rssi=-88 rx_snr=4 tx_rssi=-89 tx_snr=13
2026-05-26T18:15:48.172981Z,hit,8,14,-88,3,-87,13,sf=8 seq=14 rx_rssi=-88 rx_snr=3 tx_rssi=-87 tx_snr=13
2026-05-26T18:15:48.404432Z,hit,8,15,-92,-4,-93,12,sf=8 seq=15 rx_rssi=-92 rx_snr=-4 tx_rssi=-93 tx_snr=12
2026-05-26T18:15:48.951851Z,miss,8,16,,,,,miss sf=8 seq=16
2026-05-26T18:15:49.185978Z,hit,8,17,-92,-5,-95,11,sf=8 seq=17 rx_rssi=-92 rx_snr=-5 tx_rssi=-95 tx_snr=11
2026-05-26T18:15:49.733694Z,miss,8,18,,,,,miss sf=8 seq=18
2026-05-26T18:15:50.284269Z,miss,8,19,,,,,miss sf=8 seq=19
2026-05-26T18:15:50.342450Z,info,,,,,,,=== SF8 summary: hits=16/20 per=20% rx_rssi_avg=-90 rx_snr_avg=0 tx_rssi_avg=-92 tx_snr_avg=11 ===
2026-05-26T18:15:51.147518Z,hit,9,0,-92,-2,-88,11,sf=9 seq=0 rx_rssi=-92 rx_snr=-2 tx_rssi=-88 tx_snr=11
2026-05-26T18:15:51.506105Z,hit,9,1,-88,5,-84,11,sf=9 seq=1 rx_rssi=-88 rx_snr=5 tx_rssi=-84 tx_snr=11
2026-05-26T18:15:51.864726Z,hit,9,2,-90,1,-91,11,sf=9 seq=2 rx_rssi=-90 rx_snr=1 tx_rssi=-91 tx_snr=11
2026-05-26T18:15:52.223526Z,hit,9,3,-89,1,-92,10,sf=9 seq=3 rx_rssi=-89 rx_snr=1 tx_rssi=-92 tx_snr=10
2026-05-26T18:15:52.582167Z,hit,9,4,-87,4,-87,11,sf=9 seq=4 rx_rssi=-87 rx_snr=4 tx_rssi=-87 tx_snr=11
2026-05-26T18:15:52.940958Z,hit,9,5,-90,1,-89,11,sf=9 seq=5 rx_rssi=-90 rx_snr=1 tx_rssi=-89 tx_snr=11
2026-05-26T18:15:53.299976Z,hit,9,6,-93,-10,-95,10,sf=9 seq=6 rx_rssi=-93 rx_snr=-10 tx_rssi=-95 tx_snr=10
2026-05-26T18:15:53.658465Z,hit,9,7,-91,-1,-95,10,sf=9 seq=7 rx_rssi=-91 rx_snr=-1 tx_rssi=-95 tx_snr=10
2026-05-26T18:15:54.017077Z,hit,9,8,-90,0,-96,10,sf=9 seq=8 rx_rssi=-90 rx_snr=0 tx_rssi=-96 tx_snr=10
2026-05-26T18:15:54.376170Z,hit,9,9,-92,-4,-84,11,sf=9 seq=9 rx_rssi=-92 rx_snr=-4 tx_rssi=-84 tx_snr=11
2026-05-26T18:15:54.734796Z,hit,9,10,-89,1,-93,10,sf=9 seq=10 rx_rssi=-89 rx_snr=1 tx_rssi=-93 tx_snr=10
2026-05-26T18:15:55.093508Z,hit,9,11,-88,4,-85,11,sf=9 seq=11 rx_rssi=-88 rx_snr=4 tx_rssi=-85 tx_snr=11
2026-05-26T18:15:55.452336Z,hit,9,12,-83,7,-93,10,sf=9 seq=12 rx_rssi=-83 rx_snr=7 tx_rssi=-93 tx_snr=10
2026-05-26T18:15:55.810942Z,hit,9,13,-91,-5,-91,11,sf=9 seq=13 rx_rssi=-91 rx_snr=-5 tx_rssi=-91 tx_snr=11
2026-05-26T18:15:56.169663Z,hit,9,14,-90,0,-91,11,sf=9 seq=14 rx_rssi=-90 rx_snr=0 tx_rssi=-91 tx_snr=11
2026-05-26T18:15:56.528299Z,hit,9,15,-91,-2,-92,10,sf=9 seq=15 rx_rssi=-91 rx_snr=-2 tx_rssi=-92 tx_snr=10
2026-05-26T18:15:56.886989Z,hit,9,16,-90,0,-104,3,sf=9 seq=16 rx_rssi=-90 rx_snr=0 tx_rssi=-104 tx_snr=3
2026-05-26T18:15:57.246013Z,hit,9,17,-90,-1,-100,8,sf=9 seq=17 rx_rssi=-90 rx_snr=-1 tx_rssi=-100 tx_snr=8
2026-05-26T18:15:58.265271Z,miss,9,18,,,,,miss sf=9 seq=18
2026-05-26T18:15:59.287432Z,miss,9,19,,,,,miss sf=9 seq=19
2026-05-26T18:15:59.345582Z,info,,,,,,,=== SF9 summary: hits=18/20 per=10% rx_rssi_avg=-89 rx_snr_avg=0 tx_rssi_avg=-91 tx_snr_avg=10 ===
2026-05-26T18:16:00.446354Z,hit,10,0,-92,-5,-96,8,sf=10 seq=0 rx_rssi=-92 rx_snr=-5 tx_rssi=-96 tx_snr=8
2026-05-26T18:16:01.101048Z,hit,10,1,-90,-1,-85,9,sf=10 seq=1 rx_rssi=-90 rx_snr=-1 tx_rssi=-85 tx_snr=9
2026-05-26T18:16:01.755585Z,hit,10,2,-91,-2,-90,9,sf=10 seq=2 rx_rssi=-91 rx_snr=-2 tx_rssi=-90 tx_snr=9
2026-05-26T18:16:02.410366Z,hit,10,3,-88,1,-107,5,sf=10 seq=3 rx_rssi=-88 rx_snr=1 tx_rssi=-107 tx_snr=5
2026-05-26T18:16:03.064691Z,hit,10,4,-90,0,-91,9,sf=10 seq=4 rx_rssi=-90 rx_snr=0 tx_rssi=-91 tx_snr=9
2026-05-26T18:16:03.719176Z,hit,10,5,-83,5,-90,8,sf=10 seq=5 rx_rssi=-83 rx_snr=5 tx_rssi=-90 tx_snr=8
2026-05-26T18:16:04.373800Z,hit,10,6,-89,1,-86,9,sf=10 seq=6 rx_rssi=-89 rx_snr=1 tx_rssi=-86 tx_snr=9
2026-05-26T18:16:05.028324Z,hit,10,7,-92,-6,-91,9,sf=10 seq=7 rx_rssi=-92 rx_snr=-6 tx_rssi=-91 tx_snr=9
2026-05-26T18:16:05.683083Z,hit,10,8,-90,-2,-86,8,sf=10 seq=8 rx_rssi=-90 rx_snr=-2 tx_rssi=-86 tx_snr=8
2026-05-26T18:16:06.337433Z,hit,10,9,-88,3,-91,8,sf=10 seq=9 rx_rssi=-88 rx_snr=3 tx_rssi=-91 tx_snr=8
2026-05-26T18:16:06.992160Z,hit,10,10,-87,4,-102,7,sf=10 seq=10 rx_rssi=-87 rx_snr=4 tx_rssi=-102 tx_snr=7
2026-05-26T18:16:07.646566Z,hit,10,11,-90,1,-88,9,sf=10 seq=11 rx_rssi=-90 rx_snr=1 tx_rssi=-88 tx_snr=9
2026-05-26T18:16:08.301033Z,hit,10,12,-89,0,-98,8,sf=10 seq=12 rx_rssi=-89 rx_snr=0 tx_rssi=-98 tx_snr=8
2026-05-26T18:16:08.955697Z,hit,10,13,-89,2,-93,8,sf=10 seq=13 rx_rssi=-89 rx_snr=2 tx_rssi=-93 tx_snr=8
2026-05-26T18:16:09.610213Z,hit,10,14,-84,5,-95,8,sf=10 seq=14 rx_rssi=-84 rx_snr=5 tx_rssi=-95 tx_snr=8
2026-05-26T18:16:10.264629Z,hit,10,15,-89,0,-93,8,sf=10 seq=15 rx_rssi=-89 rx_snr=0 tx_rssi=-93 tx_snr=8
2026-05-26T18:16:10.919356Z,hit,10,16,-88,4,-86,8,sf=10 seq=16 rx_rssi=-88 rx_snr=4 tx_rssi=-86 tx_snr=8
2026-05-26T18:16:11.573858Z,hit,10,17,-88,0,-95,8,sf=10 seq=17 rx_rssi=-88 rx_snr=0 tx_rssi=-95 tx_snr=8
2026-05-26T18:16:13.557047Z,miss,10,18,,,,,miss sf=10 seq=18
2026-05-26T18:16:15.542741Z,miss,10,19,,,,,miss sf=10 seq=19
2026-05-26T18:16:15.600889Z,info,,,,,,,=== SF10 summary: hits=18/20 per=10% rx_rssi_avg=-88 rx_snr_avg=0 tx_rssi_avg=-9 tx_snr_avg=8 ===
2026-05-26T18:16:17.294549Z,hit,11,0,-92,-4,-91,7,sf=11 seq=0 rx_rssi=-92 rx_snr=-4 tx_rssi=-91 tx_snr=7
2026-05-26T18:16:18.541996Z,hit,11,1,-93,-10,-101,4,sf=11 seq=1 rx_rssi=-93 rx_snr=-10 tx_rssi=-101 tx_snr=4
2026-05-26T18:16:19.789229Z,hit,11,2,-91,-4,-108,3,sf=11 seq=2 rx_rssi=-91 rx_snr=-4 tx_rssi=-108 tx_snr=3
2026-05-26T18:16:21.036204Z,hit,11,3,-89,0,-98,6,sf=11 seq=3 rx_rssi=-89 rx_snr=0 tx_rssi=-98 tx_snr=6
2026-05-26T18:16:22.283684Z,hit,11,4,-91,-2,-91,7,sf=11 seq=4 rx_rssi=-91 rx_snr=-2 tx_rssi=-91 tx_snr=7
2026-05-26T18:16:23.531111Z,hit,11,5,-93,-11,-102,6,sf=11 seq=5 rx_rssi=-93 rx_snr=-11 tx_rssi=-102 tx_snr=6
2026-05-26T18:16:24.778164Z,hit,11,6,-91,1,-103,6,sf=11 seq=6 rx_rssi=-91 rx_snr=1 tx_rssi=-103 tx_snr=6
2026-05-26T18:16:26.025232Z,hit,11,7,-89,1,-101,2,sf=11 seq=7 rx_rssi=-89 rx_snr=1 tx_rssi=-101 tx_snr=2
2026-05-26T18:16:27.272466Z,hit,11,8,-89,2,-88,7,sf=11 seq=8 rx_rssi=-89 rx_snr=2 tx_rssi=-88 tx_snr=7
2026-05-26T18:16:28.519910Z,hit,11,9,-92,-9,-103,5,sf=11 seq=9 rx_rssi=-92 rx_snr=-9 tx_rssi=-103 tx_snr=5
2026-05-26T18:16:29.767249Z,hit,11,10,-93,-7,-96,7,sf=11 seq=10 rx_rssi=-93 rx_snr=-7 tx_rssi=-96 tx_snr=7
2026-05-26T18:16:31.014498Z,hit,11,11,-92,-7,-105,5,sf=11 seq=11 rx_rssi=-92 rx_snr=-7 tx_rssi=-105 tx_snr=5
2026-05-26T18:16:32.261681Z,hit,11,12,-91,-3,-96,8,sf=11 seq=12 rx_rssi=-91 rx_snr=-3 tx_rssi=-96 tx_snr=8
2026-05-26T18:16:33.509207Z,hit,11,13,-93,-1,-92,8,sf=11 seq=13 rx_rssi=-93 rx_snr=-1 tx_rssi=-92 tx_snr=8
2026-05-26T18:16:34.756346Z,hit,11,14,-92,-1,-93,7,sf=11 seq=14 rx_rssi=-92 rx_snr=-1 tx_rssi=-93 tx_snr=7
2026-05-26T18:16:36.003646Z,hit,11,15,-93,-9,-93,6,sf=11 seq=15 rx_rssi=-93 rx_snr=-9 tx_rssi=-93 tx_snr=6
2026-05-26T18:16:37.250995Z,hit,11,16,-92,-5,-94,7,sf=11 seq=16 rx_rssi=-92 rx_snr=-5 tx_rssi=-94 tx_snr=7
2026-05-26T18:16:38.497947Z,info,,,,,,,sf=11 seq=17 rx_rssi=-91 rx_snr=-1 tx_rss-94 tx_snr=7
2026-05-26T18:16:42.408383Z,miss,11,18,,,,,miss sf=11 seq=18
2026-05-26T18:16:46.321445Z,miss,11,19,,,,,miss sf=11 seq=19
2026-05-26T18:16:46.379768Z,info,,,,,,,=== SF11 summary: hits=18/20 per=10% rx_rssi_avg=-91 rx_snr_avg=-3 tx_rssi_avg=-97 tx_snr_avg=6 ===
2026-05-26T18:16:49.260845Z,hit,12,0,-93,-11,-98,1,sf=12 seq=0 rx_rssi=-93 rx_snr=-11 tx_rssi=-98 tx_snr=1
2026-05-26T18:16:51.695610Z,hit,12,1,-93,-8,-104,3,sf=12 seq=1 rx_rssi=-93 rx_snr=-8 tx_rssi=-104 tx_snr=3
2026-05-26T18:16:54.130248Z,hit,12,2,-93,-6,-94,5,sf=12 seq=2 rx_rssi=-93 rx_snr=-6 tx_rssi=-94 tx_snr=5
2026-05-26T18:16:56.565023Z,hit,12,3,-92,-9,-96,5,sf=12 seq=3 rx_rssi=-92 rx_snr=-9 tx_rssi=-96 tx_snr=5
2026-05-26T18:16:58.999825Z,hit,12,4,-92,-8,-96,5,sf=12 seq=4 rx_rssi=-92 rx_snr=-8 tx_rssi=-96 tx_snr=5
2026-05-26T18:17:01.434750Z,hit,12,5,-93,-13,-94,3,sf=12 seq=5 rx_rssi=-93 rx_snr=-13 tx_rssi=-94 tx_snr=3
2026-05-26T18:17:03.869475Z,hit,12,6,-92,-3,-95,4,sf=12 seq=6 rx_rssi=-92 rx_snr=-3 tx_rssi=-95 tx_snr=4
2026-05-26T18:17:06.304120Z,hit,12,7,-90,-6,-94,6,sf=12 seq=7 rx_rssi=-90 rx_snr=-6 tx_rssi=-94 tx_snr=6
2026-05-26T18:17:08.738846Z,hit,12,8,-90,-1,-96,6,sf=12 seq=8 rx_rssi=-90 rx_snr=-1 tx_rssi=-96 tx_snr=6
2026-05-26T18:17:11.173807Z,hit,12,9,-93,-5,-100,4,sf=12 seq=9 rx_rssi=-93 rx_snr=-5 tx_rssi=-100 tx_snr=4
2026-05-26T18:17:13.608785Z,hit,12,10,-93,-19,-108,2,sf=12 seq=10 rx_rssi=-93 rx_snr=-19 tx_rssi=-108 tx_snr=2
2026-05-26T18:17:16.043532Z,hit,12,11,-93,-14,-92,4,sf=12 seq=11 rx_rssi=-93 rx_snr=-14 tx_rssi=-92 tx_snr=4
2026-05-26T18:17:23.807949Z,miss,12,12,,,,,miss sf=12 seq=12
2026-05-26T18:17:31.575465Z,miss,12,13,,,,,miss sf=12 seq=13
2026-05-26T18:17:39.342773Z,miss,12,14,,,,,miss sf=12 seq=14
2026-05-26T18:17:47.110202Z,miss,12,15,,,,,miss sf=12 seq=15
2026-05-26T18:17:54.877447Z,miss,12,16,,,,,miss sf=12 seq=16
2026-05-26T18:18:02.645109Z,miss,12,17,,,,,miss sf=12 seq=17
2026-05-26T18:18:10.412385Z,miss,12,18,,,,,miss sf=12 seq=18
2026-05-26T18:18:18.179786Z,miss,12,19,,,,,miss sf=12 seq=19
2026-05-26T18:18:18.237725Z,info,,,,,,,=== SF12 summary: hits=12/20 per=40% r-92 rx_snr_avg=-8 tx_rssi_avg=-97 tx_snr_avg=4 ===
2026-05-26T18:18:18.986023Z,miss,7,0,,,,,miss sf=7 seq=0
2026-05-26T18:18:19.290450Z,miss,7,1,,,,,miss sf=7 seq=1
2026-05-26T18:18:19.595041Z,miss,7,2,,,,,miss sf=7 seq=2
2026-05-26T18:18:19.899483Z,miss,7,3,,,,,miss sf=7 seq=3
2026-05-26T18:18:20.203983Z,miss,7,4,,,,,miss sf=7 seq=4
2026-05-26T18:18:20.508676Z,miss,7,5,,,,,miss sf=7 seq=5
2026-05-26T18:18:20.813229Z,miss,7,6,,,,,miss sf=7 seq=6
2026-05-26T18:18:21.117645Z,miss,7,7,,,,,miss sf=7 seq=7
2026-05-26T18:18:21.422282Z,miss,7,8,,,,,miss sf=7 seq=8
2026-05-26T18:18:21.726851Z,miss,7,9,,,,,miss sf=7 seq=9
2026-05-26T18:18:22.031521Z,miss,7,10,,,,,miss sf=7 seq=10
2026-05-26T18:18:22.335983Z,miss,7,11,,,,,miss sf=7 seq=11
2026-05-26T18:18:22.640563Z,miss,7,12,,,,,miss sf=7 seq=12
2026-05-26T18:18:22.945249Z,miss,7,13,,,,,miss sf=7 seq=13
2026-05-26T18:18:23.249777Z,miss,7,14,,,,,miss sf=7 seq=14
2026-05-26T18:18:23.554324Z,miss,7,15,,,,,miss sf=7 seq=15
2026-05-26T18:18:23.858911Z,miss,7,16,,,,,miss sf=7 seq=16
2026-05-26T18:18:24.163474Z,miss,7,17,,,,,miss sf=7 seq=17
2026-05-26T18:18:24.468050Z,miss,7,18,,,,,miss sf=7 seq=18
2026-05-26T18:18:24.772583Z,miss,7,19,,,,,miss sf=7 seq=19
2026-05-26T18:18:24.825572Z,info,,,,,,,=== SF7 summary: hits=0/20 per=100% (no link) ===
2026-05-26T18:18:25.823757Z,miss,8,0,,,,,miss sf=8 seq=0
2026-05-26T18:18:26.374362Z,miss,8,1,,,,,miss sf=8 seq=1
2026-05-26T18:18:26.924869Z,miss,8,2,,,,,miss sf=8 seq=2
2026-05-26T18:18:27.475492Z,miss,8,3,,,,,miss sf=8 seq=3
2026-05-26T18:18:28.025980Z,miss,8,4,,,,,miss sf=8 seq=4
2026-05-26T18:18:28.576579Z,miss,8,5,,,,,miss sf=8 seq=5
2026-05-26T18:18:29.126980Z,miss,8,6,,,,,miss sf=8 seq=6
2026-05-26T18:18:29.677787Z,miss,8,7,,,,,miss sf=8 seq=7
2026-05-26T18:18:30.228254Z,miss,8,8,,,,,miss sf=8 seq=8
2026-05-26T18:18:30.778843Z,miss,8,9,,,,,miss sf=8 seq=9
2026-05-26T18:18:31.329476Z,miss,8,10,,,,,miss sf=8 seq=10
2026-05-26T18:18:31.880021Z,miss,8,11,,,,,miss sf=8 seq=11
2026-05-26T18:18:32.430568Z,miss,8,12,,,,,miss sf=8 seq=12
2026-05-26T18:18:32.981270Z,miss,8,13,,,,,miss sf=8 seq=13
2026-05-26T18:18:33.531830Z,miss,8,14,,,,,miss sf=8 seq=14
2026-05-26T18:18:34.082405Z,miss,8,15,,,,,miss sf=8 seq=15
2026-05-26T18:18:34.633031Z,miss,8,16,,,,,miss sf=8 seq=16
2026-05-26T18:18:35.183443Z,miss,8,17,,,,,miss sf=8 seq=17
2026-05-26T18:18:35.734042Z,miss,8,18,,,,,miss sf=8 seq=18
2026-05-26T18:18:36.284786Z,miss,8,19,,,,,miss sf=8 seq=19
2026-05-26T18:18:36.337932Z,info,,,,,,,=== SF8 summary: hits=0/20 per=100% (no link) ===
2026-05-26T18:18:37.807283Z,miss,9,0,,,,,miss sf=9 seq=0
2026-05-26T18:18:38.829421Z,miss,9,1,,,,,miss sf=9 seq=1
2026-05-26T18:18:39.851639Z,miss,9,2,,,,,miss sf=9 seq=2
2026-05-26T18:18:40.873637Z,miss,9,3,,,,,miss sf=9 seq=3
2026-05-26T18:18:41.895732Z,miss,9,4,,,,,miss sf=9 seq=4
2026-05-26T18:18:42.917991Z,miss,9,5,,,,,miss sf=9 seq=5
2026-05-26T18:18:43.940122Z,miss,9,6,,,,,miss sf=9 seq=6
2026-05-26T18:18:44.962385Z,miss,9,7,,,,,miss sf=9 seq=7
2026-05-26T18:18:45.984399Z,miss,9,8,,,,,miss sf=9 seq=8
2026-05-26T18:18:47.006511Z,miss,9,9,,,,,miss sf=9 seq=9
2026-05-26T18:18:48.028849Z,miss,9,10,,,,,miss sf=9 seq=10
2026-05-26T18:18:49.050970Z,miss,9,11,,,,,miss sf=9 seq=11
2026-05-26T18:18:50.073110Z,miss,9,12,,,,,miss sf=9 seq=12
2026-05-26T18:18:51.095193Z,miss,9,13,,,,,miss sf=9 seq=13
2026-05-26T18:18:52.117334Z,miss,9,14,,,,,miss sf=9 seq=14
2026-05-26T18:18:53.139475Z,miss,9,15,,,,,miss sf=9 seq=15
2026-05-26T18:18:54.161768Z,miss,9,16,,,,,miss sf=9 seq=16
2026-05-26T18:18:55.183832Z,miss,9,17,,,,,miss sf=9 seq=17
2026-05-26T18:18:56.206006Z,miss,9,18,,,,,miss sf=9 seq=18
2026-05-26T18:18:57.228026Z,miss,9,19,,,,,miss sf=9 seq=19
2026-05-26T18:18:57.281130Z,info,,,,,,,=== SF9 summary: hits=0/20 per=100% (no link) ===
2026-05-26T18:18:59.714471Z,miss,10,0,,,,,miss sf=10 seq=0
2026-05-26T18:19:01.700284Z,miss,10,1,,,,,miss sf=10 seq=1
2026-05-26T18:19:03.686039Z,miss,10,2,,,,,miss sf=10 seq=2
2026-05-26T18:19:05.671853Z,miss,10,3,,,,,miss sf=10 seq=3
2026-05-26T18:19:07.657564Z,miss,10,4,,,,,miss sf=10 seq=4
2026-05-26T18:19:09.643299Z,miss,10,5,,,,,miss sf=10 seq=5
2026-05-26T18:19:11.628987Z,miss,10,6,,,,,miss sf=10 seq=6
2026-05-26T18:19:13.614815Z,miss,10,7,,,,,miss sf=10 seq=7
2026-05-26T18:19:15.600415Z,miss,10,8,,,,,miss sf=10 seq=8
2026-05-26T18:19:17.586197Z,miss,10,9,,,,,miss sf=10 seq=9
2026-05-26T18:19:19.572075Z,miss,10,10,,,,,miss sf=10 seq=10
2026-05-26T18:19:21.557552Z,miss,10,11,,,,,miss sf=10 seq=11
2026-05-26T18:19:23.543563Z,miss,10,12,,,,,miss sf=10 seq=12
2026-05-26T18:19:25.529119Z,miss,10,13,,,,,miss sf=10 seq=13
2026-05-26T18:19:27.514969Z,miss,10,14,,,,,miss sf=10 seq=14
2026-05-26T18:19:29.500741Z,miss,10,15,,,,,miss sf=10 seq=15
2026-05-26T18:19:31.486538Z,miss,10,16,,,,,miss sf=10 seq=16
2026-05-26T18:19:33.472199Z,miss,10,17,,,,,miss sf=10 seq=17
2026-05-26T18:19:35.458028Z,miss,10,18,,,,,miss sf=10 seq=18
2026-05-26T18:19:37.443707Z,miss,10,19,,,,,miss sf=10 seq=19
2026-05-26T18:19:37.496950Z,info,,,,,,,=== SF10 summary: hits=0/20 per=100% (no link) ===
2026-05-26T18:19:41.857155Z,miss,11,0,,,,,miss sf=11 seq=0
2026-05-26T18:19:45.770233Z,miss,11,1,,,,,miss sf=11 seq=1
2026-05-26T18:19:49.683235Z,miss,11,2,,,,,miss sf=11 seq=2
2026-05-26T18:19:53.596172Z,miss,11,3,,,,,miss sf=11 seq=3
2026-05-26T18:19:57.508935Z,miss,11,4,,,,,miss sf=11 seq=4
2026-05-26T18:20:01.422014Z,miss,11,5,,,,,miss sf=11 seq=5
2026-05-26T18:20:05.334987Z,miss,11,6,,,,,miss sf=11 seq=6
2026-05-26T18:20:09.248018Z,miss,11,7,,,,,miss sf=11 seq=7
2026-05-26T18:20:13.160863Z,miss,11,8,,,,,miss sf=11 seq=8
2026-05-26T18:20:17.073914Z,miss,11,9,,,,,miss sf=11 seq=9
2026-05-26T18:20:20.986927Z,miss,11,10,,,,,miss sf=11 seq=10
2026-05-26T18:20:24.899846Z,miss,11,11,,,,,miss sf=11 seq=11
2026-05-26T18:20:28.812731Z,miss,11,12,,,,,miss sf=11 seq=12
2026-05-26T18:20:32.725809Z,miss,11,13,,,,,miss sf=11 seq=13
2026-05-26T18:20:36.638798Z,miss,11,14,,,,,miss sf=11 seq=14
2026-05-26T18:20:40.551822Z,miss,11,15,,,,,miss sf=11 seq=15
2026-05-26T18:20:44.464622Z,miss,11,16,,,,,miss sf=11 seq=16
2026-05-26T18:20:45.714957Z,hit,11,17,-93,-6,-96,7,sf=11 seq=17 rx_rssi=-93 rx_snr=-6 tx_rssi=-96 tx_snr=7
2026-05-26T18:20:49.624637Z,info,,,,,,,m11 seq=18
2026-05-26T18:20:53.538237Z,miss,11,19,,,,,miss sf=11 seq=19
2026-05-26T18:20:53.596600Z,info,,,,,,,=== SF11 summary: hits=1/20 per=95% rx_rssi_avg=-93 rx_snr_avg=-6 tx_rssi_avg=-96 tx_snr_avg=7 ===
2026-05-26T18:20:56.477752Z,hit,12,0,-93,-13,-96,6,sf=12 seq=0 rx_rssi=-93 rx_snr=-13 tx_rssi=-96 tx_snr=6
2026-05-26T18:20:58.912374Z,hit,12,1,-93,-17,-108,4,sf=12 seq=1 rx_rssi=-93 rx_snr=-17 tx_rssi=-108 tx_snr=4
2026-05-26T18:21:01.347002Z,hit,12,2,-93,-15,-112,1,sf=12 seq=2 rx_rssi=-93 rx_snr=-15 tx_rssi=-112 tx_snr=1
2026-05-26T18:21:03.743304Z,miss,12,3,,,,,miss sf=12 seq=3
2026-05-26T18:21:06.181016Z,hit,12,4,-93,-16,-104,4,sf=12 seq=4 rx_rssi=-93 rx_snr=-16 tx_rssi=-104 tx_snr=4
2026-05-26T18:21:08.615522Z,hit,12,5,-93,-14,-110,0,sf=12 seq=5 rx_rssi=-93 rx_snr=-14 tx_rssi=-110 tx_snr=0
2026-05-26T18:21:11.050323Z,hit,12,6,-93,-17,-101,4,sf=12 seq=6 rx_rssi=-93 rx_snr=-17 tx_rssi=-101 tx_snr=4
2026-05-26T18:21:13.485105Z,hit,12,7,-93,-15,-110,2,sf=12 seq=7 rx_rssi=-93 rx_snr=-15 tx_rssi=-110 tx_snr=2
2026-05-26T18:21:15.919769Z,hit,12,8,-93,-17,-102,4,sf=12 seq=8 rx_rssi=-93 rx_snr=-17 tx_rssi=-102 tx_snr=4
2026-05-26T18:21:20.738322Z,hit,12,10,-93,-18,-112,2,sf=12 seq=10 rx_rssi=-93 rx_snr=-18 tx_rssi=-112 tx_snr=2
2026-05-26T18:21:23.170110Z,hit,12,11,-93,-18,-108,2,sf=12 seq=11 rx_rssi=-93 rx_snr=-18 tx_rssi=-108 tx_snr=2
2026-05-26T18:21:25.604980Z,hit,12,12,-93,-21,-112,-1,sf=12 seq=12 rx_rssi=-93 rx_snr=-21 tx_rssi=-112 tx_snr=-1
2026-05-26T18:21:32.310429Z,miss,12,15,,,,,miss sf=12 seq=15
2026-05-26T18:21:40.078072Z,miss,12,16,,,,,miss sf=12 seq=16
2026-05-26T18:21:41.614684Z,miss,12,17,,,,,miss sf=12 seq=17
2026-05-26T18:21:49.382074Z,miss,12,18,,,,,miss sf=12 seq=18
2026-05-26T18:21:57.149511Z,miss,12,19,,,,,miss sf=12 seq=19
2026-05-26T18:21:57.208003Z,info,,,,,,,=== SF12 summary: hits=11/20 per=45% rx_rssi_avg=-93 rx_snr_avg=-16 tx_rssi_avg=-106 tx_snr_avg=2 ===
2026-05-26T18:21:57.955739Z,miss,7,0,,,,,miss sf=7 seq=0
2026-05-26T18:21:58.260207Z,miss,7,1,,,,,miss sf=7 seq=1
2026-05-26T18:21:58.564204Z,info,,,,,,,mis7 seq=2
2026-05-26T18:21:58.869358Z,miss,7,3,,,,,miss sf=7 seq=3
2026-05-26T18:21:59.173776Z,miss,7,4,,,,,miss sf=7 seq=4
2026-05-26T18:21:59.478329Z,miss,7,5,,,,,miss sf=7 seq=5
2026-05-26T18:21:59.782849Z,miss,7,6,,,,,miss sf=7 seq=6
2026-05-26T18:22:00.087376Z,miss,7,7,,,,,miss sf=7 seq=7
2026-05-26T18:22:00.392065Z,miss,7,8,,,,,miss sf=7 seq=8
2026-05-26T18:22:00.696591Z,miss,7,9,,,,,miss sf=7 seq=9
2026-05-26T18:22:01.001141Z,miss,7,10,,,,,miss sf=7 seq=10
2026-05-26T18:22:01.305665Z,miss,7,11,,,,,miss sf=7 seq=11
2026-05-26T18:22:01.610275Z,miss,7,12,,,,,miss sf=7 seq=12
2026-05-26T18:22:01.914665Z,miss,7,13,,,,,miss sf=7 seq=13
2026-05-26T18:22:02.219297Z,miss,7,14,,,,,miss sf=7 seq=14
2026-05-26T18:22:02.523952Z,miss,7,15,,,,,miss sf=7 seq=15
2026-05-26T18:22:02.828473Z,miss,7,16,,,,,miss sf=7 seq=16
2026-05-26T18:22:03.133149Z,miss,7,17,,,,,miss sf=7 seq=17
2026-05-26T18:22:03.437569Z,miss,7,18,,,,,miss sf=7 seq=18
2026-05-26T18:22:03.742184Z,miss,7,19,,,,,miss sf=7 seq=19
2026-05-26T18:22:03.795182Z,info,,,,,,,=== SF7 summary: hits=0/20 per=100% (no link) ===
2026-05-26T18:22:04.793435Z,miss,8,0,,,,,miss sf=8 seq=0
2026-05-26T18:22:05.343882Z,miss,8,1,,,,,miss sf=8 seq=1
2026-05-26T18:22:05.894427Z,miss,8,2,,,,,miss sf=8 seq=2
2026-05-26T18:22:06.445094Z,miss,8,3,,,,,miss sf=8 seq=3
2026-05-26T18:22:06.995713Z,miss,8,4,,,,,miss sf=8 seq=4
2026-05-26T18:22:07.546290Z,miss,8,5,,,,,miss sf=8 seq=5
2026-05-26T18:22:08.096962Z,miss,8,6,,,,,miss sf=8 seq=6
2026-05-26T18:22:08.647121Z,miss,8,7,,,,,miss sf=8 seq=7
2026-05-26T18:22:09.198013Z,miss,8,8,,,,,miss sf=8 seq=8
2026-05-26T18:22:09.748486Z,miss,8,9,,,,,miss sf=8 seq=9
2026-05-26T18:22:10.299216Z,miss,8,10,,,,,miss sf=8 seq=10
2026-05-26T18:22:10.849594Z,miss,8,11,,,,,miss sf=8 seq=11
2026-05-26T18:22:11.400350Z,miss,8,12,,,,,miss sf=8 seq=12
2026-05-26T18:22:11.950920Z,miss,8,13,,,,,miss sf=8 seq=13
2026-05-26T18:22:12.501637Z,miss,8,14,,,,,miss sf=8 seq=14
2026-05-26T18:22:13.052145Z,miss,8,15,,,,,miss sf=8 seq=15
2026-05-26T18:22:13.602311Z,miss,8,16,,,,,miss sf=8 seq=16
2026-05-26T18:22:14.153137Z,miss,8,17,,,,,miss sf=8 seq=17
2026-05-26T18:22:14.592073Z,miss,8,18,,,,,miss sf=8 seq=18
2026-05-26T18:22:15.142465Z,miss,8,19,,,,,miss sf=8 seq=19
2026-05-26T18:22:15.195538Z,info,,,,,,,=== SF8 summary: hits=0/20 per=100% (no link) ===
2026-05-26T18:22:16.665236Z,miss,9,0,,,,,miss sf=9 seq=0
2026-05-26T18:22:17.687510Z,miss,9,1,,,,,miss sf=9 seq=1
2026-05-26T18:22:18.709612Z,miss,9,2,,,,,miss sf=9 seq=2
2026-05-26T18:22:19.731615Z,miss,9,3,,,,,miss sf=9 seq=3
2026-05-26T18:22:20.753752Z,miss,9,4,,,,,miss sf=9 seq=4
2026-05-26T18:22:21.776009Z,miss,9,5,,,,,miss sf=9 seq=5
2026-05-26T18:22:22.798054Z,miss,9,6,,,,,miss sf=9 seq=6
2026-05-26T18:22:23.820281Z,miss,9,7,,,,,miss sf=9 seq=7
2026-05-26T18:22:24.842295Z,miss,9,8,,,,,miss sf=9 seq=8
2026-05-26T18:22:25.864557Z,miss,9,9,,,,,miss sf=9 seq=9
2026-05-26T18:22:26.886686Z,miss,9,10,,,,,miss sf=9 seq=10
2026-05-26T18:22:27.908617Z,miss,9,11,,,,,miss sf=9 seq=11
2026-05-26T18:22:28.930968Z,miss,9,12,,,,,miss sf=9 seq=12
2026-05-26T18:22:29.953014Z,miss,9,13,,,,,miss sf=9 seq=13
2026-05-26T18:22:30.975292Z,miss,9,14,,,,,miss sf=9 seq=14
2026-05-26T18:22:31.996982Z,info,,,,,,,miss9 seq=15
2026-05-26T18:22:33.019518Z,miss,9,16,,,,,miss sf=9 seq=16
2026-05-26T18:22:34.041673Z,miss,9,17,,,,,miss sf=9 seq=17
2026-05-26T18:22:35.063838Z,miss,9,18,,,,,miss sf=9 seq=18
2026-05-26T18:22:36.085835Z,miss,9,19,,,,,miss sf=9 seq=19
2026-05-26T18:22:36.139022Z,info,,,,,,,=== SF9 summary: hits=0/20 per=100% (no link) ===
2026-05-26T18:22:39.175870Z,miss,10,1,,,,,miss sf=10 seq=1
2026-05-26T18:22:41.161709Z,miss,10,2,,,,,miss sf=10 seq=2
2026-05-26T18:22:43.147318Z,miss,10,3,,,,,miss sf=10 seq=3
2026-05-26T18:22:45.133256Z,miss,10,4,,,,,miss sf=10 seq=4
2026-05-26T18:22:47.118908Z,miss,10,5,,,,,miss sf=10 seq=5
2026-05-26T18:22:49.104593Z,miss,10,6,,,,,miss sf=10 seq=6
2026-05-26T18:22:51.090486Z,miss,10,7,,,,,miss sf=10 seq=7
2026-05-26T18:22:51.747960Z,hit,10,8,-93,-18,-112,-4,sf=10 seq=8 rx_rssi=-93 rx_snr=-18 tx_rssi=-112 tx_snr=-4
2026-05-26T18:22:53.730859Z,miss,10,9,,,,,miss sf=10 seq=9
2026-05-26T18:22:55.716625Z,miss,10,10,,,,,miss sf=10 seq=10
2026-05-26T18:22:57.702355Z,miss,10,11,,,,,miss sf=10 seq=11
2026-05-26T18:22:59.688088Z,miss,10,12,,,,,miss sf=10 seq=12
2026-05-26T18:23:01.673933Z,miss,10,13,,,,,miss sf=10 seq=13
2026-05-26T18:23:03.659537Z,miss,10,14,,,,,miss sf=10 seq=14
2026-05-26T18:23:05.645335Z,miss,10,15,,,,,miss sf=10 seq=15
2026-05-26T18:23:07.631126Z,miss,10,16,,,,,miss sf=10 seq=16
2026-05-26T18:23:09.616831Z,miss,10,17,,,,,miss sf=10 seq=17
2026-05-26T18:23:11.602625Z,miss,10,18,,,,,miss sf=10 seq=18
2026-05-26T18:23:13.588407Z,miss,10,19,,,,,miss sf=10 seq=19
2026-05-26T18:23:13.647045Z,info,,,,,,,=== SF10 summary: hits=1/20 per=95% rx_rssi_avg=-93 rx_snr_avg=-18 tx_rssi_avg=-112 tx_snr_avg=-4 ===
2026-05-26T18:23:15.089548Z,miss,11,0,,,,,miss sf=11 seq=0
2026-05-26T18:23:19.002402Z,miss,11,1,,,,,miss sf=11 seq=1
2026-05-26T18:23:22.915383Z,miss,11,2,,,,,miss sf=11 seq=2
2026-05-26T18:23:26.828384Z,miss,11,3,,,,,miss sf=11 seq=3
2026-05-26T18:23:30.741326Z,miss,11,4,,,,,miss sf=11 seq=4
2026-05-26T18:23:31.741101Z,miss,11,5,,,,,miss sf=11 seq=5
2026-05-26T18:23:35.654048Z,miss,11,6,,,,,miss sf=11 seq=6
2026-05-26T18:23:39.567266Z,miss,11,7,,,,,miss sf=11 seq=7
2026-05-26T18:23:43.480006Z,miss,11,8,,,,,miss sf=11 seq=8
2026-05-26T18:23:47.393103Z,miss,11,9,,,,,miss sf=11 seq=9
2026-05-26T18:23:51.306104Z,miss,11,10,,,,,miss sf=11 seq=10
2026-05-26T18:23:52.135952Z,miss,11,11,,,,,miss sf=11 seq=11
2026-05-26T18:23:56.048669Z,miss,11,12,,,,,miss sf=11 seq=12
2026-05-26T18:23:59.961766Z,miss,11,13,,,,,miss sf=11 seq=13
2026-05-26T18:24:03.874844Z,miss,11,14,,,,,miss sf=11 seq=14
2026-05-26T18:24:07.787641Z,miss,11,15,,,,,miss sf=11 seq=15
2026-05-26T18:24:11.700741Z,miss,11,16,,,,,miss sf=11 seq=16
2026-05-26T18:24:15.613773Z,miss,11,17,,,,,miss sf=11 seq=17
2026-05-26T18:24:19.526682Z,miss,11,18,,,,,miss sf=11 seq=18
2026-05-26T18:24:23.439654Z,miss,11,19,,,,,miss sf=11 seq=19
2026-05-26T18:24:23.492632Z,info,,,,,,,=== SF11 summary: hits=0/20 per=100% (no link) ===
2026-05-26T18:24:25.477079Z,miss,12,0,,,,,miss sf=12 seq=0
2026-05-26T18:24:33.244400Z,miss,12,1,,,,,miss sf=12 seq=1
2026-05-26T18:24:41.011750Z,miss,12,2,,,,,miss sf=12 seq=2
2026-05-26T18:24:48.779029Z,miss,12,3,,,,,miss sf=12 seq=3
2026-05-26T18:24:56.546440Z,miss,12,4,,,,,miss sf=12 seq=4
2026-05-26T18:25:04.313556Z,miss,12,5,,,,,miss sf=12 seq=5
2026-05-26T18:25:12.081221Z,miss,12,6,,,,,miss sf=12 seq=6
2026-05-26T18:25:19.848799Z,miss,12,7,,,,,miss sf=12 seq=7
2026-05-26T18:25:27.616171Z,miss,12,8,,,,,miss sf=12 seq=8
2026-05-26T18:25:35.383415Z,miss,12,9,,,,,miss sf=12 seq=9
2026-05-26T18:25:43.151063Z,miss,12,10,,,,,miss sf=12 seq=10
2026-05-26T18:25:50.918403Z,miss,12,11,,,,,miss sf=12 seq=11
2026-05-26T18:25:56.321334Z,miss,12,12,,,,,miss sf=12 seq=12
2026-05-26T18:26:04.088759Z,miss,12,13,,,,,miss sf=12 seq=13
2026-05-26T18:26:11.855949Z,miss,12,14,,,,,miss sf=12 seq=14
2026-05-26T18:26:19.623508Z,miss,12,15,,,,,miss sf=12 seq=15
2026-05-26T18:26:27.390806Z,miss,12,16,,,,,miss sf=12 seq=16
2026-05-26T18:26:35.158279Z,miss,12,17,,,,,miss sf=12 seq=17
2026-05-26T18:26:42.925761Z,miss,12,18,,,,,miss sf=12 seq=18
2026-05-26T18:26:50.693159Z,miss,12,19,,,,,miss sf=12 seq=19
2026-05-26T18:26:50.746165Z,info,,,,,,,=== SF12 summary: hits=0/20 per=100% (no link) ===
2026-05-26T18:26:51.498063Z,miss,7,0,,,,,miss sf=7 seq=0
2026-05-26T18:26:51.802706Z,miss,7,1,,,,,miss sf=7 seq=1
2026-05-26T18:26:52.107147Z,miss,7,2,,,,,miss sf=7 seq=2
2026-05-26T18:26:52.411680Z,miss,7,3,,,,,miss sf=7 seq=3
2026-05-26T18:26:52.716194Z,miss,7,4,,,,,miss sf=7 seq=4
2026-05-26T18:26:53.020790Z,miss,7,5,,,,,miss sf=7 seq=5
2026-05-26T18:26:53.325516Z,miss,7,6,,,,,miss sf=7 seq=6
2026-05-26T18:26:53.630035Z,miss,7,7,,,,,miss sf=7 seq=7
2026-05-26T18:26:53.934614Z,miss,7,8,,,,,miss sf=7 seq=8
2026-05-26T18:26:54.238986Z,miss,7,9,,,,,miss sf=7 seq=9
2026-05-26T18:26:54.543722Z,miss,7,10,,,,,miss sf=7 seq=10
2026-05-26T18:26:54.848257Z,miss,7,11,,,,,miss sf=7 seq=11
2026-05-26T18:26:55.152900Z,miss,7,12,,,,,miss sf=7 seq=12
2026-05-26T18:26:55.457439Z,miss,7,13,,,,,miss sf=7 seq=13
2026-05-26T18:26:55.762044Z,miss,7,14,,,,,miss sf=7 seq=14
2026-05-26T18:26:56.066421Z,miss,7,15,,,,,miss sf=7 seq=15
2026-05-26T18:26:56.371053Z,miss,7,16,,,,,miss sf=7 seq=16
2026-05-26T18:26:56.675666Z,miss,7,17,,,,,miss sf=7 seq=17
2026-05-26T18:26:56.980326Z,miss,7,18,,,,,miss sf=7 seq=18
2026-05-26T18:26:57.284755Z,miss,7,19,,,,,miss sf=7 seq=19
2026-05-26T18:26:57.337944Z,info,,,,,,,=== SF7 summary: hits=0/20 per=100% (no link) ===
2026-05-26T18:26:58.335928Z,miss,8,0,,,,,miss sf=8 seq=0
2026-05-26T18:26:58.886537Z,miss,8,1,,,,,miss sf=8 seq=1
2026-05-26T18:26:59.437088Z,miss,8,2,,,,,miss sf=8 seq=2
2026-05-26T18:26:59.987629Z,miss,8,3,,,,,miss sf=8 seq=3
2026-05-26T18:27:00.538224Z,miss,8,4,,,,,miss sf=8 seq=4
2026-05-26T18:27:01.088856Z,miss,8,5,,,,,miss sf=8 seq=5
2026-05-26T18:27:01.639407Z,miss,8,6,,,,,miss sf=8 seq=6
2026-05-26T18:27:02.189965Z,miss,8,7,,,,,miss sf=8 seq=7
2026-05-26T18:27:02.740565Z,miss,8,8,,,,,miss sf=8 seq=8
2026-05-26T18:27:03.291205Z,miss,8,9,,,,,miss sf=8 seq=9
2026-05-26T18:27:03.841450Z,info,,,,,,,miss8 seq=10
2026-05-26T18:27:04.018066Z,miss,8,11,,,,,miss sf=8 seq=11
2026-05-26T18:27:04.568837Z,miss,8,12,,,,,miss sf=8 seq=12
2026-05-26T18:27:05.119456Z,miss,8,13,,,,,miss sf=8 seq=13
2026-05-26T18:27:05.670002Z,miss,8,14,,,,,miss sf=8 seq=14
2026-05-26T18:27:06.220527Z,miss,8,15,,,,,miss sf=8 seq=15
2026-05-26T18:27:06.771099Z,miss,8,16,,,,,miss sf=8 seq=16
2026-05-26T18:27:07.321719Z,miss,8,17,,,,,miss sf=8 seq=17
2026-05-26T18:27:07.872310Z,miss,8,18,,,,,miss sf=8 seq=18
2026-05-26T18:27:08.422805Z,miss,8,19,,,,,miss sf=8 seq=19
2026-05-26T18:27:08.476048Z,info,,,,,,,=== SF8 summary: hits=0/20 per=100% (no link) ===
2026-05-26T18:27:09.945526Z,miss,9,0,,,,,miss sf=9 seq=0
2026-05-26T18:27:10.967494Z,miss,9,1,,,,,miss sf=9 seq=1
2026-05-26T18:27:11.989877Z,miss,9,2,,,,,miss sf=9 seq=2
2026-05-26T18:27:13.011931Z,miss,9,3,,,,,miss sf=9 seq=3
2026-05-26T18:27:14.034220Z,miss,9,4,,,,,miss sf=9 seq=4
2026-05-26T18:27:15.056289Z,miss,9,5,,,,,miss sf=9 seq=5
2026-05-26T18:27:16.078475Z,miss,9,6,,,,,miss sf=9 seq=6
2026-05-26T18:27:17.100606Z,miss,9,7,,,,,miss sf=9 seq=7
2026-05-26T18:27:18.122468Z,miss,9,8,,,,,miss sf=9 seq=8
2026-05-26T18:27:19.144885Z,miss,9,9,,,,,miss sf=9 seq=9
2026-05-26T18:27:20.167195Z,miss,9,10,,,,,miss sf=9 seq=10
2026-05-26T18:27:21.189319Z,miss,9,11,,,,,miss sf=9 seq=11
2026-05-26T18:27:22.211460Z,miss,9,12,,,,,miss sf=9 seq=12
2026-05-26T18:27:23.233615Z,miss,9,13,,,,,miss sf=9 seq=13
2026-05-26T18:27:24.255697Z,miss,9,14,,,,,miss sf=9 seq=14
2026-05-26T18:27:25.277864Z,miss,9,15,,,,,miss sf=9 seq=15
2026-05-26T18:27:26.300039Z,miss,9,16,,,,,miss sf=9 seq=16
2026-05-26T18:27:27.322081Z,miss,9,17,,,,,miss sf=9 seq=17
2026-05-26T18:27:28.344302Z,miss,9,18,,,,,miss sf=9 seq=18
2026-05-26T18:27:29.366353Z,miss,9,19,,,,,miss sf=9 seq=19
2026-05-26T18:27:29.419615Z,info,,,,,,,=== SF9 summary: hits=0/20 per=100% (no link) ===
2026-05-26T18:27:31.852859Z,miss,10,0,,,,,miss sf=10 seq=0
2026-05-26T18:27:33.838615Z,miss,10,1,,,,,miss sf=10 seq=1
2026-05-26T18:27:35.824302Z,miss,10,2,,,,,miss sf=10 seq=2
2026-05-26T18:27:37.810111Z,miss,10,3,,,,,miss sf=10 seq=3
2026-05-26T18:27:39.795634Z,miss,10,4,,,,,miss sf=10 seq=4
2026-05-26T18:27:41.781562Z,miss,10,5,,,,,miss sf=10 seq=5
2026-05-26T18:27:43.767271Z,miss,10,6,,,,,miss sf=10 seq=6
2026-05-26T18:27:45.753135Z,miss,10,7,,,,,miss sf=10 seq=7
2026-05-26T18:27:47.738781Z,miss,10,8,,,,,miss sf=10 seq=8
2026-05-26T18:27:49.724512Z,miss,10,9,,,,,miss sf=10 seq=9
2026-05-26T18:27:51.710324Z,miss,10,10,,,,,miss sf=10 seq=10
2026-05-26T18:27:53.696001Z,miss,10,11,,,,,miss sf=10 seq=11
2026-05-26T18:27:55.681592Z,miss,10,12,,,,,miss sf=10 seq=12
2026-05-26T18:27:57.667538Z,miss,10,13,,,,,miss sf=10 seq=13
2026-05-26T18:27:59.653333Z,miss,10,14,,,,,miss sf=10 seq=14
2026-05-26T18:28:01.639038Z,miss,10,15,,,,,miss sf=10 seq=15
2026-05-26T18:28:03.624852Z,miss,10,16,,,,,miss sf=10 seq=16
2026-05-26T18:28:05.610578Z,miss,10,17,,,,,miss sf=10 seq=17
2026-05-26T18:28:07.596366Z,miss,10,18,,,,,miss sf=10 seq=18
2026-05-26T18:28:09.582100Z,miss,10,19,,,,,miss sf=10 seq=19
2026-05-26T18:28:09.631902Z,info,,,,,,,=== SF10 summary: hits=0/20 pe
2026-05-26T18:28:13.995540Z,miss,11,0,,,,,miss sf=11 seq=0
2026-05-26T18:28:17.908529Z,miss,11,1,,,,,miss sf=11 seq=1
2026-05-26T18:28:21.821481Z,miss,11,2,,,,,miss sf=11 seq=2
2026-05-26T18:28:25.734452Z,miss,11,3,,,,,miss sf=11 seq=3
2026-05-26T18:28:29.647496Z,miss,11,4,,,,,miss sf=11 seq=4
2026-05-26T18:28:33.560416Z,miss,11,5,,,,,miss sf=11 seq=5
2026-05-26T18:28:37.473421Z,miss,11,6,,,,,miss sf=11 seq=6
2026-05-26T18:28:41.386408Z,miss,11,7,,,,,miss sf=11 seq=7
2026-05-26T18:28:45.299334Z,miss,11,8,,,,,miss sf=11 seq=8
2026-05-26T18:28:49.212251Z,miss,11,9,,,,,miss sf=11 seq=9
2026-05-26T18:28:53.125287Z,miss,11,10,,,,,miss sf=11 seq=10
2026-05-26T18:28:57.038294Z,miss,11,11,,,,,miss sf=11 seq=11
2026-05-26T18:29:00.951081Z,miss,11,12,,,,,miss sf=11 seq=12
2026-05-26T18:29:04.864082Z,miss,11,13,,,,,miss sf=11 seq=13
2026-05-26T18:29:08.776810Z,miss,11,14,,,,,miss sf=11 seq=14
2026-05-26T18:29:12.690155Z,miss,11,15,,,,,miss sf=11 seq=15
2026-05-26T18:29:16.602634Z,miss,11,16,,,,,miss sf=11 seq=16
2026-05-26T18:29:20.516104Z,miss,11,17,,,,,miss sf=11 seq=17
2026-05-26T18:29:24.428875Z,miss,11,18,,,,,miss sf=11 seq=18
2026-05-26T18:29:28.341932Z,miss,11,19,,,,,miss sf=11 seq=19
2026-05-26T18:29:28.394948Z,info,,,,,,,=== SF11 summary: hits=0/20 per=100% (no link) ===
2026-05-26T18:29:36.609845Z,miss,12,0,,,,,miss sf=12 seq=0
2026-05-26T18:29:44.377389Z,miss,12,1,,,,,miss sf=12 seq=1
2026-05-26T18:29:52.144724Z,miss,12,2,,,,,miss sf=12 seq=2
2026-05-26T18:29:59.911893Z,miss,12,3,,,,,miss sf=12 seq=3
2026-05-26T18:30:07.679525Z,miss,12,4,,,,,miss sf=12 seq=4
2026-05-26T18:30:15.446766Z,miss,12,5,,,,,miss sf=12 seq=5
2026-05-26T18:30:23.214247Z,miss,12,6,,,,,miss sf=12 seq=6
2026-05-26T18:30:30.981659Z,miss,12,7,,,,,miss sf=12 seq=7
2026-05-26T18:30:38.749090Z,miss,12,8,,,,,miss sf=12 seq=8
2026-05-26T18:30:46.516448Z,miss,12,9,,,,,miss sf=12 seq=9
2026-05-26T18:30:54.283914Z,miss,12,10,,,,,miss sf=12 seq=10
2026-05-26T18:31:02.051139Z,miss,12,11,,,,,miss sf=12 seq=11
2026-05-26T18:31:09.818704Z,miss,12,12,,,,,miss sf=12 seq=12
2026-05-26T18:31:17.586002Z,miss,12,13,,,,,miss sf=12 seq=13
2026-05-26T18:31:25.353520Z,miss,12,14,,,,,miss sf=12 seq=14
2026-05-26T18:31:33.120940Z,miss,12,15,,,,,miss sf=12 seq=15
2026-05-26T18:31:40.888385Z,miss,12,16,,,,,miss sf=12 seq=16
2026-05-26T18:31:48.655601Z,miss,12,17,,,,,miss sf=12 seq=17
2026-05-26T18:31:56.423042Z,miss,12,18,,,,,miss sf=12 seq=18
2026-05-26T18:32:04.190600Z,miss,12,19,,,,,miss sf=12 seq=19
2026-05-26T18:32:04.243511Z,info,,,,,,,=== SF12 summary: hits=0/20 per=100% (no link) ===
2026-05-26T18:32:04.995389Z,miss,7,0,,,,,miss sf=7 seq=0
2026-05-26T18:32:05.299849Z,miss,7,1,,,,,miss sf=7 seq=1
2026-05-26T18:32:05.604229Z,miss,7,2,,,,,miss sf=7 seq=2
2026-05-26T18:32:05.908735Z,miss,7,3,,,,,miss sf=7 seq=3
2026-05-26T18:32:06.213414Z,miss,7,4,,,,,miss sf=7 seq=4
2026-05-26T18:32:06.517926Z,miss,7,5,,,,,miss sf=7 seq=5
2026-05-26T18:32:06.822505Z,miss,7,6,,,,,miss sf=7 seq=6
2026-05-26T18:32:07.127167Z,miss,7,7,,,,,miss sf=7 seq=7
2026-05-26T18:32:07.431607Z,miss,7,8,,,,,miss sf=7 seq=8
2026-05-26T18:32:07.736187Z,miss,7,9,,,,,miss sf=7 seq=9
2026-05-26T18:32:08.040787Z,miss,7,10,,,,,miss sf=7 seq=10
2026-05-26T18:32:08.345470Z,miss,7,11,,,,,miss sf=7 seq=11
2026-05-26T18:32:08.649632Z,miss,7,12,,,,,miss sf=7 seq=12
2026-05-26T18:32:08.954083Z,miss,7,13,,,,,miss sf=7 seq=13
2026-05-26T18:32:09.258870Z,miss,7,14,,,,,miss sf=7 seq=14
2026-05-26T18:32:09.563540Z,miss,7,15,,,,,miss sf=7 seq=15
2026-05-26T18:32:09.868117Z,miss,7,16,,,,,miss sf=7 seq=16
2026-05-26T18:32:10.172545Z,miss,7,17,,,,,miss sf=7 seq=17
2026-05-26T18:32:10.477270Z,miss,7,18,,,,,miss sf=7 seq=18
2026-05-26T18:32:10.781589Z,miss,7,19,,,,,miss sf=7 seq=19
2026-05-26T18:32:10.834857Z,info,,,,,,,=== SF7 summary: hits=0/20 per=100% (no link) ===
2026-05-26T18:32:11.832651Z,miss,8,0,,,,,miss sf=8 seq=0
2026-05-26T18:32:12.383310Z,miss,8,1,,,,,miss sf=8 seq=1
2026-05-26T18:32:12.933855Z,miss,8,2,,,,,miss sf=8 seq=2
2026-05-26T18:32:13.484369Z,miss,8,3,,,,,miss sf=8 seq=3
2026-05-26T18:32:14.034946Z,miss,8,4,,,,,miss sf=8 seq=4
2026-05-26T18:32:14.585615Z,miss,8,5,,,,,miss sf=8 seq=5
2026-05-26T18:32:15.136068Z,miss,8,6,,,,,miss sf=8 seq=6
2026-05-26T18:32:15.686622Z,miss,8,7,,,,,miss sf=8 seq=7
2026-05-26T18:32:16.237156Z,miss,8,8,,,,,miss sf=8 seq=8
2026-05-26T18:32:16.787759Z,miss,8,9,,,,,miss sf=8 seq=9
2026-05-26T18:32:17.338434Z,miss,8,10,,,,,miss sf=8 seq=10
2026-05-26T18:32:17.889062Z,miss,8,11,,,,,miss sf=8 seq=11
2026-05-26T18:32:18.439595Z,miss,8,12,,,,,miss sf=8 seq=12
2026-05-26T18:32:18.990233Z,miss,8,13,,,,,miss sf=8 seq=13
2026-05-26T18:32:19.540724Z,miss,8,14,,,,,miss sf=8 seq=14
2026-05-26T18:32:20.091283Z,miss,8,15,,,,,miss sf=8 seq=15
2026-05-26T18:32:20.641916Z,miss,8,16,,,,,miss sf=8 seq=16
2026-05-26T18:32:21.192522Z,miss,8,17,,,,,miss sf=8 seq=17
2026-05-26T18:32:21.742897Z,miss,8,18,,,,,miss sf=8 seq=18
2026-05-26T18:32:22.293252Z,miss,8,19,,,,,miss sf=8 seq=19
2026-05-26T18:32:22.346691Z,info,,,,,,,=== SF8 summary: hits=0/20 per=100% (no link) ===
2026-05-26T18:32:23.816235Z,miss,9,0,,,,,miss sf=9 seq=0
2026-05-26T18:32:24.838430Z,miss,9,1,,,,,miss sf=9 seq=1
2026-05-26T18:32:25.860591Z,miss,9,2,,,,,miss sf=9 seq=2
2026-05-26T18:32:26.882669Z,miss,9,3,,,,,miss sf=9 seq=3
2026-05-26T18:32:27.904634Z,miss,9,4,,,,,miss sf=9 seq=4
2026-05-26T18:32:28.926957Z,miss,9,5,,,,,miss sf=9 seq=5
2026-05-26T18:32:29.948982Z,miss,9,6,,,,,miss sf=9 seq=6
2026-05-26T18:32:30.971178Z,miss,9,7,,,,,miss sf=9 seq=7
2026-05-26T18:32:31.993219Z,miss,9,8,,,,,miss sf=9 seq=8
2026-05-26T18:32:33.015478Z,miss,9,9,,,,,miss sf=9 seq=9
2026-05-26T18:32:34.037637Z,miss,9,10,,,,,miss sf=9 seq=10
2026-05-26T18:32:35.059838Z,miss,9,11,,,,,miss sf=9 seq=11
2026-05-26T18:32:36.081992Z,miss,9,12,,,,,miss sf=9 seq=12
2026-05-26T18:32:37.103943Z,miss,9,13,,,,,miss sf=9 seq=13
2026-05-26T18:32:38.126167Z,miss,9,14,,,,,miss sf=9 seq=14
2026-05-26T18:32:39.148268Z,miss,9,15,,,,,miss sf=9 seq=15
2026-05-26T18:32:40.170434Z,miss,9,16,,,,,miss sf=9 seq=16
2026-05-26T18:32:41.192663Z,miss,9,17,,,,,miss sf=9 seq=17
2026-05-26T18:32:42.214842Z,miss,9,18,,,,,miss sf=9 seq=18
2026-05-26T18:32:43.236829Z,miss,9,19,,,,,miss sf=9 seq=19
2026-05-26T18:32:45.723148Z,miss,10,0,,,,,=== SF9 summary: hits=0/20 per=100% (no link) ===miss sf=10 seq=0
2026-05-26T18:32:47.708937Z,miss,10,1,,,,,miss sf=10 seq=1
2026-05-26T18:32:49.694717Z,miss,10,2,,,,,miss sf=10 seq=2
2026-05-26T18:32:51.680553Z,miss,10,3,,,,,miss sf=10 seq=3
2026-05-26T18:32:53.666282Z,miss,10,4,,,,,miss sf=10 seq=4
2026-05-26T18:32:55.652075Z,miss,10,5,,,,,miss sf=10 seq=5
2026-05-26T18:32:57.637707Z,miss,10,6,,,,,miss sf=10 seq=6
2026-05-26T18:32:59.623454Z,miss,10,7,,,,,miss sf=10 seq=7
2026-05-26T18:33:01.609198Z,miss,10,8,,,,,miss sf=10 seq=8
2026-05-26T18:33:03.594927Z,miss,10,9,,,,,miss sf=10 seq=9
2026-05-26T18:33:05.580765Z,miss,10,10,,,,,miss sf=10 seq=10
2026-05-26T18:33:07.566589Z,miss,10,11,,,,,miss sf=10 seq=11
2026-05-26T18:33:09.552223Z,miss,10,12,,,,,miss sf=10 seq=12
2026-05-26T18:33:11.538014Z,miss,10,13,,,,,miss sf=10 seq=13
2026-05-26T18:33:13.523830Z,miss,10,14,,,,,miss sf=10 seq=14
2026-05-26T18:33:15.509611Z,miss,10,15,,,,,miss sf=10 seq=15
2026-05-26T18:33:17.495315Z,miss,10,16,,,,,miss sf=10 seq=16
2026-05-26T18:33:19.480921Z,miss,10,17,,,,,miss sf=10 seq=17
2026-05-26T18:33:21.466667Z,miss,10,18,,,,,miss sf=10 seq=18
2026-05-26T18:33:23.452179Z,miss,10,19,,,,,miss sf=10 seq=19
2026-05-26T18:33:23.505571Z,info,,,,,,,=== SF10 summary: hits=0/20 per=100% (no link) ===
2026-05-26T18:33:27.865975Z,miss,11,0,,,,,miss sf=11 seq=0
2026-05-26T18:33:31.778705Z,miss,11,1,,,,,miss sf=11 seq=1
2026-05-26T18:33:35.691976Z,miss,11,2,,,,,miss sf=11 seq=2
2026-05-26T18:33:39.604925Z,miss,11,3,,,,,miss sf=11 seq=3
2026-05-26T18:33:43.517761Z,miss,11,4,,,,,miss sf=11 seq=4
2026-05-26T18:33:47.430694Z,miss,11,5,,,,,miss sf=11 seq=5
2026-05-26T18:33:51.343734Z,miss,11,6,,,,,miss sf=11 seq=6
2026-05-26T18:33:55.256626Z,miss,11,7,,,,,miss sf=11 seq=7
2026-05-26T18:33:59.169633Z,miss,11,8,,,,,miss sf=11 seq=8
2026-05-26T18:34:03.082702Z,miss,11,9,,,,,miss sf=11 seq=9
2026-05-26T18:34:06.995750Z,miss,11,10,,,,,miss sf=11 seq=10
2026-05-26T18:34:10.908747Z,miss,11,11,,,,,miss sf=11 seq=11
2026-05-26T18:34:14.821635Z,miss,11,12,,,,,miss sf=11 seq=12
2026-05-26T18:34:18.734570Z,miss,11,13,,,,,miss sf=11 seq=13
2026-05-26T18:34:22.647529Z,miss,11,14,,,,,miss sf=11 seq=14
2026-05-26T18:34:26.560455Z,miss,11,15,,,,,miss sf=11 seq=15
2026-05-26T18:34:30.473310Z,miss,11,16,,,,,miss sf=11 seq=16
2026-05-26T18:34:34.386446Z,miss,11,17,,,,,miss sf=11 seq=17
2026-05-26T18:34:38.299222Z,miss,11,18,,,,,miss sf=11 seq=18
2026-05-26T18:34:42.212379Z,miss,11,19,,,,,miss sf=11 seq=19
2026-05-26T18:34:42.265440Z,info,,,,,,,=== SF11 summary: hits=0/20 per=100% (no link) ===
2026-05-26T18:34:50.480277Z,miss,12,0,,,,,miss sf=12 seq=0
2026-05-26T18:34:58.247620Z,miss,12,1,,,,,miss sf=12 seq=1
2026-05-26T18:35:06.014895Z,miss,12,2,,,,,miss sf=12 seq=2
2026-05-26T18:35:13.782326Z,miss,12,3,,,,,miss sf=12 seq=3
2026-05-26T18:35:21.549698Z,miss,12,4,,,,,miss sf=12 seq=4
2026-05-26T18:35:29.317058Z,miss,12,5,,,,,miss sf=12 seq=5
2026-05-26T18:35:37.084408Z,miss,12,6,,,,,miss sf=12 seq=6
2026-05-26T18:35:44.851869Z,miss,12,7,,,,,miss sf=12 seq=7
2026-05-26T18:35:52.618999Z,miss,12,8,,,,,miss sf=12 seq=8
2026-05-26T18:36:00.386515Z,miss,12,9,,,,,miss sf=12 seq=9
2026-05-26T18:36:08.154072Z,miss,12,10,,,,,miss sf=12 seq=10
2026-05-26T18:36:15.921464Z,miss,12,11,,,,,miss sf=12 seq=11
2026-05-26T18:36:23.688783Z,miss,12,12,,,,,miss sf=12 seq=12
2026-05-26T18:36:31.456163Z,miss,12,13,,,,,miss sf=12 seq=13
2026-05-26T18:36:39.223657Z,miss,12,14,,,,,miss sf=12 seq=14
2026-05-26T18:36:46.991088Z,miss,12,15,,,,,miss sf=12 seq=15
2026-05-26T18:36:54.758414Z,miss,12,16,,,,,miss sf=12 seq=16
2026-05-26T18:37:02.525768Z,miss,12,17,,,,,miss sf=12 seq=17
2026-05-26T18:37:10.293070Z,miss,12,18,,,,,miss sf=12 seq=18
2026-05-26T18:37:18.060501Z,miss,12,19,,,,,miss sf=12 seq=19
2026-05-26T18:37:18.113665Z,info,,,,,,,=== SF12 summary: hits=0/20 per=100% (no link) ===
2026-05-26T18:37:18.865440Z,miss,7,0,,,,,miss sf=7 seq=0
2026-05-26T18:37:19.170064Z,miss,7,1,,,,,miss sf=7 seq=1
2026-05-26T18:37:19.474481Z,miss,7,2,,,,,miss sf=7 seq=2
2026-05-26T18:37:19.779129Z,miss,7,3,,,,,miss sf=7 seq=3
2026-05-26T18:37:20.083680Z,miss,7,4,,,,,miss sf=7 seq=4
2026-05-26T18:37:20.388211Z,miss,7,5,,,,,miss sf=7 seq=5
2026-05-26T18:37:20.692716Z,miss,7,6,,,,,miss sf=7 seq=6
2026-05-26T18:37:20.997453Z,miss,7,7,,,,,miss sf=7 seq=7
2026-05-26T18:37:21.301792Z,miss,7,8,,,,,miss sf=7 seq=8
2026-05-26T18:37:21.606399Z,miss,7,9,,,,,miss sf=7 seq=9
2026-05-26T18:37:21.911027Z,miss,7,10,,,,,miss sf=7 seq=10
2026-05-26T18:37:22.215538Z,miss,7,11,,,,,miss sf=7 seq=11
2026-05-26T18:37:22.520117Z,miss,7,12,,,,,miss sf=7 seq=12
2026-05-26T18:37:22.824747Z,miss,7,13,,,,,miss sf=7 seq=13
2026-05-26T18:37:23.129359Z,miss,7,14,,,,,miss sf=7 seq=14
2026-05-26T18:37:23.433827Z,miss,7,15,,,,,miss sf=7 seq=15
2026-05-26T18:37:23.738426Z,miss,7,16,,,,,miss sf=7 seq=16
2026-05-26T18:37:24.042963Z,miss,7,17,,,,,miss sf=7 seq=17
2026-05-26T18:37:24.347466Z,miss,7,18,,,,,miss sf=7 seq=18
2026-05-26T18:37:24.651915Z,miss,7,19,,,,,miss sf=7 seq=19
2026-05-26T18:37:24.705122Z,info,,,,,,,=== SF7 summary: hits=0/20 per=100% (no link) ===
2026-05-26T18:37:25.703243Z,miss,8,0,,,,,miss sf=8 seq=0
2026-05-26T18:37:26.253656Z,miss,8,1,,,,,miss sf=8 seq=1
2026-05-26T18:37:26.803982Z,miss,8,2,,,,,miss sf=8 seq=2
2026-05-26T18:37:27.354811Z,miss,8,3,,,,,miss sf=8 seq=3
2026-05-26T18:37:27.905483Z,miss,8,4,,,,,miss sf=8 seq=4
2026-05-26T18:37:28.455922Z,miss,8,5,,,,,miss sf=8 seq=5
2026-05-26T18:37:29.006529Z,miss,8,6,,,,,miss sf=8 seq=6
2026-05-26T18:37:29.557102Z,miss,8,7,,,,,miss sf=8 seq=7
2026-05-26T18:37:30.107676Z,miss,8,8,,,,,miss sf=8 seq=8
2026-05-26T18:37:30.658272Z,miss,8,9,,,,,miss sf=8 seq=9
2026-05-26T18:37:31.208952Z,miss,8,10,,,,,miss sf=8 seq=10
2026-05-26T18:37:31.759545Z,miss,8,11,,,,,miss sf=8 seq=11
2026-05-26T18:37:32.309899Z,miss,8,12,,,,,miss sf=8 seq=12
2026-05-26T18:37:32.860690Z,miss,8,13,,,,,miss sf=8 seq=13
2026-05-26T18:37:33.411208Z,miss,8,14,,,,,miss sf=8 seq=14
2026-05-26T18:37:33.961768Z,miss,8,15,,,,,miss sf=8 seq=15
2026-05-26T18:37:34.512390Z,miss,8,16,,,,,miss sf=8 seq=16
2026-05-26T18:37:35.062882Z,miss,8,17,,,,,miss sf=8 seq=17
2026-05-26T18:37:35.613425Z,miss,8,18,,,,,miss sf=8 seq=18
2026-05-26T18:37:36.164111Z,miss,8,19,,,,,miss sf=8 seq=19
2026-05-26T18:37:36.215525Z,info,,,,,,,=== SF8 summary: hits=0/20 per=
2026-05-26T18:37:37.686613Z,miss,9,0,,,,,miss sf=9 seq=0
2026-05-26T18:37:38.708931Z,miss,9,1,,,,,miss sf=9 seq=1
2026-05-26T18:37:39.730926Z,miss,9,2,,,,,miss sf=9 seq=2
2026-05-26T18:37:40.753029Z,miss,9,3,,,,,miss sf=9 seq=3
2026-05-26T18:37:41.775221Z,miss,9,4,,,,,miss sf=9 seq=4
2026-05-26T18:37:42.797343Z,miss,9,5,,,,,miss sf=9 seq=5
2026-05-26T18:37:43.819393Z,miss,9,6,,,,,miss sf=9 seq=6
2026-05-26T18:37:44.841232Z,miss,9,7,,,,,miss sf=9 seq=7
2026-05-26T18:37:45.863710Z,miss,9,8,,,,,miss sf=9 seq=8
2026-05-26T18:37:46.885814Z,miss,9,9,,,,,miss sf=9 seq=9
2026-05-26T18:37:47.908086Z,miss,9,10,,,,,miss sf=9 seq=10
2026-05-26T18:37:48.930319Z,miss,9,11,,,,,miss sf=9 seq=11
2026-05-26T18:37:49.952249Z,miss,9,12,,,,,miss sf=9 seq=12
2026-05-26T18:37:50.974509Z,miss,9,13,,,,,miss sf=9 seq=13
2026-05-26T18:37:51.996542Z,miss,9,14,,,,,miss sf=9 seq=14
2026-05-26T18:37:53.018788Z,miss,9,15,,,,,miss sf=9 seq=15
2026-05-26T18:37:54.040738Z,miss,9,16,,,,,miss sf=9 seq=16
2026-05-26T18:37:55.063053Z,miss,9,17,,,,,miss sf=9 seq=17
2026-05-26T18:37:56.084945Z,miss,9,18,,,,,miss sf=9 seq=18
2026-05-26T18:37:57.107121Z,miss,9,19,,,,,miss sf=9 seq=19
2026-05-26T18:37:57.160287Z,info,,,,,,,=== SF9 summary: hits=0/20 per=100% (no link) ===
2026-05-26T18:37:59.593702Z,miss,10,0,,,,,miss sf=10 seq=0
2026-05-26T18:38:01.579379Z,miss,10,1,,,,,miss sf=10 seq=1
2026-05-26T18:38:03.565209Z,miss,10,2,,,,,miss sf=10 seq=2
2026-05-26T18:38:05.550864Z,miss,10,3,,,,,miss sf=10 seq=3
2026-05-26T18:38:07.536595Z,miss,10,4,,,,,miss sf=10 seq=4
2026-05-26T18:38:09.522381Z,miss,10,5,,,,,miss sf=10 seq=5
2026-05-26T18:38:11.508096Z,miss,10,6,,,,,miss sf=10 seq=6
2026-05-26T18:38:13.493823Z,miss,10,7,,,,,miss sf=10 seq=7
2026-05-26T18:38:15.479159Z,miss,10,8,,,,,miss sf=10 seq=8
2026-05-26T18:38:17.465330Z,miss,10,9,,,,,miss sf=10 seq=9
2026-05-26T18:38:19.451263Z,miss,10,10,,,,,miss sf=10 seq=10
2026-05-26T18:38:21.436881Z,miss,10,11,,,,,miss sf=10 seq=11
2026-05-26T18:38:23.422775Z,miss,10,12,,,,,miss sf=10 seq=12
2026-05-26T18:38:25.408365Z,miss,10,13,,,,,miss sf=10 seq=13
2026-05-26T18:38:27.394175Z,miss,10,14,,,,,miss sf=10 seq=14
2026-05-26T18:38:29.379893Z,miss,10,15,,,,,miss sf=10 seq=15
2026-05-26T18:38:31.365659Z,miss,10,16,,,,,miss sf=10 seq=16
2026-05-26T18:38:33.351364Z,miss,10,17,,,,,miss sf=10 seq=17
2026-05-26T18:38:35.337192Z,miss,10,18,,,,,miss sf=10 seq=18
2026-05-26T18:38:37.323063Z,miss,10,19,,,,,miss sf=10 seq=19
2026-05-26T18:38:37.376041Z,info,,,,,,,=== SF10 summary: hits=0/20 per=100% (no link) ===
2026-05-26T18:38:41.736575Z,miss,11,0,,,,,miss sf=11 seq=0
2026-05-26T18:38:45.649547Z,miss,11,1,,,,,miss sf=11 seq=1
2026-05-26T18:38:49.562436Z,miss,11,2,,,,,miss sf=11 seq=2
2026-05-26T18:38:53.467017Z,miss,11,3,,,,,miss sf=11 seq=3
2026-05-26T18:38:57.372976Z,miss,11,4,,,,,miss sf=11 seq=4
2026-05-26T18:39:01.280550Z,miss,11,5,,,,,miss sf=11 seq=5
2026-05-26T18:39:05.189176Z,miss,11,6,,,,,miss sf=11 seq=6
2026-05-26T18:39:09.098836Z,miss,11,7,,,,,miss sf=11 seq=7
2026-05-26T18:39:13.009199Z,miss,11,8,,,,,miss sf=11 seq=8
2026-05-26T18:39:16.920187Z,miss,11,9,,,,,miss sf=11 seq=9
2026-05-26T18:39:20.831591Z,miss,11,10,,,,,miss sf=11 seq=10
2026-05-26T18:39:24.743395Z,miss,11,11,,,,,miss sf=11 seq=11
2026-05-26T18:39:28.655144Z,miss,11,12,,,,,miss sf=11 seq=12
2026-05-26T18:39:32.567533Z,miss,11,13,,,,,miss sf=11 seq=13
2026-05-26T18:39:36.479930Z,miss,11,14,,,,,miss sf=11 seq=14
2026-05-26T18:39:40.392353Z,miss,11,15,,,,,miss sf=11 seq=15
2026-05-26T18:39:44.305046Z,miss,11,16,,,,,miss sf=11 seq=16
2026-05-26T18:39:48.217556Z,miss,11,17,,,,,miss sf=11 seq=17
2026-05-26T18:39:52.130281Z,miss,11,18,,,,,miss sf=11 seq=18
2026-05-26T18:39:56.043133Z,miss,11,19,,,,,miss sf=11 seq=19
2026-05-26T18:39:56.096267Z,info,,,,,,,=== SF11 summary: hits=0/20 per=100% (no link) ===
2026-05-26T18:40:04.310673Z,miss,12,0,,,,,miss sf=12 seq=0
2026-05-26T18:40:12.077844Z,miss,12,1,,,,,miss sf=12 seq=1
2026-05-26T18:40:19.845002Z,miss,12,2,,,,,miss sf=12 seq=2
2026-05-26T18:40:27.612339Z,miss,12,3,,,,,miss sf=12 seq=3
2026-05-26T18:40:35.379649Z,miss,12,4,,,,,miss sf=12 seq=4
2026-05-26T18:40:43.146823Z,miss,12,5,,,,,miss sf=12 seq=5
2026-05-26T18:40:50.914229Z,miss,12,6,,,,,miss sf=12 seq=6
2026-05-26T18:40:58.681436Z,miss,12,7,,,,,miss sf=12 seq=7
2026-05-26T18:41:06.448716Z,miss,12,8,,,,,miss sf=12 seq=8
2026-05-26T18:41:14.216025Z,miss,12,9,,,,,miss sf=12 seq=9
2026-05-26T18:41:21.983487Z,miss,12,10,,,,,miss sf=12 seq=10
2026-05-26T18:41:29.750791Z,miss,12,11,,,,,miss sf=12 seq=11
2026-05-26T18:41:35.874599Z,miss,12,12,,,,,miss sf=12 seq=12
2026-05-26T18:41:43.641752Z,miss,12,13,,,,,miss sf=12 seq=13
2026-05-26T18:41:51.409047Z,miss,12,14,,,,,miss sf=12 seq=14
2026-05-26T18:41:59.176443Z,miss,12,15,,,,,miss sf=12 seq=15
2026-05-26T18:42:06.943699Z,miss,12,16,,,,,miss sf=12 seq=16
2026-05-26T18:42:14.711073Z,miss,12,17,,,,,miss sf=12 seq=17
2026-05-26T18:42:22.478377Z,miss,12,18,,,,,miss sf=12 seq=18
2026-05-26T18:42:30.245688Z,miss,12,19,,,,,miss sf=12 seq=19
2026-05-26T18:42:30.298708Z,info,,,,,,,=== SF12 summary: hits=0/20 per=100% (no link) ===
2026-05-26T18:42:31.050635Z,miss,7,0,,,,,miss sf=7 seq=0
2026-05-26T18:42:31.354824Z,miss,7,1,,,,,miss sf=7 seq=1
2026-05-26T18:42:31.659390Z,miss,7,2,,,,,miss sf=7 seq=2
2026-05-26T18:42:31.963847Z,miss,7,3,,,,,miss sf=7 seq=3
2026-05-26T18:42:32.268566Z,miss,7,4,,,,,miss sf=7 seq=4
2026-05-26T18:42:32.573238Z,miss,7,5,,,,,miss sf=7 seq=5
2026-05-26T18:42:32.877741Z,miss,7,6,,,,,miss sf=7 seq=6
2026-05-26T18:42:33.182207Z,miss,7,7,,,,,miss sf=7 seq=7
2026-05-26T18:42:33.486808Z,miss,7,8,,,,,miss sf=7 seq=8
2026-05-26T18:42:33.791462Z,miss,7,9,,,,,miss sf=7 seq=9
2026-05-26T18:42:34.095925Z,miss,7,10,,,,,miss sf=7 seq=10
2026-05-26T18:42:34.400543Z,miss,7,11,,,,,miss sf=7 seq=11
2026-05-26T18:42:34.705058Z,miss,7,12,,,,,miss sf=7 seq=12
2026-05-26T18:42:35.009579Z,miss,7,13,,,,,miss sf=7 seq=13
2026-05-26T18:42:35.314307Z,miss,7,14,,,,,miss sf=7 seq=14
2026-05-26T18:42:35.618810Z,miss,7,15,,,,,miss sf=7 seq=15
2026-05-26T18:42:35.923374Z,miss,7,16,,,,,miss sf=7 seq=16
2026-05-26T18:42:36.227852Z,miss,7,17,,,,,miss sf=7 seq=17
2026-05-26T18:42:36.532420Z,miss,7,18,,,,,miss sf=7 seq=18
2026-05-26T18:42:36.836962Z,miss,7,19,,,,,miss sf=7 seq=19
2026-05-26T18:42:36.888537Z,info,,,,,,,=== SF7 summary: hits=0/20 pe
2026-05-26T18:42:37.887929Z,miss,8,0,,,,,miss sf=8 seq=0
2026-05-26T18:42:38.438480Z,miss,8,1,,,,,miss sf=8 seq=1
2026-05-26T18:42:38.989068Z,miss,8,2,,,,,miss sf=8 seq=2
2026-05-26T18:42:39.539609Z,miss,8,3,,,,,miss sf=8 seq=3
2026-05-26T18:42:40.090284Z,miss,8,4,,,,,miss sf=8 seq=4
2026-05-26T18:42:40.640796Z,miss,8,5,,,,,miss sf=8 seq=5
2026-05-26T18:42:41.191367Z,miss,8,6,,,,,miss sf=8 seq=6
2026-05-26T18:42:41.741939Z,miss,8,7,,,,,miss sf=8 seq=7
2026-05-26T18:42:42.292380Z,miss,8,8,,,,,miss sf=8 seq=8
2026-05-26T18:42:42.843048Z,miss,8,9,,,,,miss sf=8 seq=9
2026-05-26T18:42:43.393676Z,miss,8,10,,,,,miss sf=8 seq=10
2026-05-26T18:42:43.944318Z,miss,8,11,,,,,miss sf=8 seq=11
2026-05-26T18:42:44.494763Z,miss,8,12,,,,,miss sf=8 seq=12
2026-05-26T18:42:45.044941Z,miss,8,13,,,,,miss sf=8 seq=13
2026-05-26T18:42:45.595982Z,miss,8,14,,,,,miss sf=8 seq=14
2026-05-26T18:42:46.146438Z,miss,8,15,,,,,miss sf=8 seq=15
2026-05-26T18:42:46.696975Z,miss,8,16,,,,,miss sf=8 seq=16
2026-05-26T18:42:47.247572Z,miss,8,17,,,,,miss sf=8 seq=17
2026-05-26T18:42:47.798213Z,miss,8,18,,,,,miss sf=8 seq=18
2026-05-26T18:42:48.348762Z,miss,8,19,,,,,miss sf=8 seq=19
2026-05-26T18:42:48.402058Z,info,,,,,,,=== SF8 summary: hits=0/20 per=100% (no link) ===
2026-05-26T18:42:49.871223Z,miss,9,0,,,,,miss sf=9 seq=0
2026-05-26T18:42:50.893487Z,miss,9,1,,,,,miss sf=9 seq=1
2026-05-26T18:42:51.915655Z,miss,9,2,,,,,miss sf=9 seq=2
2026-05-26T18:42:52.937745Z,miss,9,3,,,,,miss sf=9 seq=3
2026-05-26T18:42:53.959860Z,miss,9,4,,,,,miss sf=9 seq=4
2026-05-26T18:42:54.982049Z,miss,9,5,,,,,miss sf=9 seq=5
2026-05-26T18:42:56.004032Z,miss,9,6,,,,,miss sf=9 seq=6
2026-05-26T18:42:57.026253Z,miss,9,7,,,,,miss sf=9 seq=7
2026-05-26T18:42:58.048251Z,miss,9,8,,,,,miss sf=9 seq=8
2026-05-26T18:42:59.070526Z,miss,9,9,,,,,miss sf=9 seq=9
2026-05-26T18:43:00.092593Z,miss,9,10,,,,,miss sf=9 seq=10
2026-05-26T18:43:01.114776Z,miss,9,11,,,,,miss sf=9 seq=11
2026-05-26T18:43:02.136855Z,miss,9,12,,,,,miss sf=9 seq=12
2026-05-26T18:43:03.159043Z,miss,9,13,,,,,miss sf=9 seq=13
2026-05-26T18:43:04.181204Z,miss,9,14,,,,,miss sf=9 seq=14
2026-05-26T18:43:05.203319Z,miss,9,15,,,,,miss sf=9 seq=15
2026-05-26T18:43:06.225420Z,miss,9,16,,,,,miss sf=9 seq=16
2026-05-26T18:43:07.247446Z,miss,9,17,,,,,miss sf=9 seq=17
2026-05-26T18:43:08.269613Z,miss,9,18,,,,,miss sf=9 seq=18
2026-05-26T18:43:09.291763Z,miss,9,19,,,,,miss sf=9 seq=19
2026-05-26T18:43:09.344830Z,info,,,,,,,=== SF9 summary: hits=0/20 per=100% (no link) ===
2026-05-26T18:43:11.778254Z,miss,10,0,,,,,miss sf=10 seq=0
2026-05-26T18:43:13.763899Z,miss,10,1,,,,,miss sf=10 seq=1
2026-05-26T18:43:15.749575Z,miss,10,2,,,,,miss sf=10 seq=2
2026-05-26T18:43:17.735396Z,miss,10,3,,,,,miss sf=10 seq=3
2026-05-26T18:43:19.720716Z,miss,10,4,,,,,miss sf=10 seq=4
2026-05-26T18:43:21.706854Z,miss,10,5,,,,,miss sf=10 seq=5
2026-05-26T18:43:23.692472Z,miss,10,6,,,,,miss sf=10 seq=6
2026-05-26T18:43:25.678328Z,miss,10,7,,,,,miss sf=10 seq=7
2026-05-26T18:43:27.663929Z,miss,10,8,,,,,miss sf=10 seq=8
2026-05-26T18:43:29.649750Z,miss,10,9,,,,,miss sf=10 seq=9
2026-05-26T18:43:31.635450Z,miss,10,10,,,,,miss sf=10 seq=10
2026-05-26T18:43:33.621162Z,miss,10,11,,,,,miss sf=10 seq=11
2026-05-26T18:43:35.606479Z,info,,,,,,,mi10 seq=12
2026-05-26T18:43:37.592622Z,miss,10,13,,,,,miss sf=10 seq=13
2026-05-26T18:43:39.578472Z,miss,10,14,,,,,miss sf=10 seq=14
2026-05-26T18:43:41.564098Z,miss,10,15,,,,,miss sf=10 seq=15
2026-05-26T18:43:43.549856Z,miss,10,16,,,,,miss sf=10 seq=16
2026-05-26T18:43:45.535474Z,miss,10,17,,,,,miss sf=10 seq=17
2026-05-26T18:43:47.521334Z,miss,10,18,,,,,miss sf=10 seq=18
2026-05-26T18:43:49.506822Z,miss,10,19,,,,,miss sf=10 seq=19
2026-05-26T18:43:49.560024Z,info,,,,,,,=== SF10 summary: hits=0/20 per=100% (no link) ===
2026-05-26T18:43:53.920530Z,miss,11,0,,,,,miss sf=11 seq=0
2026-05-26T18:43:57.833147Z,miss,11,1,,,,,miss sf=11 seq=1
2026-05-26T18:44:01.746273Z,miss,11,2,,,,,miss sf=11 seq=2
2026-05-26T18:44:05.659108Z,miss,11,3,,,,,miss sf=11 seq=3
2026-05-26T18:44:09.571938Z,miss,11,4,,,,,miss sf=11 seq=4
2026-05-26T18:44:13.484896Z,miss,11,5,,,,,miss sf=11 seq=5
2026-05-26T18:44:17.397926Z,miss,11,6,,,,,miss sf=11 seq=6
2026-05-26T18:44:21.310773Z,miss,11,7,,,,,miss sf=11 seq=7
2026-05-26T18:44:25.223573Z,miss,11,8,,,,,miss sf=11 seq=8
2026-05-26T18:44:29.136635Z,miss,11,9,,,,,miss sf=11 seq=9
2026-05-26T18:44:33.049634Z,miss,11,10,,,,,miss sf=11 seq=10
2026-05-26T18:44:36.962669Z,miss,11,11,,,,,miss sf=11 seq=11
2026-05-26T18:44:40.875450Z,miss,11,12,,,,,miss sf=11 seq=12
2026-05-26T18:44:44.788351Z,miss,11,13,,,,,miss sf=11 seq=13
2026-05-26T18:44:48.701336Z,miss,11,14,,,,,miss sf=11 seq=14
2026-05-26T18:44:52.614257Z,miss,11,15,,,,,miss sf=11 seq=15
2026-05-26T18:44:56.527209Z,miss,11,16,,,,,miss sf=11 seq=16
2026-05-26T18:45:00.440137Z,miss,11,17,,,,,miss sf=11 seq=17
2026-05-26T18:45:04.353005Z,miss,11,18,,,,,miss sf=11 seq=18
2026-05-26T18:45:08.266Z,miss,11,19,,,,,miss sf=11 seq=19
2026-05-26T18:45:08.318979Z,info,,,,,,,=== SF11 summary: hits=0/20 per=100% (no link) ===
2026-05-26T18:45:16.533748Z,miss,12,0,,,,,miss sf=12 seq=0
2026-05-26T18:45:24.301147Z,miss,12,1,,,,,miss sf=12 seq=1
2026-05-26T18:45:32.068225Z,miss,12,2,,,,,miss sf=12 seq=2
2026-05-26T18:45:39.835799Z,miss,12,3,,,,,miss sf=12 seq=3
2026-05-26T18:45:47.603039Z,miss,12,4,,,,,miss sf=12 seq=4
2026-05-26T18:45:55.370128Z,miss,12,5,,,,,miss sf=12 seq=5
2026-05-26T18:46:03.137545Z,miss,12,6,,,,,miss sf=12 seq=6
2026-05-26T18:46:10.904814Z,miss,12,7,,,,,miss sf=12 seq=7
2026-05-26T18:46:18.672377Z,miss,12,8,,,,,miss sf=12 seq=8
2026-05-26T18:46:26.439538Z,miss,12,9,,,,,miss sf=12 seq=9
2026-05-26T18:46:34.206932Z,miss,12,10,,,,,miss sf=12 seq=10
2026-05-26T18:46:41.974165Z,miss,12,11,,,,,miss sf=12 seq=11
2026-05-26T18:46:49.741600Z,miss,12,12,,,,,miss sf=12 seq=12
2026-05-26T18:46:57.508827Z,miss,12,13,,,,,miss sf=12 seq=13
2026-05-26T18:47:05.276120Z,miss,12,14,,,,,miss sf=12 seq=14
2026-05-26T18:47:13.043456Z,miss,12,15,,,,,miss sf=12 seq=15
2026-05-26T18:47:20.810829Z,miss,12,16,,,,,miss sf=12 seq=16
2026-05-26T18:47:28.578057Z,miss,12,17,,,,,miss sf=12 seq=17
2026-05-26T18:47:36.345059Z,miss,12,18,,,,,miss sf=12 seq=18
2026-05-26T18:47:44.112679Z,miss,12,19,,,,,miss sf=12 seq=19
2026-05-26T18:47:44.164672Z,info,,,,,,,=== SF12 summary: hits=0/20 per=100%
2026-05-26T18:47:44.917621Z,miss,7,0,,,,,miss sf=7 seq=0
2026-05-26T18:47:45.221818Z,miss,7,1,,,,,miss sf=7 seq=1
2026-05-26T18:47:45.526672Z,miss,7,2,,,,,miss sf=7 seq=2
2026-05-26T18:47:45.831150Z,miss,7,3,,,,,miss sf=7 seq=3
2026-05-26T18:47:46.135704Z,miss,7,4,,,,,miss sf=7 seq=4
2026-05-26T18:47:46.440206Z,miss,7,5,,,,,miss sf=7 seq=5
2026-05-26T18:47:46.744783Z,miss,7,6,,,,,miss sf=7 seq=6
2026-05-26T18:47:47.049381Z,miss,7,7,,,,,miss sf=7 seq=7
2026-05-26T18:47:47.353918Z,miss,7,8,,,,,miss sf=7 seq=8
2026-05-26T18:47:47.658434Z,miss,7,9,,,,,miss sf=7 seq=9
2026-05-26T18:47:47.963058Z,miss,7,10,,,,,miss sf=7 seq=10
2026-05-26T18:47:48.267504Z,miss,7,11,,,,,miss sf=7 seq=11
2026-05-26T18:47:48.572111Z,miss,7,12,,,,,miss sf=7 seq=12
2026-05-26T18:47:48.876798Z,miss,7,13,,,,,miss sf=7 seq=13
2026-05-26T18:47:49.181342Z,miss,7,14,,,,,miss sf=7 seq=14
2026-05-26T18:47:49.485824Z,miss,7,15,,,,,miss sf=7 seq=15
2026-05-26T18:47:49.790430Z,miss,7,16,,,,,miss sf=7 seq=16
2026-05-26T18:47:50.094887Z,miss,7,17,,,,,miss sf=7 seq=17
2026-05-26T18:47:50.399399Z,miss,7,18,,,,,miss sf=7 seq=18
2026-05-26T18:47:50.704188Z,miss,7,19,,,,,miss sf=7 seq=19
2026-05-26T18:47:50.757148Z,info,,,,,,,=== SF7 summary: hits=0/20 per=100% (no link) ===
2026-05-26T18:47:51.755169Z,miss,8,0,,,,,miss sf=8 seq=0
2026-05-26T18:47:52.305771Z,miss,8,1,,,,,miss sf=8 seq=1
2026-05-26T18:47:52.856238Z,miss,8,2,,,,,miss sf=8 seq=2
2026-05-26T18:47:53.406884Z,miss,8,3,,,,,miss sf=8 seq=3
2026-05-26T18:47:53.957447Z,miss,8,4,,,,,miss sf=8 seq=4
2026-05-26T18:47:54.507886Z,miss,8,5,,,,,miss sf=8 seq=5
2026-05-26T18:47:55.058537Z,miss,8,6,,,,,miss sf=8 seq=6
2026-05-26T18:47:55.609161Z,miss,8,7,,,,,miss sf=8 seq=7
2026-05-26T18:47:56.159696Z,miss,8,8,,,,,miss sf=8 seq=8
2026-05-26T18:47:56.709963Z,miss,8,9,,,,,miss sf=8 seq=9
2026-05-26T18:47:57.260852Z,miss,8,10,,,,,miss sf=8 seq=10
2026-05-26T18:47:57.811433Z,miss,8,11,,,,,miss sf=8 seq=11
2026-05-26T18:47:58.361849Z,miss,8,12,,,,,miss sf=8 seq=12
2026-05-26T18:47:58.912474Z,miss,8,13,,,,,miss sf=8 seq=13
2026-05-26T18:47:59.463021Z,miss,8,14,,,,,miss sf=8 seq=14
2026-05-26T18:48:00.013240Z,miss,8,15,,,,,miss sf=8 seq=15
2026-05-26T18:48:00.564034Z,miss,8,16,,,,,miss sf=8 seq=16
2026-05-26T18:48:01.114732Z,miss,8,17,,,,,miss sf=8 seq=17
2026-05-26T18:48:01.665336Z,miss,8,18,,,,,miss sf=8 seq=18
2026-05-26T18:48:02.215655Z,miss,8,19,,,,,miss sf=8 seq=19
2026-05-26T18:48:02.268912Z,info,,,,,,,=== SF8 summary: hits=0/20 per=100% (no link) ===
2026-05-26T18:48:03.738519Z,miss,9,0,,,,,miss sf=9 seq=0
2026-05-26T18:48:04.760613Z,miss,9,1,,,,,miss sf=9 seq=1
2026-05-26T18:48:05.782763Z,miss,9,2,,,,,miss sf=9 seq=2
2026-05-26T18:48:06.804808Z,miss,9,3,,,,,miss sf=9 seq=3
2026-05-26T18:48:07.826768Z,miss,9,4,,,,,miss sf=9 seq=4
2026-05-26T18:48:08.848767Z,miss,9,5,,,,,miss sf=9 seq=5
2026-05-26T18:48:09.871149Z,miss,9,6,,,,,miss sf=9 seq=6
2026-05-26T18:48:10.893244Z,miss,9,7,,,,,miss sf=9 seq=7
2026-05-26T18:48:11.915430Z,miss,9,8,,,,,miss sf=9 seq=8
2026-05-26T18:48:12.937457Z,miss,9,9,,,,,miss sf=9 seq=9
2026-05-26T18:48:13.959622Z,miss,9,10,,,,,miss sf=9 seq=10
2026-05-26T18:48:14.981827Z,miss,9,11,,,,,miss sf=9 seq=11
2026-05-26T18:48:16.004009Z,miss,9,12,,,,,miss sf=9 seq=12
2026-05-26T18:48:17.026041Z,miss,9,13,,,,,miss sf=9 seq=13
2026-05-26T18:48:18.048114Z,miss,9,14,,,,,miss sf=9 seq=14
2026-05-26T18:48:19.070317Z,miss,9,15,,,,,miss sf=9 seq=15
2026-05-26T18:48:20.092423Z,miss,9,16,,,,,miss sf=9 seq=16
2026-05-26T18:48:21.114378Z,miss,9,17,,,,,miss sf=9 seq=17
2026-05-26T18:48:22.136609Z,miss,9,18,,,,,miss sf=9 seq=18
2026-05-26T18:48:23.158557Z,miss,9,19,,,,,miss sf=9 seq=19
2026-05-26T18:48:23.211983Z,info,,,,,,,=== SF9 summary: hits=0/20 per=100% (no link) ===
2026-05-26T18:48:25.644970Z,miss,10,0,,,,,miss sf=10 seq=0
2026-05-26T18:48:27.630765Z,miss,10,1,,,,,miss sf=10 seq=1
2026-05-26T18:48:29.616211Z,miss,10,2,,,,,miss sf=10 seq=2
2026-05-26T18:48:31.602275Z,miss,10,3,,,,,miss sf=10 seq=3
2026-05-26T18:48:33.587884Z,miss,10,4,,,,,miss sf=10 seq=4
2026-05-26T18:48:35.573649Z,miss,10,5,,,,,miss sf=10 seq=5
2026-05-26T18:48:37.559388Z,miss,10,6,,,,,miss sf=10 seq=6
2026-05-26T18:48:39.545091Z,miss,10,7,,,,,miss sf=10 seq=7
2026-05-26T18:48:41.530742Z,miss,10,8,,,,,miss sf=10 seq=8
2026-05-26T18:48:43.516606Z,miss,10,9,,,,,miss sf=10 seq=9
2026-05-26T18:48:45.502453Z,miss,10,10,,,,,miss sf=10 seq=10
2026-05-26T18:48:47.488095Z,miss,10,11,,,,,miss sf=10 seq=11
2026-05-26T18:48:49.473911Z,miss,10,12,,,,,miss sf=10 seq=12
2026-05-26T18:48:51.459494Z,miss,10,13,,,,,miss sf=10 seq=13
2026-05-26T18:48:53.445154Z,miss,10,14,,,,,miss sf=10 seq=14
2026-05-26T18:48:55.431019Z,miss,10,15,,,,,miss sf=10 seq=15
2026-05-26T18:48:57.416681Z,miss,10,16,,,,,miss sf=10 seq=16
2026-05-26T18:48:59.402416Z,miss,10,17,,,,,miss sf=10 seq=17
2026-05-26T18:49:01.388197Z,miss,10,18,,,,,miss sf=10 seq=18
2026-05-26T18:49:03.373789Z,miss,10,19,,,,,miss sf=10 seq=19
2026-05-26T18:49:03.426812Z,info,,,,,,,=== SF10 summary: hits=0/20 per=100% (no link) ===
2026-05-26T18:49:07.787232Z,miss,11,0,,,,,miss sf=11 seq=0
2026-05-26T18:49:11.700116Z,miss,11,1,,,,,miss sf=11 seq=1
2026-05-26T18:49:15.613150Z,miss,11,2,,,,,miss sf=11 seq=2
2026-05-26T18:49:19.525991Z,miss,11,3,,,,,miss sf=11 seq=3
2026-05-26T18:49:23.438823Z,miss,11,4,,,,,miss sf=11 seq=4
2026-05-26T18:49:27.351513Z,miss,11,5,,,,,miss sf=11 seq=5
2026-05-26T18:49:31.264674Z,miss,11,6,,,,,miss sf=11 seq=6
2026-05-26T18:49:35.177570Z,miss,11,7,,,,,miss sf=11 seq=7
2026-05-26T18:49:39.090431Z,miss,11,8,,,,,miss sf=11 seq=8
2026-05-26T18:49:43.003311Z,miss,11,9,,,,,miss sf=11 seq=9
2026-05-26T18:49:46.916305Z,miss,11,10,,,,,miss sf=11 seq=10
2026-05-26T18:49:50.829396Z,miss,11,11,,,,,miss sf=11 seq=11
2026-05-26T18:49:54.741852Z,miss,11,12,,,,,miss sf=11 seq=12
2026-05-26T18:49:56.374099Z,miss,11,13,,,,,miss sf=11 seq=13
2026-05-26T18:50:00.287087Z,miss,11,14,,,,,miss sf=11 seq=14
2026-05-26T18:50:04.200070Z,miss,11,15,,,,,miss sf=11 seq=15
2026-05-26T18:50:08.112924Z,miss,11,16,,,,,miss sf=11 seq=16
2026-05-26T18:50:12.025864Z,miss,11,17,,,,,miss sf=11 seq=17
2026-05-26T18:50:15.938758Z,miss,11,18,,,,,miss sf=11 seq=18
2026-05-26T18:50:19.851781Z,miss,11,19,,,,,miss sf=11 seq=19
2026-05-26T18:50:28.119506Z,miss,12,0,,,,,=== SF11 summary: hits=0/20 per=100% (no link) ===miss sf=12 seq=0
2026-05-26T18:50:35.886856Z,miss,12,1,,,,,miss sf=12 seq=1
2026-05-26T18:50:43.654094Z,miss,12,2,,,,,miss sf=12 seq=2
2026-05-26T18:50:51.421468Z,miss,12,3,,,,,miss sf=12 seq=3
2026-05-26T18:50:59.188717Z,miss,12,4,,,,,miss sf=12 seq=4
2026-05-26T18:51:06.956089Z,miss,12,5,,,,,miss sf=12 seq=5
2026-05-26T18:51:14.723436Z,miss,12,6,,,,,miss sf=12 seq=6
2026-05-26T18:51:22.490663Z,miss,12,7,,,,,miss sf=12 seq=7
2026-05-26T18:51:30.257880Z,miss,12,8,,,,,miss sf=12 seq=8
2026-05-26T18:51:38.025357Z,miss,12,9,,,,,miss sf=12 seq=9
2026-05-26T18:51:45.792729Z,miss,12,10,,,,,miss sf=12 seq=10
2026-05-26T18:51:53.560023Z,miss,12,11,,,,,miss sf=12 seq=11
2026-05-26T18:52:01.327254Z,miss,12,12,,,,,miss sf=12 seq=12
2026-05-26T18:52:09.094661Z,miss,12,13,,,,,miss sf=12 seq=13
2026-05-26T18:52:16.862006Z,miss,12,14,,,,,miss sf=12 seq=14
2026-05-26T18:52:24.629170Z,miss,12,15,,,,,miss sf=12 seq=15
2026-05-26T18:52:32.396410Z,miss,12,16,,,,,miss sf=12 seq=16
2026-05-26T18:52:40.163943Z,miss,12,17,,,,,miss sf=12 seq=17
2026-05-26T18:52:47.931133Z,miss,12,18,,,,,miss sf=12 seq=18
2026-05-26T18:52:55.698339Z,miss,12,19,,,,,miss sf=12 seq=19
2026-05-26T18:52:55.751549Z,info,,,,,,,=== SF12 summary: hits=0/20 per=100% (no link) ===
2026-05-26T18:52:56.503384Z,miss,7,0,,,,,miss sf=7 seq=0
2026-05-26T18:52:56.807780Z,miss,7,1,,,,,miss sf=7 seq=1
2026-05-26T18:52:57.112418Z,miss,7,2,,,,,miss sf=7 seq=2
2026-05-26T18:52:57.416903Z,miss,7,3,,,,,miss sf=7 seq=3
2026-05-26T18:52:57.721513Z,miss,7,4,,,,,miss sf=7 seq=4
2026-05-26T18:52:58.026162Z,miss,7,5,,,,,miss sf=7 seq=5
2026-05-26T18:52:58.330618Z,miss,7,6,,,,,miss sf=7 seq=6
2026-05-26T18:52:58.635021Z,miss,7,7,,,,,miss sf=7 seq=7
2026-05-26T18:52:58.939601Z,miss,7,8,,,,,miss sf=7 seq=8
2026-05-26T18:52:59.244119Z,miss,7,9,,,,,miss sf=7 seq=9
2026-05-26T18:52:59.548747Z,miss,7,10,,,,,miss sf=7 seq=10
2026-05-26T18:52:59.853401Z,miss,7,11,,,,,miss sf=7 seq=11
2026-05-26T18:53:00.157807Z,miss,7,12,,,,,miss sf=7 seq=12
2026-05-26T18:53:00.462551Z,miss,7,13,,,,,miss sf=7 seq=13
2026-05-26T18:53:00.767028Z,miss,7,14,,,,,miss sf=7 seq=14
2026-05-26T18:53:01.071538Z,miss,7,15,,,,,miss sf=7 seq=15
2026-05-26T18:53:01.376165Z,miss,7,16,,,,,miss sf=7 seq=16
2026-05-26T18:53:01.680702Z,miss,7,17,,,,,miss sf=7 seq=17
2026-05-26T18:53:01.985268Z,miss,7,18,,,,,miss sf=7 seq=18
2026-05-26T18:53:02.289797Z,miss,7,19,,,,,miss sf=7 seq=19
2026-05-26T18:53:02.342839Z,info,,,,,,,=== SF7 summary: hits=0/20 per=100% (no link) ===
2026-05-26T18:53:03.340868Z,miss,8,0,,,,,miss sf=8 seq=0
2026-05-26T18:53:03.891273Z,miss,8,1,,,,,miss sf=8 seq=1
2026-05-26T18:53:04.442068Z,miss,8,2,,,,,miss sf=8 seq=2
2026-05-26T18:53:04.992553Z,miss,8,3,,,,,miss sf=8 seq=3
2026-05-26T18:53:05.543132Z,miss,8,4,,,,,miss sf=8 seq=4
2026-05-26T18:53:06.093700Z,miss,8,5,,,,,miss sf=8 seq=5
2026-05-26T18:53:06.644268Z,miss,8,6,,,,,miss sf=8 seq=6
2026-05-26T18:53:07.194887Z,miss,8,7,,,,,miss sf=8 seq=7
2026-05-26T18:53:07.745366Z,miss,8,8,,,,,miss sf=8 seq=8
2026-05-26T18:53:08.295935Z,miss,8,9,,,,,miss sf=8 seq=9
2026-05-26T18:53:08.846269Z,miss,8,10,,,,,miss sf=8 seq=10
2026-05-26T18:53:09.397022Z,info,,,,,,,miss sf=8 seq11
2026-05-26T18:53:09.947663Z,miss,8,12,,,,,miss sf=8 seq=12
2026-05-26T18:53:10.498246Z,miss,8,13,,,,,miss sf=8 seq=13
2026-05-26T18:53:11.048880Z,miss,8,14,,,,,miss sf=8 seq=14
2026-05-26T18:53:11.599476Z,miss,8,15,,,,,miss sf=8 seq=15
2026-05-26T18:53:12.149972Z,miss,8,16,,,,,miss sf=8 seq=16
2026-05-26T18:53:12.700646Z,miss,8,17,,,,,miss sf=8 seq=17
2026-05-26T18:53:13.251177Z,miss,8,18,,,,,miss sf=8 seq=18
2026-05-26T18:53:13.801713Z,miss,8,19,,,,,miss sf=8 seq=19
2026-05-26T18:53:13.854704Z,info,,,,,,,=== SF8 summary: hits=0/20 per=100% (no link) ===
2026-05-26T18:53:15.324424Z,miss,9,0,,,,,miss sf=9 seq=0
2026-05-26T18:53:16.346473Z,miss,9,1,,,,,miss sf=9 seq=1
2026-05-26T18:53:17.368530Z,miss,9,2,,,,,miss sf=9 seq=2
2026-05-26T18:53:18.390646Z,miss,9,3,,,,,miss sf=9 seq=3
2026-05-26T18:53:19.412740Z,miss,9,4,,,,,miss sf=9 seq=4
2026-05-26T18:53:20.434781Z,miss,9,5,,,,,miss sf=9 seq=5
2026-05-26T18:53:21.457092Z,miss,9,6,,,,,miss sf=9 seq=6
2026-05-26T18:53:22.479241Z,miss,9,7,,,,,miss sf=9 seq=7
2026-05-26T18:53:23.501262Z,miss,9,8,,,,,miss sf=9 seq=8
2026-05-26T18:53:24.523345Z,miss,9,9,,,,,miss sf=9 seq=9
2026-05-26T18:53:25.545677Z,miss,9,10,,,,,miss sf=9 seq=10
2026-05-26T18:53:26.567793Z,miss,9,11,,,,,miss sf=9 seq=11
2026-05-26T18:53:27.589767Z,miss,9,12,,,,,miss sf=9 seq=12
2026-05-26T18:53:28.612049Z,miss,9,13,,,,,miss sf=9 seq=13
2026-05-26T18:53:29.634123Z,miss,9,14,,,,,miss sf=9 seq=14
2026-05-26T18:53:30.656240Z,miss,9,15,,,,,miss sf=9 seq=15
2026-05-26T18:53:31.678326Z,miss,9,16,,,,,miss sf=9 seq=16
2026-05-26T18:53:32.700564Z,miss,9,17,,,,,miss sf=9 seq=17
2026-05-26T18:53:33.722572Z,miss,9,18,,,,,miss sf=9 seq=18
2026-05-26T18:53:34.744720Z,miss,9,19,,,,,miss sf=9 seq=19
2026-05-26T18:53:34.797876Z,info,,,,,,,=== SF9 summary: hits=0/20 per=100% (no link) ===
2026-05-26T18:53:37.231229Z,miss,10,0,,,,,miss sf=10 seq=0
2026-05-26T18:53:39.216786Z,miss,10,1,,,,,miss sf=10 seq=1
2026-05-26T18:53:41.202502Z,miss,10,2,,,,,miss sf=10 seq=2
2026-05-26T18:53:43.188330Z,miss,10,3,,,,,miss sf=10 seq=3
2026-05-26T18:53:45.174035Z,miss,10,4,,,,,miss sf=10 seq=4
2026-05-26T18:53:47.159725Z,miss,10,5,,,,,miss sf=10 seq=5
2026-05-26T18:53:49.145428Z,miss,10,6,,,,,miss sf=10 seq=6
2026-05-26T18:53:51.131155Z,miss,10,7,,,,,miss sf=10 seq=7
2026-05-26T18:53:53.116870Z,miss,10,8,,,,,miss sf=10 seq=8
2026-05-26T18:53:55.102665Z,miss,10,9,,,,,miss sf=10 seq=9
2026-05-26T18:53:57.088503Z,miss,10,10,,,,,miss sf=10 seq=10
2026-05-26T18:53:59.074288Z,miss,10,11,,,,,miss sf=10 seq=11
2026-05-26T18:54:01.059945Z,miss,10,12,,,,,miss sf=10 seq=12
2026-05-26T18:54:03.045574Z,miss,10,13,,,,,miss sf=10 seq=13
2026-05-26T18:54:05.031258Z,miss,10,14,,,,,miss sf=10 seq=14
2026-05-26T18:54:07.017036Z,miss,10,15,,,,,miss sf=10 seq=15
2026-05-26T18:54:09.002770Z,miss,10,16,,,,,miss sf=10 seq=16
2026-05-26T18:54:10.988525Z,miss,10,17,,,,,miss sf=10 seq=17
2026-05-26T18:54:12.974352Z,miss,10,18,,,,,miss sf=10 seq=18
2026-05-26T18:54:14.960211Z,miss,10,19,,,,,miss sf=10 seq=19
2026-05-26T18:54:15.013188Z,info,,,,,,,=== SF10 summary: hits=0/20 per=100% (no link) ===
2026-05-26T18:54:19.373108Z,info,,,,,,,mi11 seq=0
2026-05-26T18:54:23.286551Z,miss,11,1,,,,,miss sf=11 seq=1
2026-05-26T18:54:27.199306Z,miss,11,2,,,,,miss sf=11 seq=2
2026-05-26T18:54:31.112368Z,miss,11,3,,,,,miss sf=11 seq=3
2026-05-26T18:54:35.025215Z,miss,11,4,,,,,miss sf=11 seq=4
2026-05-26T18:54:38.938116Z,miss,11,5,,,,,miss sf=11 seq=5
2026-05-26T18:54:42.851158Z,miss,11,6,,,,,miss sf=11 seq=6
2026-05-26T18:54:46.764055Z,miss,11,7,,,,,miss sf=11 seq=7
2026-05-26T18:54:50.676977Z,miss,11,8,,,,,miss sf=11 seq=8
2026-05-26T18:54:54.589880Z,miss,11,9,,,,,miss sf=11 seq=9
2026-05-26T18:54:58.502962Z,miss,11,10,,,,,miss sf=11 seq=10
2026-05-26T18:55:02.415711Z,miss,11,11,,,,,miss sf=11 seq=11
2026-05-26T18:55:06.328661Z,miss,11,12,,,,,miss sf=11 seq=12
2026-05-26T18:55:10.241420Z,miss,11,13,,,,,miss sf=11 seq=13
2026-05-26T18:55:14.154424Z,miss,11,14,,,,,miss sf=11 seq=14
2026-05-26T18:55:18.067439Z,miss,11,15,,,,,miss sf=11 seq=15
2026-05-26T18:55:21.980283Z,miss,11,16,,,,,miss sf=11 seq=16
2026-05-26T18:55:25.893060Z,miss,11,17,,,,,miss sf=11 seq=17
2026-05-26T18:55:29.806140Z,miss,11,18,,,,,miss sf=11 seq=18
2026-05-26T18:55:33.719098Z,miss,11,19,,,,,miss sf=11 seq=19
2026-05-26T18:55:33.771995Z,info,,,,,,,=== SF11 summary: hits=0/20 per=100% (no link) ===
2026-05-26T18:55:41.986938Z,miss,12,0,,,,,miss sf=12 seq=0
2026-05-26T18:55:49.754291Z,miss,12,1,,,,,miss sf=12 seq=1
2026-05-26T18:55:57.521602Z,miss,12,2,,,,,miss sf=12 seq=2
2026-05-26T18:56:05.288956Z,miss,12,3,,,,,miss sf=12 seq=3
2026-05-26T18:56:13.056179Z,miss,12,4,,,,,miss sf=12 seq=4
2026-05-26T18:56:20.823540Z,miss,12,5,,,,,miss sf=12 seq=5
2026-05-26T18:56:28.590645Z,miss,12,6,,,,,miss sf=12 seq=6
2026-05-26T18:56:30.191868Z,miss,12,7,,,,,miss sf=12 seq=7
2026-05-26T18:56:37.959338Z,miss,12,8,,,,,miss sf=12 seq=8
2026-05-26T18:56:45.726528Z,miss,12,9,,,,,miss sf=12 seq=9
2026-05-26T18:56:53.494031Z,miss,12,10,,,,,miss sf=12 seq=10
2026-05-26T18:57:01.261360Z,miss,12,11,,,,,miss sf=12 seq=11
2026-05-26T18:57:02.732303Z,miss,12,12,,,,,miss sf=12 seq=12
2026-05-26T18:57:10.499783Z,miss,12,13,,,,,miss sf=12 seq=13
2026-05-26T18:57:18.266940Z,miss,12,14,,,,,miss sf=12 seq=14
2026-05-26T18:57:26.034242Z,miss,12,15,,,,,miss sf=12 seq=15
2026-05-26T18:57:27.636530Z,miss,12,16,,,,,miss sf=12 seq=16
2026-05-26T18:57:35.403815Z,miss,12,17,,,,,miss sf=12 seq=17
2026-05-26T18:57:43.171090Z,miss,12,18,,,,,miss sf=12 seq=18
2026-05-26T18:57:50.938152Z,miss,12,19,,,,,miss sf=12 seq=19
2026-05-26T18:57:50.991467Z,info,,,,,,,=== SF12 summary: hits=0/20 per=100% (no link) ===
2026-05-26T18:57:51.743397Z,miss,7,0,,,,,miss sf=7 seq=0
2026-05-26T18:57:52.047949Z,miss,7,1,,,,,miss sf=7 seq=1
2026-05-26T18:57:52.352372Z,miss,7,2,,,,,miss sf=7 seq=2
2026-05-26T18:57:52.656982Z,miss,7,3,,,,,miss sf=7 seq=3
2026-05-26T18:57:52.961628Z,miss,7,4,,,,,miss sf=7 seq=4
2026-05-26T18:57:53.266193Z,miss,7,5,,,,,miss sf=7 seq=5
2026-05-26T18:57:53.570668Z,miss,7,6,,,,,miss sf=7 seq=6
2026-05-26T18:57:53.875262Z,miss,7,7,,,,,miss sf=7 seq=7
2026-05-26T18:57:54.179694Z,miss,7,8,,,,,miss sf=7 seq=8
2026-05-26T18:57:54.484239Z,miss,7,9,,,,,miss sf=7 seq=9
2026-05-26T18:57:54.789033Z,miss,7,10,,,,,miss sf=7 seq=10
2026-05-26T18:57:55.093585Z,miss,7,11,,,,,miss sf=7 seq=11
2026-05-26T18:57:55.398111Z,miss,7,12,,,,,miss sf=7 seq=12
2026-05-26T18:57:55.702611Z,miss,7,13,,,,,miss sf=7 seq=13
2026-05-26T18:57:56.007286Z,miss,7,14,,,,,miss sf=7 seq=14
2026-05-26T18:57:56.311634Z,miss,7,15,,,,,miss sf=7 seq=15
2026-05-26T18:57:56.616255Z,miss,7,16,,,,,miss sf=7 seq=16
2026-05-26T18:57:56.920658Z,miss,7,17,,,,,miss sf=7 seq=17
2026-05-26T18:57:57.225392Z,miss,7,18,,,,,miss sf=7 seq=18
2026-05-26T18:57:57.529941Z,miss,7,19,,,,,miss sf=7 seq=19
2026-05-26T18:57:57.583172Z,info,,,,,,,=== SF7 summary: hits=0/20 per=100% (no link) ===
2026-05-26T18:57:58.581168Z,miss,8,0,,,,,miss sf=8 seq=0
2026-05-26T18:57:59.131716Z,miss,8,1,,,,,miss sf=8 seq=1
2026-05-26T18:57:59.682242Z,miss,8,2,,,,,miss sf=8 seq=2
2026-05-26T18:58:00.232768Z,miss,8,3,,,,,miss sf=8 seq=3
2026-05-26T18:58:00.783437Z,miss,8,4,,,,,miss sf=8 seq=4
2026-05-26T18:58:01.334093Z,miss,8,5,,,,,miss sf=8 seq=5
2026-05-26T18:58:01.884419Z,miss,8,6,,,,,miss sf=8 seq=6
2026-05-26T18:58:02.434971Z,miss,8,7,,,,,miss sf=8 seq=7
2026-05-26T18:58:02.985637Z,miss,8,8,,,,,miss sf=8 seq=8
2026-05-26T18:58:03.536139Z,miss,8,9,,,,,miss sf=8 seq=9
2026-05-26T18:58:04.086866Z,miss,8,10,,,,,miss sf=8 seq=10
2026-05-26T18:58:04.637439Z,miss,8,11,,,,,miss sf=8 seq=11
2026-05-26T18:58:05.187962Z,miss,8,12,,,,,miss sf=8 seq=12
2026-05-26T18:58:05.738535Z,miss,8,13,,,,,miss sf=8 seq=13
2026-05-26T18:58:06.289149Z,miss,8,14,,,,,miss sf=8 seq=14
2026-05-26T18:58:06.839719Z,miss,8,15,,,,,miss sf=8 seq=15
2026-05-26T18:58:07.390265Z,miss,8,16,,,,,miss sf=8 seq=16
2026-05-26T18:58:07.940780Z,miss,8,17,,,,,miss sf=8 seq=17
2026-05-26T18:58:08.491462Z,miss,8,18,,,,,miss sf=8 seq=18
2026-05-26T18:58:09.041866Z,miss,8,19,,,,,miss sf=8 seq=19
2026-05-26T18:58:09.095083Z,info,,,,,,,=== SF8 summary: hits=0/20 per=100% (no link) ===
2026-05-26T18:58:10.564659Z,miss,9,0,,,,,miss sf=9 seq=0
2026-05-26T18:58:11.586723Z,miss,9,1,,,,,miss sf=9 seq=1
2026-05-26T18:58:12.608940Z,miss,9,2,,,,,miss sf=9 seq=2
2026-05-26T18:58:13.631129Z,miss,9,3,,,,,miss sf=9 seq=3
2026-05-26T18:58:14.653097Z,miss,9,4,,,,,miss sf=9 seq=4
2026-05-26T18:58:15.675299Z,miss,9,5,,,,,miss sf=9 seq=5
2026-05-26T18:58:16.697442Z,miss,9,6,,,,,miss sf=9 seq=6
2026-05-26T18:58:17.719458Z,miss,9,7,,,,,miss sf=9 seq=7
2026-05-26T18:58:18.741623Z,miss,9,8,,,,,miss sf=9 seq=8
2026-05-26T18:58:19.763829Z,miss,9,9,,,,,miss sf=9 seq=9
2026-05-26T18:58:20.785817Z,miss,9,10,,,,,miss sf=9 seq=10
2026-05-26T18:58:21.807980Z,miss,9,11,,,,,miss sf=9 seq=11
2026-05-26T18:58:22.830082Z,miss,9,12,,,,,miss sf=9 seq=12
2026-05-26T18:58:23.852411Z,miss,9,13,,,,,miss sf=9 seq=13
2026-05-26T18:58:24.874495Z,miss,9,14,,,,,miss sf=9 seq=14
2026-05-26T18:58:25.896482Z,miss,9,15,,,,,miss sf=9 seq=15
2026-05-26T18:58:26.918747Z,miss,9,16,,,,,miss sf=9 seq=16
2026-05-26T18:58:27.940820Z,miss,9,17,,,,,miss sf=9 seq=17
2026-05-26T18:58:28.962912Z,miss,9,18,,,,,miss sf=9 seq=18
2026-05-26T18:58:29.985033Z,miss,9,19,,,,,miss sf=9 seq=19
2026-05-26T18:58:30.038237Z,info,,,,,,,=== SF9 summary: hits=0/20 per=100% (no link) ===
2026-05-26T18:58:32.471273Z,miss,1,0,,,,,miss sf=1 seq=0
2026-05-26T18:58:34.457308Z,miss,10,1,,,,,miss sf=10 seq=1
2026-05-26T18:58:36.442910Z,miss,10,2,,,,,miss sf=10 seq=2
2026-05-26T18:58:38.428706Z,miss,10,3,,,,,miss sf=10 seq=3
2026-05-26T18:58:40.414493Z,miss,10,4,,,,,miss sf=10 seq=4
2026-05-26T18:58:42.400051Z,miss,10,5,,,,,miss sf=10 seq=5
2026-05-26T18:58:44.385779Z,miss,10,6,,,,,miss sf=10 seq=6
2026-05-26T18:58:46.371269Z,miss,10,7,,,,,miss sf=10 seq=7
2026-05-26T18:58:48.357212Z,miss,10,8,,,,,miss sf=10 seq=8
2026-05-26T18:58:50.343003Z,miss,10,9,,,,,miss sf=10 seq=9
2026-05-26T18:58:52.328749Z,miss,10,10,,,,,miss sf=10 seq=10
2026-05-26T18:58:54.314493Z,miss,10,11,,,,,miss sf=10 seq=11
2026-05-26T18:58:56.300116Z,miss,10,12,,,,,miss sf=10 seq=12
2026-05-26T18:58:58.285872Z,miss,10,13,,,,,miss sf=10 seq=13
2026-05-26T18:59:00.271570Z,miss,10,14,,,,,miss sf=10 seq=14
2026-05-26T18:59:02.257113Z,miss,10,15,,,,,miss sf=10 seq=15
2026-05-26T18:59:04.242964Z,miss,10,16,,,,,miss sf=10 seq=16
2026-05-26T18:59:06.228880Z,miss,10,17,,,,,miss sf=10 seq=17
2026-05-26T18:59:08.214337Z,miss,10,18,,,,,miss sf=10 seq=18
2026-05-26T18:59:10.200304Z,miss,10,19,,,,,miss sf=10 seq=19
2026-05-26T18:59:10.253251Z,info,,,,,,,=== SF10 summary: hits=0/20 per=100% (no link) ===
2026-05-26T18:59:14.613783Z,miss,11,0,,,,,miss sf=11 seq=0
2026-05-26T18:59:18.526725Z,miss,11,1,,,,,miss sf=11 seq=1
2026-05-26T18:59:22.439564Z,miss,11,2,,,,,miss sf=11 seq=2
2026-05-26T18:59:26.352493Z,miss,11,3,,,,,miss sf=11 seq=3
2026-05-26T18:59:30.265333Z,miss,11,4,,,,,miss sf=11 seq=4
2026-05-26T18:59:34.178402Z,miss,11,5,,,,,miss sf=11 seq=5
2026-05-26T18:59:38.091191Z,miss,11,6,,,,,miss sf=11 seq=6
2026-05-26T18:59:42.004187Z,miss,11,7,,,,,miss sf=11 seq=7
2026-05-26T18:59:45.917099Z,miss,11,8,,,,,miss sf=11 seq=8
2026-05-26T18:59:49.829958Z,miss,11,9,,,,,miss sf=11 seq=9
2026-05-26T18:59:53.742930Z,miss,11,10,,,,,miss sf=11 seq=10
2026-05-26T18:59:57.655953Z,miss,11,11,,,,,miss sf=11 seq=11
2026-05-26T19:00:01.568794Z,miss,11,12,,,,,miss sf=11 seq=12
2026-05-26T19:00:05.481775Z,miss,11,13,,,,,miss sf=11 seq=13
2026-05-26T19:00:09.394626Z,miss,11,14,,,,,miss sf=11 seq=14
2026-05-26T19:00:13.307448Z,miss,11,15,,,,,miss sf=11 seq=15
2026-05-26T19:00:17.220552Z,miss,11,16,,,,,miss sf=11 seq=16
2026-05-26T19:00:21.133436Z,miss,11,17,,,,,miss sf=11 seq=17
2026-05-26T19:00:25.046297Z,miss,11,18,,,,,miss sf=11 seq=18
2026-05-26T19:00:28.959220Z,miss,11,19,,,,,miss sf=11 seq=19
2026-05-26T19:00:29.012139Z,info,,,,,,,=== SF11 summary: hits=0/20 per=100% (no link) ===
2026-05-26T19:00:37.226826Z,miss,12,0,,,,,miss sf=12 seq=0
2026-05-26T19:00:44.994271Z,miss,12,1,,,,,miss sf=12 seq=1
2026-05-26T19:00:52.761501Z,miss,12,2,,,,,miss sf=12 seq=2
2026-05-26T19:01:00.528733Z,miss,12,3,,,,,miss sf=12 seq=3
2026-05-26T19:01:08.296156Z,miss,12,4,,,,,miss sf=12 seq=4
2026-05-26T19:01:16.063364Z,miss,12,5,,,,,miss sf=12 seq=5
2026-05-26T19:01:23.830727Z,miss,12,6,,,,,miss sf=12 seq=6
2026-05-26T19:01:31.597964Z,miss,12,7,,,,,miss sf=12 seq=7
2026-05-26T19:01:39.365329Z,miss,12,8,,,,,miss sf=12 seq=8
2026-05-26T19:01:47.132495Z,miss,12,9,,,,,miss sf=12 seq=9
2026-05-26T19:01:54.899998Z,miss,12,10,,,,,miss sf=12 seq=10
2026-05-26T19:02:02.667338Z,miss,12,11,,,,,miss sf=12 seq=11
2026-05-26T19:02:10.434603Z,miss,12,12,,,,,miss sf=12 seq=12
2026-05-26T19:02:18.201878Z,miss,12,13,,,,,miss sf=12 seq=13
2026-05-26T19:02:25.969279Z,miss,12,14,,,,,miss sf=12 seq=14
2026-05-26T19:02:33.736640Z,miss,12,15,,,,,miss sf=12 seq=15
2026-05-26T19:02:41.503805Z,miss,12,16,,,,,miss sf=12 seq=16
2026-05-26T19:02:43.039983Z,miss,12,17,,,,,miss sf=12 seq=17
2026-05-26T19:02:50.807391Z,miss,12,18,,,,,miss sf=12 seq=18
2026-05-26T19:02:58.574608Z,miss,12,19,,,,,miss sf=12 seq=19
2026-05-26T19:02:58.627728Z,info,,,,,,,=== SF12 summary: hits=0/20 per=100% (no link) ===
2026-05-26T19:02:59.379626Z,miss,7,0,,,,,miss sf=7 seq=0
2026-05-26T19:02:59.684140Z,miss,7,1,,,,,miss sf=7 seq=1
2026-05-26T19:02:59.988602Z,miss,7,2,,,,,miss sf=7 seq=2
2026-05-26T19:03:00.293207Z,miss,7,3,,,,,miss sf=7 seq=3
2026-05-26T19:03:00.597635Z,miss,7,4,,,,,miss sf=7 seq=4
2026-05-26T19:03:00.902330Z,miss,7,5,,,,,miss sf=7 seq=5
2026-05-26T19:03:01.206861Z,miss,7,6,,,,,miss sf=7 seq=6
2026-05-26T19:03:01.511277Z,miss,7,7,,,,,miss sf=7 seq=7
2026-05-26T19:03:01.815863Z,miss,7,8,,,,,miss sf=7 seq=8
2026-05-26T19:03:02.120398Z,miss,7,9,,,,,miss sf=7 seq=9
2026-05-26T19:03:02.424966Z,miss,7,10,,,,,miss sf=7 seq=10
2026-05-26T19:03:02.729546Z,miss,7,11,,,,,miss sf=7 seq=11
2026-05-26T19:03:03.034162Z,miss,7,12,,,,,miss sf=7 seq=12
2026-05-26T19:03:03.338597Z,miss,7,13,,,,,miss sf=7 seq=13
2026-05-26T19:03:03.643240Z,miss,7,14,,,,,miss sf=7 seq=14
2026-05-26T19:03:03.947842Z,miss,7,15,,,,,miss sf=7 seq=15
2026-05-26T19:03:04.252446Z,miss,7,16,,,,,miss sf=7 seq=16
2026-05-26T19:03:04.556967Z,miss,7,17,,,,,miss sf=7 seq=17
2026-05-26T19:03:04.861573Z,miss,7,18,,,,,miss sf=7 seq=18
2026-05-26T19:03:05.165768Z,miss,7,19,,,,,miss sf=7 seq=19
2026-05-26T19:03:05.219153Z,info,,,,,,,=== SF7 summary: hits=0/20 per=100% (no link) ===
2026-05-26T19:03:06.217128Z,miss,8,0,,,,,miss sf=8 seq=0
2026-05-26T19:03:06.767723Z,miss,8,1,,,,,miss sf=8 seq=1
2026-05-26T19:03:07.318344Z,miss,8,2,,,,,miss sf=8 seq=2
2026-05-26T19:03:07.868601Z,miss,8,3,,,,,miss sf=8 seq=3
2026-05-26T19:03:08.419426Z,miss,8,4,,,,,miss sf=8 seq=4
2026-05-26T19:03:08.969957Z,miss,8,5,,,,,miss sf=8 seq=5
2026-05-26T19:03:09.520455Z,miss,8,6,,,,,miss sf=8 seq=6
2026-05-26T19:03:10.071071Z,miss,8,7,,,,,miss sf=8 seq=7
2026-05-26T19:03:10.621693Z,miss,8,8,,,,,miss sf=8 seq=8
2026-05-26T19:03:11.172247Z,miss,8,9,,,,,miss sf=8 seq=9
2026-05-26T19:03:11.722935Z,miss,8,10,,,,,miss sf=8 seq=10
2026-05-26T19:03:12.273456Z,miss,8,11,,,,,miss sf=8 seq=11
2026-05-26T19:03:12.824099Z,miss,8,12,,,,,miss sf=8 seq=12
2026-05-26T19:03:13.374581Z,miss,8,13,,,,,miss sf=8 seq=13
2026-05-26T19:03:13.925103Z,miss,8,14,,,,,miss sf=8 seq=14
2026-05-26T19:03:14.475735Z,miss,8,15,,,,,miss sf=8 seq=15
2026-05-26T19:03:15.026347Z,miss,8,16,,,,,miss sf=8 seq=16
2026-05-26T19:03:15.576852Z,miss,8,17,,,,,miss sf=8 seq=17
2026-05-26T19:03:16.127349Z,miss,8,18,,,,,miss sf=8 seq=18
2026-05-26T19:03:16.677962Z,miss,8,19,,,,,miss sf=8 seq=19
2026-05-26T19:03:16.730357Z,info,,,,,,,=== SF8 summary: hits=0/20 per=100% (no l
2026-05-26T19:03:18.200596Z,miss,9,0,,,,,miss sf=9 seq=0
2026-05-26T19:03:19.222622Z,miss,9,1,,,,,miss sf=9 seq=1
2026-05-26T19:03:20.244872Z,miss,9,2,,,,,miss sf=9 seq=2
2026-05-26T19:03:21.266962Z,miss,9,3,,,,,miss sf=9 seq=3
2026-05-26T19:03:22.289066Z,miss,9,4,,,,,miss sf=9 seq=4
2026-05-26T19:03:23.311107Z,miss,9,5,,,,,miss sf=9 seq=5
2026-05-26T19:03:24.333236Z,miss,9,6,,,,,miss sf=9 seq=6
2026-05-26T19:03:25.355482Z,miss,9,7,,,,,miss sf=9 seq=7
2026-05-26T19:03:26.377542Z,miss,9,8,,,,,miss sf=9 seq=8
2026-05-26T19:03:27.399619Z,miss,9,9,,,,,miss sf=9 seq=9
2026-05-26T19:03:28.421946Z,miss,9,10,,,,,miss sf=9 seq=10
2026-05-26T19:03:29.443878Z,miss,9,11,,,,,miss sf=9 seq=11
2026-05-26T19:03:30.466063Z,miss,9,12,,,,,miss sf=9 seq=12
2026-05-26T19:03:31.488309Z,miss,9,13,,,,,miss sf=9 seq=13
2026-05-26T19:03:32.510280Z,miss,9,14,,,,,miss sf=9 seq=14
2026-05-26T19:03:33.532536Z,miss,9,15,,,,,miss sf=9 seq=15
2026-05-26T19:03:34.554669Z,miss,9,16,,,,,miss sf=9 seq=16
2026-05-26T19:03:35.576648Z,miss,9,17,,,,,miss sf=9 seq=17
2026-05-26T19:03:36.598658Z,miss,9,18,,,,,miss sf=9 seq=18
2026-05-26T19:03:37.620984Z,miss,9,19,,,,,miss sf=9 seq=19
2026-05-26T19:03:37.674111Z,info,,,,,,,=== SF9 summary: hits=0/20 per=100% (no link) ===
2026-05-26T19:03:40.107180Z,miss,10,0,,,,,miss sf=10 seq=0
2026-05-26T19:03:42.092978Z,miss,10,1,,,,,miss sf=10 seq=1
2026-05-26T19:03:44.078660Z,miss,10,2,,,,,miss sf=10 seq=2
2026-05-26T19:03:46.064509Z,miss,10,3,,,,,miss sf=10 seq=3
2026-05-26T19:03:48.050071Z,miss,10,4,,,,,miss sf=10 seq=4
2026-05-26T19:03:50.035875Z,miss,10,5,,,,,miss sf=10 seq=5
2026-05-26T19:03:52.021387Z,miss,10,6,,,,,miss sf=10 seq=6
2026-05-26T19:03:54.007250Z,miss,10,7,,,,,miss sf=10 seq=7
2026-05-26T19:03:55.993061Z,miss,10,8,,,,,miss sf=10 seq=8
2026-05-26T19:03:57.978788Z,miss,10,9,,,,,miss sf=10 seq=9
2026-05-26T19:03:59.964576Z,miss,10,10,,,,,miss sf=10 seq=10
2026-05-26T19:04:01.950429Z,miss,10,11,,,,,miss sf=10 seq=11
2026-05-26T19:04:03.935996Z,miss,10,12,,,,,miss sf=10 seq=12
2026-05-26T19:04:05.921746Z,miss,10,13,,,,,miss sf=10 seq=13
2026-05-26T19:04:06.374585Z,miss,10,14,,,,,miss sf=10 seq=14
2026-05-26T19:04:08.360335Z,miss,10,15,,,,,miss sf=10 seq=15
2026-05-26T19:04:10.346044Z,miss,10,16,,,,,miss sf=10 seq=16
2026-05-26T19:04:10.875695Z,miss,10,17,,,,,miss sf=10 seq=17
2026-05-26T19:04:12.861332Z,miss,10,18,,,,,miss sf=10 seq=18
2026-05-26T19:04:14.847022Z,miss,10,19,,,,,miss sf=10 seq=19
2026-05-26T19:04:14.900208Z,info,,,,,,,=== SF10 summary: hits=0/20 per=100% (no link) ===
2026-05-26T19:04:19.260550Z,miss,11,0,,,,,miss sf=11 seq=0
2026-05-26T19:04:23.173462Z,miss,11,1,,,,,miss sf=11 seq=1
2026-05-26T19:04:27.086405Z,miss,11,2,,,,,miss sf=11 seq=2
2026-05-26T19:04:28.336928Z,hit,11,3,-93,-20,-12396,-51,sf=11 seq=3 rx_rssi=-93 rx_snr=-20 tx_rssi=-12396 tx_snr=-51
2026-05-26T19:04:29.584056Z,hit,11,4,-94,-20,-108,-5,sf=11 seq=4 rx_rssi=-94 rx_snr=-20 tx_rssi=-108 tx_snr=-5
2026-05-26T19:04:30.830702Z,info,,,,,,,sf=11 seq=5 rx_rssi=-94 -19 tx_rssi=-108 tx_snr=-4
2026-05-26T19:04:32.078590Z,hit,11,6,-93,-18,-107,-3,sf=11 seq=6 rx_rssi=-93 rx_snr=-18 tx_rssi=-107 tx_snr=-3
2026-05-26T19:04:33.325843Z,hit,11,7,-93,-19,-107,-4,sf=11 seq=7 rx_rssi=-93 rx_snr=-19 tx_rssi=-107 tx_snr=-4
2026-05-26T19:04:34.573085Z,hit,11,8,-93,-19,-108,-3,sf=11 seq=8 rx_rssi=-93 rx_snr=-19 tx_rssi=-108 tx_snr=-3
2026-05-26T19:04:35.400034Z,miss,11,9,,,,,miss sf=11 seq=9
2026-05-26T19:04:39.312999Z,miss,11,10,,,,,miss sf=11 seq=10
2026-05-26T19:04:40.563218Z,hit,11,11,-93,-19,-109,-2,sf=11 seq=11 rx_rssi=-93 rx_snr=-19 tx_rssi=-109 tx_snr=-2
2026-05-26T19:04:41.389510Z,miss,11,12,,,,,miss sf=11 seq=12
2026-05-26T19:04:45.302388Z,miss,11,13,,,,,miss sf=11 seq=13
2026-05-26T19:04:49.215304Z,miss,11,14,,,,,miss sf=11 seq=14
2026-05-26T19:04:53.128237Z,miss,11,15,,,,,miss sf=11 seq=15
2026-05-26T19:04:57.041181Z,miss,11,16,,,,,miss sf=11 seq=16
2026-05-26T19:05:00.954175Z,miss,11,17,,,,,miss sf=11 seq=17
2026-05-26T19:05:04.867155Z,miss,11,18,,,,,miss sf=11 seq=18
2026-05-26T19:05:08.779731Z,miss,11,19,,,,,miss sf=11 seq=19
2026-05-26T19:05:08.838845Z,info,,,,,,,=== SF11 summary: hits=7/20 per=65% rx_rssi_avg=-93 rx_snr_avg=-19 tx_rssi_avg=-1863 tx_snr_avg=-10 ===
2026-05-26T19:05:14.107619Z,hit,12,1,-93,-20,-108,-7,sf=12 seq=1 rx_rssi=-93 rx_snr=-20 tx_rssi=-108 tx_snr=-7
2026-05-26T19:05:16.542350Z,hit,12,2,-93,-19,-108,-5,sf=12 seq=2 rx_rssi=-93 rx_snr=-19 tx_rssi=-108 tx_snr=-5
2026-05-26T19:05:18.977349Z,hit,12,3,-93,-22,-24683,-4,sf=12 seq=3 rx_rssi=-93 rx_snr=-22 tx_rssi=-24683 tx_snr=-4
2026-05-26T19:05:21.412054Z,hit,12,4,-93,-21,-107,-7,sf=12 seq=4 rx_rssi=-93 rx_snr=-21 tx_rssi=-107 tx_snr=-7
2026-05-26T19:05:29.176183Z,miss,12,5,,,,,miss sf=12 seq=5
2026-05-26T19:05:36.943712Z,miss,12,6,,,,,miss sf=12 seq=6
2026-05-26T19:05:44.710966Z,miss,12,7,,,,,miss sf=12 seq=7
2026-05-26T19:05:52.478169Z,miss,12,8,,,,,miss sf=12 seq=8
2026-05-26T19:06:00.245603Z,miss,12,9,,,,,miss sf=12 seq=9
2026-05-26T19:06:08.012919Z,miss,12,10,,,,,miss sf=12 seq=10
2026-05-26T19:06:15.780281Z,miss,12,11,,,,,miss sf=12 seq=11
2026-05-26T19:06:23.547540Z,miss,12,12,,,,,miss sf=12 seq=12
2026-05-26T19:06:31.314857Z,miss,12,13,,,,,miss sf=12 seq=13
2026-05-26T19:06:39.082171Z,miss,12,14,,,,,miss sf=12 seq=14
2026-05-26T19:06:46.849388Z,miss,12,15,,,,,miss sf=12 seq=15
2026-05-26T19:06:54.616770Z,miss,12,16,,,,,miss sf=12 seq=16
2026-05-26T19:07:02.383633Z,info,,,,,,,miss12 seq=17
2026-05-26T19:07:10.151169Z,miss,12,18,,,,,miss sf=12 seq=18
2026-05-26T19:07:17.918592Z,miss,12,19,,,,,miss sf=12 seq=19
2026-05-26T19:07:17.977404Z,info,,,,,,,=== SF12 summary: hits=4/20 per=80% rx_rssi_avg=-93 rx_snr_avg=-20 tx_rssi_avg=-6251 tx_snr_avg=-5 ===
2026-05-26T19:07:18.724927Z,miss,7,0,,,,,miss sf=7 seq=0
2026-05-26T19:07:19.029407Z,miss,7,1,,,,,miss sf=7 seq=1
2026-05-26T19:07:19.333931Z,miss,7,2,,,,,miss sf=7 seq=2
2026-05-26T19:07:19.638438Z,miss,7,3,,,,,miss sf=7 seq=3
2026-05-26T19:07:19.943080Z,miss,7,4,,,,,miss sf=7 seq=4
2026-05-26T19:07:20.247416Z,miss,7,5,,,,,miss sf=7 seq=5
2026-05-26T19:07:20.552057Z,miss,7,6,,,,,miss sf=7 seq=6
2026-05-26T19:07:20.856643Z,miss,7,7,,,,,miss sf=7 seq=7
2026-05-26T19:07:21.161027Z,miss,7,8,,,,,miss sf=7 seq=8
2026-05-26T19:07:21.465542Z,miss,7,9,,,,,miss sf=7 seq=9
2026-05-26T19:07:21.770125Z,miss,7,10,,,,,miss sf=7 seq=10
2026-05-26T19:07:22.074770Z,miss,7,11,,,,,miss sf=7 seq=11
2026-05-26T19:07:22.379332Z,miss,7,12,,,,,miss sf=7 seq=12
2026-05-26T19:07:22.683915Z,miss,7,13,,,,,miss sf=7 seq=13
2026-05-26T19:07:22.988459Z,miss,7,14,,,,,miss sf=7 seq=14
2026-05-26T19:07:23.292920Z,miss,7,15,,,,,miss sf=7 seq=15
2026-05-26T19:07:23.597491Z,miss,7,16,,,,,miss sf=7 seq=16
2026-05-26T19:07:23.902034Z,miss,7,17,,,,,miss sf=7 seq=17
2026-05-26T19:07:24.206416Z,miss,7,18,,,,,miss sf=7 seq=18
2026-05-26T19:07:24.511070Z,miss,7,19,,,,,miss sf=7 seq=19
2026-05-26T19:07:24.564224Z,info,,,,,,,=== SF7 summary: hits=0/20 per=100% (no link) ===
2026-05-26T19:07:25.562145Z,miss,8,0,,,,,miss sf=8 seq=0
2026-05-26T19:07:26.112725Z,miss,8,1,,,,,miss sf=8 seq=1
2026-05-26T19:07:26.663319Z,miss,8,2,,,,,miss sf=8 seq=2
2026-05-26T19:07:27.213886Z,miss,8,3,,,,,miss sf=8 seq=3
2026-05-26T19:07:27.764404Z,miss,8,4,,,,,miss sf=8 seq=4
2026-05-26T19:07:28.314638Z,miss,8,5,,,,,miss sf=8 seq=5
2026-05-26T19:07:28.865481Z,miss,8,6,,,,,miss sf=8 seq=6
2026-05-26T19:07:29.415964Z,miss,8,7,,,,,miss sf=8 seq=7
2026-05-26T19:07:29.966611Z,miss,8,8,,,,,miss sf=8 seq=8
2026-05-26T19:07:30.517203Z,miss,8,9,,,,,miss sf=8 seq=9
2026-05-26T19:07:31.067660Z,miss,8,10,,,,,miss sf=8 seq=10
2026-05-26T19:07:31.618448Z,miss,8,11,,,,,miss sf=8 seq=11
2026-05-26T19:07:32.168784Z,miss,8,12,,,,,miss sf=8 seq=12
2026-05-26T19:07:32.719589Z,miss,8,13,,,,,miss sf=8 seq=13
2026-05-26T19:07:33.269995Z,miss,8,14,,,,,miss sf=8 seq=14
2026-05-26T19:07:33.820575Z,miss,8,15,,,,,miss sf=8 seq=15
2026-05-26T19:07:34.371090Z,miss,8,16,,,,,miss sf=8 seq=16
2026-05-26T19:07:34.921758Z,miss,8,17,,,,,miss sf=8 seq=17
2026-05-26T19:07:35.472344Z,miss,8,18,,,,,miss sf=8 seq=18
2026-05-26T19:07:36.022407Z,miss,8,19,,,,,miss sf=8 seq=19
2026-05-26T19:07:36.075987Z,info,,,,,,,=== SF8 summary: hits=0/20 per=100% (no link) ===
2026-05-26T19:07:37.545419Z,miss,9,0,,,,,miss sf=9 seq=0
2026-05-26T19:07:38.567567Z,miss,9,1,,,,,miss sf=9 seq=1
2026-05-26T19:07:39.589795Z,miss,9,2,,,,,miss sf=9 seq=2
2026-05-26T19:07:40.611776Z,miss,9,3,,,,,miss sf=9 seq=3
2026-05-26T19:07:41.633382Z,info,,,,,,,m9 seq=4
2026-05-26T19:07:42.656114Z,miss,9,5,,,,,miss sf=9 seq=5
2026-05-26T19:07:43.678134Z,miss,9,6,,,,,miss sf=9 seq=6
2026-05-26T19:07:44.700237Z,miss,9,7,,,,,miss sf=9 seq=7
2026-05-26T19:07:45.722355Z,miss,9,8,,,,,miss sf=9 seq=8
2026-05-26T19:07:46.744543Z,miss,9,9,,,,,miss sf=9 seq=9
2026-05-26T19:07:47.766699Z,miss,9,10,,,,,miss sf=9 seq=10
2026-05-26T19:07:48.788804Z,miss,9,11,,,,,miss sf=9 seq=11
2026-05-26T19:07:49.810955Z,miss,9,12,,,,,miss sf=9 seq=12
2026-05-26T19:07:50.833061Z,miss,9,13,,,,,miss sf=9 seq=13
2026-05-26T19:07:51.855167Z,miss,9,14,,,,,miss sf=9 seq=14
2026-05-26T19:07:52.877102Z,miss,9,15,,,,,miss sf=9 seq=15
2026-05-26T19:07:53.899260Z,miss,9,16,,,,,miss sf=9 seq=16
2026-05-26T19:07:54.921136Z,miss,9,17,,,,,miss sf=9 seq=17
2026-05-26T19:07:55.943350Z,miss,9,18,,,,,miss sf=9 seq=18
2026-05-26T19:07:56.965620Z,miss,9,19,,,,,miss sf=9 seq=19
2026-05-26T19:07:57.018877Z,info,,,,,,,=== SF9 summary: hits=0/20 per=100% (no link) ===
2026-05-26T19:07:59.451969Z,miss,10,0,,,,,miss sf=10 seq=0
2026-05-26T19:08:01.437686Z,miss,10,1,,,,,miss sf=10 seq=1
2026-05-26T19:08:03.423422Z,miss,10,2,,,,,miss sf=10 seq=2
2026-05-26T19:08:05.409160Z,miss,10,3,,,,,miss sf=10 seq=3
2026-05-26T19:08:07.394825Z,miss,10,4,,,,,miss sf=10 seq=4
2026-05-26T19:08:09.380411Z,miss,10,5,,,,,miss sf=10 seq=5
2026-05-26T19:08:11.366336Z,miss,10,6,,,,,miss sf=10 seq=6
2026-05-26T19:08:13.351894Z,miss,10,7,,,,,miss sf=10 seq=7
2026-05-26T19:08:15.337657Z,miss,10,8,,,,,miss sf=10 seq=8
2026-05-26T19:08:17.323294Z,miss,10,9,,,,,miss sf=10 seq=9
2026-05-26T19:08:19.309167Z,miss,10,10,,,,,miss sf=10 seq=10
2026-05-26T19:08:21.294847Z,miss,10,11,,,,,miss sf=10 seq=11
2026-05-26T19:08:23.280578Z,miss,10,12,,,,,miss sf=10 seq=12
2026-05-26T19:08:25.266399Z,miss,10,13,,,,,miss sf=10 seq=13
2026-05-26T19:08:27.252015Z,miss,10,14,,,,,miss sf=10 seq=14
2026-05-26T19:08:29.237668Z,miss,10,15,,,,,miss sf=10 seq=15
2026-05-26T19:08:31.223518Z,miss,10,16,,,,,miss sf=10 seq=16
2026-05-26T19:08:33.209085Z,miss,10,17,,,,,miss sf=10 seq=17
2026-05-26T19:08:35.194856Z,miss,10,18,,,,,miss sf=10 seq=18
2026-05-26T19:08:37.180658Z,miss,10,19,,,,,miss sf=10 seq=19
2026-05-26T19:08:37.233651Z,info,,,,,,,=== SF10 summary: hits=0/20 per=100% (no link) ===
2026-05-26T19:08:41.593978Z,miss,11,0,,,,,miss sf=11 seq=0
2026-05-26T19:08:45.506847Z,miss,11,1,,,,,miss sf=11 seq=1
2026-05-26T19:08:49.419744Z,miss,11,2,,,,,miss sf=11 seq=2
2026-05-26T19:08:53.332641Z,miss,11,3,,,,,miss sf=11 seq=3
2026-05-26T19:08:57.245562Z,miss,11,4,,,,,miss sf=11 seq=4
2026-05-26T19:09:01.158420Z,miss,11,5,,,,,miss sf=11 seq=5
2026-05-26T19:09:05.071396Z,miss,11,6,,,,,miss sf=11 seq=6
2026-05-26T19:09:08.984480Z,miss,11,7,,,,,miss sf=11 seq=7
2026-05-26T19:09:12.897247Z,miss,11,8,,,,,miss sf=11 seq=8
2026-05-26T19:09:16.810018Z,miss,11,9,,,,,miss sf=11 seq=9
2026-05-26T19:09:20.722690Z,miss,11,10,,,,,miss sf=11 seq=10
2026-05-26T19:09:24.636084Z,miss,11,11,,,,,miss sf=11 seq=11
2026-05-26T19:09:28.549019Z,miss,11,12,,,,,miss sf=11 seq=12
2026-05-26T19:09:32.461677Z,miss,11,13,,,,,miss sf=11 seq=13
2026-05-26T19:09:36.374891Z,miss,11,14,,,,,miss sf=11 seq=14
2026-05-26T19:09:40.287104Z,info,,,,,,,mi11 seq=15
2026-05-26T19:09:44.200479Z,miss,11,16,,,,,miss sf=11 seq=16
2026-05-26T19:09:48.113556Z,miss,11,17,,,,,miss sf=11 seq=17
2026-05-26T19:09:52.026291Z,miss,11,18,,,,,miss sf=11 seq=18
2026-05-26T19:09:55.939226Z,miss,11,19,,,,,miss sf=11 seq=19
2026-05-26T19:09:55.992325Z,info,,,,,,,=== SF11 summary: hits=0/20 per=100% (no link) ===
2026-05-26T19:09:58.386035Z,miss,12,0,,,,,miss sf=12 seq=0
2026-05-26T19:10:06.152991Z,miss,12,1,,,,,miss sf=12 seq=1
2026-05-26T19:10:13.920412Z,miss,12,2,,,,,miss sf=12 seq=2
2026-05-26T19:10:15.554559Z,miss,12,3,,,,,miss sf=12 seq=3
2026-05-26T19:10:23.323278Z,miss,12,4,,,,,miss sf=12 seq=4
2026-05-26T19:10:31.094460Z,miss,12,5,,,,,miss sf=12 seq=5
2026-05-26T19:10:33.532930Z,hit,12,6,-93,-19,-109,-6,sf=12 seq=6 rx_rssi=-93 rx_snr=-19 tx_rssi=-109 tx_snr=-6
2026-05-26T19:10:35.471745Z,miss,12,7,,,,,miss sf=12 seq=7
2026-05-26T19:10:43.240766Z,miss,12,8,,,,,miss sf=12 seq=8
2026-05-26T19:10:51.009151Z,miss,12,9,,,,,miss sf=12 seq=9
2026-05-26T19:10:58.777260Z,miss,12,10,,,,,miss sf=12 seq=10
2026-05-26T19:11:06.545040Z,miss,12,11,,,,,miss sf=12 seq=11
2026-05-26T19:11:08.982769Z,hit,12,12,-93,-23,-111,87,sf=12 seq=12 rx_rssi=-93 rx_snr=-23 tx_rssi=-111 tx_snr=87
2026-05-26T19:11:10.516349Z,miss,12,13,,,,,miss sf=12 seq=13
2026-05-26T19:11:15.853866Z,miss,12,14,,,,,miss sf=12 seq=14
2026-05-26T19:11:18.291471Z,hit,12,15,-93,-20,-109,-7,sf=12 seq=15 rx_rssi=-93 rx_snr=-20 tx_rssi=-109 tx_snr=-7
2026-05-26T19:11:19.858027Z,miss,12,16,,,,,miss sf=12 seq=16
2026-05-26T19:11:27.625441Z,miss,12,17,,,,,miss sf=12 seq=17
2026-05-26T19:11:30.063245Z,hit,12,18,-93,-19,-110,-11,sf=12 seq=18 rx_rssi=-93 rx_snr=-19 tx_rssi=-110 tx_snr=-11
2026-05-26T19:11:37.827562Z,miss,12,19,,,,,miss sf=12 seq=19
2026-05-26T19:11:37.886179Z,info,,,,,,,=== SF12 summary: hits=4/20 per=80% rx_rssi_avg=-93 rx_snr_avg=-20 tx_rssi_avg=-109 tx_snr_avg=15 ===
2026-05-26T19:11:38.633694Z,miss,7,0,,,,,miss sf=7 seq=0
2026-05-26T19:11:38.938227Z,miss,7,1,,,,,miss sf=7 seq=1
2026-05-26T19:11:39.242602Z,miss,7,2,,,,,miss sf=7 seq=2
2026-05-26T19:11:39.547236Z,miss,7,3,,,,,miss sf=7 seq=3
2026-05-26T19:11:39.851660Z,miss,7,4,,,,,miss sf=7 seq=4
2026-05-26T19:11:40.156235Z,miss,7,5,,,,,miss sf=7 seq=5
2026-05-26T19:11:40.460715Z,miss,7,6,,,,,miss sf=7 seq=6
2026-05-26T19:11:40.765393Z,miss,7,7,,,,,miss sf=7 seq=7
2026-05-26T19:11:41.069900Z,miss,7,8,,,,,miss sf=7 seq=8
2026-05-26T19:11:41.374373Z,miss,7,9,,,,,miss sf=7 seq=9
2026-05-26T19:11:41.678998Z,miss,7,10,,,,,miss sf=7 seq=10
2026-05-26T19:11:41.983647Z,miss,7,11,,,,,miss sf=7 seq=11
2026-05-26T19:11:42.288183Z,miss,7,12,,,,,miss sf=7 seq=12
2026-05-26T19:11:42.592795Z,miss,7,13,,,,,miss sf=7 seq=13
2026-05-26T19:11:42.896853Z,info,,,,,,,miss 7 seq=14
2026-05-26T19:11:43.201662Z,miss,7,15,,,,,miss sf=7 seq=15
2026-05-26T19:11:43.506325Z,miss,7,16,,,,,miss sf=7 seq=16
2026-05-26T19:11:43.810788Z,miss,7,17,,,,,miss sf=7 seq=17
2026-05-26T19:11:44.115291Z,miss,7,18,,,,,miss sf=7 seq=18
2026-05-26T19:11:44.419834Z,miss,7,19,,,,,miss sf=7 seq=19
2026-05-26T19:11:44.473033Z,info,,,,,,,=== SF7 summary: hits=0/20 per=100% (no link) ===
2026-05-26T19:11:45.471004Z,miss,8,0,,,,,miss sf=8 seq=0
2026-05-26T19:11:46.021499Z,miss,8,1,,,,,miss sf=8 seq=1
2026-05-26T19:11:46.572171Z,miss,8,2,,,,,miss sf=8 seq=2
2026-05-26T19:11:47.122832Z,miss,8,3,,,,,miss sf=8 seq=3
2026-05-26T19:11:47.673395Z,miss,8,4,,,,,miss sf=8 seq=4
2026-05-26T19:11:48.223922Z,miss,8,5,,,,,miss sf=8 seq=5
2026-05-26T19:11:48.774552Z,miss,8,6,,,,,miss sf=8 seq=6
2026-05-26T19:11:49.324975Z,miss,8,7,,,,,miss sf=8 seq=7
2026-05-26T19:11:49.875674Z,miss,8,8,,,,,miss sf=8 seq=8
2026-05-26T19:11:50.426135Z,miss,8,9,,,,,miss sf=8 seq=9
2026-05-26T19:11:50.976859Z,miss,8,10,,,,,miss sf=8 seq=10
2026-05-26T19:11:51.527453Z,miss,8,11,,,,,miss sf=8 seq=11
2026-05-26T19:11:52.078035Z,miss,8,12,,,,,miss sf=8 seq=12
2026-05-26T19:11:52.628543Z,miss,8,13,,,,,miss sf=8 seq=13
2026-05-26T19:11:53.179064Z,miss,8,14,,,,,miss sf=8 seq=14
2026-05-26T19:11:53.346083Z,miss,8,15,,,,,miss sf=8 seq=15
2026-05-26T19:11:53.896522Z,miss,8,16,,,,,miss sf=8 seq=16
2026-05-26T19:11:54.447155Z,miss,8,17,,,,,miss sf=8 seq=17
2026-05-26T19:11:54.997774Z,miss,8,18,,,,,miss sf=8 seq=18
2026-05-26T19:11:55.548297Z,miss,8,19,,,,,miss sf=8 seq=19
2026-05-26T19:11:55.601364Z,info,,,,,,,=== SF8 summary: hits=0/20 per=100% (no link) ===
2026-05-26T19:11:57.070816Z,miss,9,0,,,,,miss sf=9 seq=0
2026-05-26T19:11:58.092794Z,miss,9,1,,,,,miss sf=9 seq=1
2026-05-26T19:11:59.115151Z,miss,9,2,,,,,miss sf=9 seq=2
2026-05-26T19:11:59.355469Z,miss,9,3,,,,,miss sf=9 seq=3
2026-05-26T19:12:00.377648Z,miss,9,4,,,,,miss sf=9 seq=4
2026-05-26T19:12:01.399726Z,miss,9,5,,,,,miss sf=9 seq=5
2026-05-26T19:12:02.421689Z,miss,9,6,,,,,miss sf=9 seq=6
2026-05-26T19:12:03.443971Z,miss,9,7,,,,,miss sf=9 seq=7
2026-05-26T19:12:04.465674Z,miss,9,8,,,,,miss sf=9 seq=8
2026-05-26T19:12:04.827681Z,hit,9,9,-93,-14,-105,4,sf=9 seq=9 rx_rssi=-93 rx_snr=-14 tx_rssi=-105 tx_snr=4
2026-05-26T19:12:05.186455Z,hit,9,10,-93,-13,-105,4,sf=9 seq=10 rx_rssi=-93 rx_snr=-13 tx_rssi=-105 tx_snr=4
2026-05-26T19:12:05.423994Z,miss,9,11,,,,,miss sf=9 seq=11
2026-05-26T19:12:06.446025Z,miss,9,12,,,,,miss sf=9 seq=12
2026-05-26T19:12:06.807691Z,hit,9,13,-93,-14,-104,2,sf=9 seq=13 rx_rssi=-93 rx_snr=-14 tx_rssi=-104 tx_snr=2
2026-05-26T19:12:07.826977Z,miss,9,14,,,,,miss sf=9 seq=14
2026-05-26T19:12:08.848681Z,miss,9,15,,,,,miss sf=9 seq=15
2026-05-26T19:12:09.871201Z,miss,9,16,,,,,miss sf=9 seq=16
2026-05-26T19:12:10.893342Z,miss,9,17,,,,,miss sf=9 seq=17
2026-05-26T19:12:11.915333Z,miss,9,18,,,,,miss sf=9 seq=18
2026-05-26T19:12:12.937527Z,miss,9,19,,,,,miss sf=9 seq=19
2026-05-26T19:12:12.995586Z,info,,,,,,,==9 summary: hits=3/20 per=85% rx_rssi_avg=-93 rx_snr_avg=-13 tx_rssi_avg=-104 tx_snr_avg=3 ===
2026-05-26T19:12:14.096833Z,hit,10,0,-93,-13,-106,-1,sf=10 seq=0 rx_rssi=-93 rx_snr=-13 tx_rssi=-106 tx_snr=-1
2026-05-26T19:12:14.751218Z,hit,10,1,-93,-13,-103,4,sf=10 seq=1 rx_rssi=-93 rx_snr=-13 tx_rssi=-103 tx_snr=4
2026-05-26T19:12:15.405674Z,hit,10,2,-93,-16,-106,0,sf=10 seq=2 rx_rssi=-93 rx_snr=-16 tx_rssi=-106 tx_snr=0
2026-05-26T19:12:16.060513Z,hit,10,3,-93,-15,-107,-3,sf=10 seq=3 rx_rssi=-93 rx_snr=-15 tx_rssi=-107 tx_snr=-3
2026-05-26T19:12:18.646839Z,miss,10,5,,,,,miss sf=10 seq=5
2026-05-26T19:12:20.632647Z,miss,10,6,,,,,miss sf=10 seq=6
2026-05-26T19:12:22.618466Z,miss,10,7,,,,,miss sf=10 seq=7
2026-05-26T19:12:24.604038Z,miss,10,8,,,,,miss sf=10 seq=8
2026-05-26T19:12:26.589816Z,miss,10,9,,,,,miss sf=10 seq=9
2026-05-26T19:12:27.247528Z,hit,10,10,-93,-15,-105,1,sf=10 seq=10 rx_rssi=-93 rx_snr=-15 tx_rssi=-105 tx_snr=1
2026-05-26T19:12:27.901952Z,hit,10,11,-93,-14,-104,3,sf=10 seq=11 rx_rssi=-93 rx_snr=-14 tx_rssi=-104 tx_snr=3
2026-05-26T19:12:28.556444Z,hit,10,12,-93,-16,-106,0,sf=10 seq=12 rx_rssi=-93 rx_snr=-16 tx_rssi=-106 tx_snr=0
2026-05-26T19:12:30.539260Z,miss,10,13,,,,,miss sf=10 seq=13
2026-05-26T19:12:31.196989Z,hit,10,14,-93,-15,-106,-3,sf=10 seq=14 rx_rssi=-93 rx_snr=-15 tx_rssi=-106 tx_snr=-3
2026-05-26T19:12:31.638630Z,miss,10,15,,,,,miss sf=10 seq=15
2026-05-26T19:12:33.624363Z,miss,10,16,,,,,miss sf=10 seq=16
2026-05-26T19:12:35.610202Z,miss,10,17,,,,,miss sf=10 seq=17
2026-05-26T19:12:37.595797Z,miss,10,18,,,,,miss sf=10 seq=18
2026-05-26T19:12:39.581580Z,miss,10,19,,,,,miss sf=10 seq=19
2026-05-26T19:12:39.640106Z,info,,,,,,,=== SF10 summary: hits=8/20 per=60% rx_rssi_avg=-93 rx_snr_avg=-14 tx_rssi_avg=-105 tx_snr_avg=0 ===
2026-05-26T19:12:41.082820Z,miss,11,0,,,,,miss sf=11 seq=0
2026-05-26T19:12:44.995758Z,miss,11,1,,,,,miss sf=11 seq=1
2026-05-26T19:12:46.245543Z,hit,11,2,-92,-8,-102,3,sf=11 seq=2 rx_rssi=-92 rx_snr=-8 tx_rssi=-102 tx_snr=3
2026-05-26T19:12:47.492944Z,hit,11,3,-93,-13,-105,3,sf=11 seq=3 rx_rssi=-93 rx_snr=-13 tx_rssi=-105 tx_snr=3
2026-05-26T19:12:48.740205Z,info,,,,,,,s11 seq=4 rx_rssi=-93 rx_snr=-16 tx_rssi=-106 tx_snr=-2
2026-05-26T19:12:49.987383Z,hit,11,5,-93,-17,-104,0,sf=11 seq=5 rx_rssi=-93 rx_snr=-17 tx_rssi=-104 tx_snr=0
2026-05-26T19:12:51.234645Z,hit,11,6,-93,-8,-101,4,sf=11 seq=6 rx_rssi=-93 rx_snr=-8 tx_rssi=-101 tx_snr=4
2026-05-26T19:12:52.481912Z,hit,11,7,-93,-11,-102,3,sf=11 seq=7 rx_rssi=-93 rx_snr=-11 tx_rssi=-102 tx_snr=3
2026-05-26T19:12:53.729032Z,hit,11,8,-93,-10,-98,5,sf=11 seq=8 rx_rssi=-93 rx_snr=-10 tx_rssi=-98 tx_snr=5
2026-05-26T19:12:54.976491Z,hit,11,9,-93,-16,-105,1,sf=11 seq=9 rx_rssi=-93 rx_snr=-16 tx_rssi=-105 tx_snr=1
2026-05-26T19:12:58.886395Z,miss,11,10,,,,,miss sf=11 seq=10
2026-05-26T19:12:59.889359Z,miss,11,11,,,,,miss sf=11 seq=11
2026-05-26T19:13:03.802464Z,miss,11,12,,,,,miss sf=11 seq=12
2026-05-26T19:13:05.052630Z,hit,11,13,-93,-16,-107,-2,sf=11 seq=13 rx_rssi=-93 rx_snr=-16 tx_rssi=-107 tx_snr=-2
2026-05-26T19:13:05.895849Z,miss,11,14,,,,,miss sf=11 seq=14
2026-05-26T19:13:09.808854Z,miss,11,15,,,,,miss sf=11 seq=15
2026-05-26T19:13:10.589410Z,miss,11,16,,,,,miss sf=11 seq=16
2026-05-26T19:13:14.502306Z,miss,11,17,,,,,miss sf=11 seq=17
2026-05-26T19:13:15.315770Z,miss,11,18,,,,,miss sf=11 seq=18
2026-05-26T19:13:19.228779Z,miss,11,19,,,,,miss sf=11 seq=19
2026-05-26T19:13:19.287226Z,info,,,,,,,=== SF11 summary: hits=9/20 per=55% rx_rssi_avg=-92 rx_snr_avg=-12 tx_rssi_avg=-103 tx_snr_avg=1 ===
2026-05-26T19:13:27.497780Z,miss,12,0,,,,,miss sf=12 seq=0
2026-05-26T19:13:35.264997Z,miss,12,1,,,,,miss sf=12 seq=1
2026-05-26T19:13:37.702805Z,hit,12,2,-93,-16,-106,-2,sf=12 seq=2 rx_rssi=-93 rx_snr=-16 tx_rssi=-106 tx_snr=-2
2026-05-26T19:13:40.137647Z,hit,12,3,-93,-19,-107,-2,sf=12 seq=3 rx_rssi=-93 rx_snr=-19 tx_rssi=-107 tx_snr=-2
2026-05-26T19:13:42.572465Z,hit,12,4,-93,-16,-108,-4,sf=12 seq=4 rx_rssi=-93 rx_snr=-16 tx_rssi=-108 tx_snr=-4
2026-05-26T19:13:44.138758Z,miss,12,5,,,,,miss sf=12 seq=5
2026-05-26T19:13:51.906066Z,miss,12,6,,,,,miss sf=12 seq=6
2026-05-26T19:13:54.344006Z,hit,12,7,-93,-18,-112,-4,sf=12 seq=7 rx_rssi=-93 rx_snr=-18 tx_rssi=-112 tx_snr=-4
2026-05-26T19:13:56.778441Z,info,,,,,,,sf=12 seq=8 rx_rssi=-93 rx_snr=-19 tx_r-112 tx_snr=-3
2026-05-26T19:13:59.213341Z,hit,12,9,-93,-18,16273,0,sf=12 seq=9 rx_rssi=-93 rx_snr=-18 tx_rssi=16273 tx_snr=0
2026-05-26T19:14:01.647911Z,hit,12,10,-93,-21,-104,1,sf=12 seq=10 rx_rssi=-93 rx_snr=-21 tx_rssi=-104 tx_snr=1
2026-05-26T19:14:04.082385Z,hit,12,11,-93,-14,-105,2,sf=12 seq=11 rx_rssi=-93 rx_snr=-14 tx_rssi=-105 tx_snr=2
2026-05-26T19:14:11.847024Z,miss,12,12,,,,,miss sf=12 seq=12
2026-05-26T19:14:19.614167Z,miss,12,13,,,,,miss sf=12 seq=13
2026-05-26T19:14:27.381422Z,miss,12,14,,,,,miss sf=12 seq=14
2026-05-26T19:14:35.148910Z,miss,12,15,,,,,miss sf=12 seq=15
2026-05-26T19:14:42.916229Z,miss,12,16,,,,,miss sf=12 seq=16
2026-05-26T19:14:50.683485Z,miss,12,17,,,,,miss sf=12 seq=17
2026-05-26T19:14:58.450761Z,miss,12,18,,,,,miss sf=12 seq=18
2026-05-26T19:15:06.218262Z,miss,12,19,,,,,miss sf=12 seq=19
2026-05-26T19:15:06.276806Z,info,,,,,,,=== SF12 summary: hits=8/20 per=60% rx_rssi_avg=-93 rx_snr_avg=-17 tx_rssi_avg=1939 tx_snr_avg=-1 ===
2026-05-26T19:15:07.024390Z,miss,7,0,,,,,miss sf=7 seq=0
2026-05-26T19:15:07.328886Z,miss,7,1,,,,,miss sf=7 seq=1
2026-05-26T19:15:07.633349Z,miss,7,2,,,,,miss sf=7 seq=2
2026-05-26T19:15:07.937857Z,miss,7,3,,,,,miss sf=7 seq=3
2026-05-26T19:15:08.242278Z,miss,7,4,,,,,miss sf=7 seq=4
2026-05-26T19:15:08.546942Z,miss,7,5,,,,,miss sf=7 seq=5
2026-05-26T19:15:08.851222Z,miss,7,6,,,,,miss sf=7 seq=6
2026-05-26T19:15:09.155972Z,miss,7,7,,,,,miss sf=7 seq=7
2026-05-26T19:15:09.460502Z,miss,7,8,,,,,miss sf=7 seq=8
2026-05-26T19:15:09.765015Z,miss,7,9,,,,,miss sf=7 seq=9
2026-05-26T19:15:10.069631Z,miss,7,10,,,,,miss sf=7 seq=10
2026-05-26T19:15:10.374305Z,miss,7,11,,,,,miss sf=7 seq=11
2026-05-26T19:15:10.678805Z,miss,7,12,,,,,miss sf=7 seq=12
2026-05-26T19:15:10.983422Z,miss,7,13,,,,,miss sf=7 seq=13
2026-05-26T19:15:11.288008Z,miss,7,14,,,,,miss sf=7 seq=14
2026-05-26T19:15:11.592490Z,miss,7,15,,,,,miss sf=7 seq=15
2026-05-26T19:15:11.896931Z,miss,7,16,,,,,miss sf=7 seq=16
2026-05-26T19:15:12.201472Z,miss,7,17,,,,,miss sf=7 seq=17
2026-05-26T19:15:12.506151Z,miss,7,18,,,,,miss sf=7 seq=18
2026-05-26T19:15:12.810701Z,miss,7,19,,,,,miss sf=7 seq=19
2026-05-26T19:15:12.863734Z,info,,,,,,,=== SF7 summary: hits=0/20 per=100% (no link) ===
2026-05-26T19:15:13.861669Z,miss,8,0,,,,,miss sf=8 seq=0
2026-05-26T19:15:14.412261Z,miss,8,1,,,,,miss sf=8 seq=1
2026-05-26T19:15:14.962686Z,miss,8,2,,,,,miss sf=8 seq=2
2026-05-26T19:15:15.513478Z,miss,8,3,,,,,miss sf=8 seq=3
2026-05-26T19:15:16.063908Z,miss,8,4,,,,,miss sf=8 seq=4
2026-05-26T19:15:16.614493Z,miss,8,5,,,,,miss sf=8 seq=5
2026-05-26T19:15:17.165017Z,miss,8,6,,,,,miss sf=8 seq=6
2026-05-26T19:15:17.715579Z,miss,8,7,,,,,miss sf=8 seq=7
2026-05-26T19:15:18.266112Z,miss,8,8,,,,,miss sf=8 seq=8
2026-05-26T19:15:18.816753Z,miss,8,9,,,,,miss sf=8 seq=9
2026-05-26T19:15:19.366992Z,info,,,,,,,miss 8 seq=10
2026-05-26T19:15:19.917756Z,miss,8,11,,,,,miss sf=8 seq=11
2026-05-26T19:15:20.468327Z,miss,8,12,,,,,miss sf=8 seq=12
2026-05-26T19:15:21.019002Z,miss,8,13,,,,,miss sf=8 seq=13
2026-05-26T19:15:21.569642Z,miss,8,14,,,,,miss sf=8 seq=14
2026-05-26T19:15:22.120185Z,miss,8,15,,,,,miss sf=8 seq=15
2026-05-26T19:15:22.670648Z,miss,8,16,,,,,miss sf=8 seq=16
2026-05-26T19:15:23.221248Z,miss,8,17,,,,,miss sf=8 seq=17
2026-05-26T19:15:23.771810Z,miss,8,18,,,,,miss sf=8 seq=18
2026-05-26T19:15:24.322413Z,miss,8,19,,,,,miss sf=8 seq=19
2026-05-26T19:15:24.375442Z,info,,,,,,,=== SF8 summary: hits=0/20 per=100% (no link) ===
2026-05-26T19:15:25.845031Z,miss,9,0,,,,,miss sf=9 seq=0
2026-05-26T19:15:26.867193Z,miss,9,1,,,,,miss sf=9 seq=1
2026-05-26T19:15:27.889298Z,miss,9,2,,,,,miss sf=9 seq=2
2026-05-26T19:15:28.911259Z,miss,9,3,,,,,miss sf=9 seq=3
2026-05-26T19:15:29.933578Z,miss,9,4,,,,,miss sf=9 seq=4
2026-05-26T19:15:30.955591Z,miss,9,5,,,,,miss sf=9 seq=5
2026-05-26T19:15:31.977685Z,miss,9,6,,,,,miss sf=9 seq=6
2026-05-26T19:15:32.999848Z,miss,9,7,,,,,miss sf=9 seq=7
2026-05-26T19:15:34.021848Z,miss,9,8,,,,,miss sf=9 seq=8
2026-05-26T19:15:35.044022Z,miss,9,9,,,,,miss sf=9 seq=9
2026-05-26T19:15:36.066212Z,miss,9,10,,,,,miss sf=9 seq=10
2026-05-26T19:15:37.088384Z,miss,9,11,,,,,miss sf=9 seq=11
2026-05-26T19:15:38.110442Z,miss,9,12,,,,,miss sf=9 seq=12
2026-05-26T19:15:39.132621Z,miss,9,13,,,,,miss sf=9 seq=13
2026-05-26T19:15:39.428779Z,miss,9,14,,,,,miss sf=9 seq=14
2026-05-26T19:15:39.790229Z,hit,9,15,-93,-12,-105,4,sf=9 seq=15 rx_rssi=-93 rx_snr=-12 tx_rssi=-105 tx_snr=4
2026-05-26T19:15:40.148872Z,hit,9,16,-92,-8,-100,7,sf=9 seq=16 rx_rssi=-92 rx_snr=-8 tx_rssi=-100 tx_snr=7
2026-05-26T19:15:40.507685Z,hit,9,17,-92,-7,-99,8,sf=9 seq=17 rx_rssi=-92 rx_snr=-7 tx_rssi=-99 tx_snr=8
2026-05-26T19:15:41.527004Z,miss,9,18,,,,,miss sf=9 seq=18
2026-05-26T19:15:42.549048Z,miss,9,19,,,,,miss sf=9 seq=19
2026-05-26T19:15:42.607554Z,info,,,,,,,=== SF9 summary: hits=3/20 per=85% rx_rssi_avg=-92 rx_snr_avg=-9 tx_rssi_avg=-101 tx_snr_avg=6 ===
2026-05-26T19:15:43.707984Z,hit,10,0,-91,-3,-96,7,sf=10 seq=0 rx_rssi=-91 rx_snr=-3 tx_rssi=-96 tx_snr=7
2026-05-26T19:15:44.362635Z,hit,10,1,-91,-3,-95,8,sf=10 seq=1 rx_rssi=-91 rx_snr=-3 tx_rssi=-95 tx_snr=8
2026-05-26T19:15:45.017168Z,hit,10,2,-92,-3,-95,8,sf=10 seq=2 rx_rssi=-92 rx_snr=-3 tx_rssi=-95 tx_snr=8
2026-05-26T19:15:45.671741Z,hit,10,3,-92,-4,-96,7,sf=10 seq=3 rx_rssi=-92 rx_snr=-4 tx_rssi=-96 tx_snr=7
2026-05-26T19:15:46.326114Z,hit,10,4,-92,-5,-97,7,sf=10 seq=4 rx_rssi=-92 rx_snr=-5 tx_rssi=-97 tx_snr=7
2026-05-26T19:15:46.980791Z,hit,10,5,-92,-5,-97,7,sf=10 seq=5 rx_rssi=-92 rx_snr=-5 tx_rssi=-97 tx_snr=7
2026-05-26T19:15:47.635449Z,hit,10,6,-92,-4,-96,6,sf=10 seq=6 rx_rssi=-92 rx_snr=-4 tx_rssi=-96 tx_snr=6
2026-05-26T19:15:48.289932Z,hit,10,7,-91,-4,-97,7,sf=10 seq=7 rx_rssi=-91 rx_snr=-4 tx_rssi=-97 tx_snr=7
2026-05-26T19:15:48.944519Z,hit,10,8,-92,-5,-97,8,sf=10 seq=8 rx_rssi=-92 rx_snr=-5 tx_rssi=-97 tx_snr=8
2026-05-26T19:15:49.598991Z,hit,10,9,-92,-4,-97,7,sf=10 seq=9 rx_rssi=-92 rx_snr=-4 tx_rssi=-97 tx_snr=7
2026-05-26T19:15:50.253513Z,hit,10,10,-92,-7,-98,7,sf=10 seq=10 rx_rssi=-92 rx_snr=-7 tx_rssi=-98 tx_snr=7
2026-05-26T19:15:50.908068Z,hit,10,11,-92,-7,-98,6,sf=10 seq=11 rx_rssi=-92 rx_snr=-7 tx_rssi=-98 tx_snr=6
2026-05-26T19:15:51.562761Z,hit,10,12,-92,-7,-100,6,sf=10 seq=12 rx_rssi=-92 rx_snr=-7 tx_rssi=-100 tx_snr=6
2026-05-26T19:15:52.217192Z,hit,10,13,-92,-5,-100,6,sf=10 seq=13 rx_rssi=-92 rx_snr=-5 tx_rssi=-100 tx_snr=6
2026-05-26T19:15:52.871783Z,hit,10,14,-92,-5,-97,7,sf=10 seq=14 rx_rssi=-92 rx_snr=-5 tx_rssi=-97 tx_snr=7
2026-05-26T19:15:53.526628Z,hit,10,15,-93,-15,-102,6,sf=10 seq=15 rx_rssi=-93 rx_snr=-15 tx_rssi=-102 tx_snr=6
2026-05-26T19:15:54.180806Z,hit,10,16,-92,-8,-99,6,sf=10 seq=16 rx_rssi=-92 rx_snr=-8 tx_rssi=-99 tx_snr=6
2026-05-26T19:15:54.835381Z,hit,10,17,-93,-10,-99,6,sf=10 seq=17 rx_rssi=-93 rx_snr=-10 tx_rssi=-99 tx_snr=6
2026-05-26T19:15:56.818277Z,miss,10,18,,,,,miss sf=10 seq=18
2026-05-26T19:15:58.804069Z,miss,10,19,,,,,miss sf=10 seq=19
2026-05-26T19:15:58.862502Z,info,,,,,,,=== SF10 summary: hits=18/20 per=10% rx_rssi_avg=-91 rx_snr_avg=-5 tx_rssi_avg=-97 tx_snr_avg=6 ===
2026-05-26T19:16:00.555690Z,hit,11,0,-93,-15,-101,5,sf=11 seq=0 rx_rssi=-93 rx_snr=-15 tx_rssi=-101 tx_snr=5
2026-05-26T19:16:01.802653Z,info,,,,,,,sf=11 seq=1 rx_rssi=-93 rx_snr=-9 tx_rss-103 tx_snr=5
2026-05-26T19:16:05.712912Z,miss,11,2,,,,,miss sf=11 seq=2
2026-05-26T19:16:06.963204Z,hit,11,3,-93,-12,-104,6,sf=11 seq=3 rx_rssi=-93 rx_snr=-12 tx_rssi=-104 tx_snr=6
2026-05-26T19:16:08.210123Z,hit,11,4,-93,-9,-105,2,sf=11 seq=4 rx_rssi=-93 rx_snr=-9 tx_rssi=-105 tx_snr=2
2026-05-26T19:16:09.457393Z,hit,11,5,-93,-10,-98,6,sf=11 seq=5 rx_rssi=-93 rx_snr=-10 tx_rssi=-98 tx_snr=6
2026-05-26T19:16:10.704577Z,hit,11,6,-93,-7,-104,4,sf=11 seq=6 rx_rssi=-93 rx_snr=-7 tx_rssi=-104 tx_snr=4
2026-05-26T19:16:11.951894Z,hit,11,7,-93,-20,-99,6,sf=11 seq=7 rx_rssi=-93 rx_snr=-20 tx_rssi=-99 tx_snr=6
2026-05-26T19:16:13.199250Z,hit,11,8,-93,-12,-109,-5,sf=11 seq=8 rx_rssi=-93 rx_snr=-12 tx_rssi=-109 tx_snr=-5
2026-05-26T19:16:15.642678Z,hit,11,10,-93,-17,-100,7,sf=11 seq=10 rx_rssi=-93 rx_snr=-17 tx_rssi=-100 tx_snr=7
2026-05-26T19:16:16.889987Z,hit,11,11,-93,-19,-106,3,sf=11 seq=11 rx_rssi=-93 rx_snr=-19 tx_rssi=-106 tx_snr=3
2026-05-26T19:16:18.137175Z,hit,11,12,-93,-16,-108,0,sf=11 seq=12 rx_rssi=-93 rx_snr=-16 tx_rssi=-108 tx_snr=0
2026-05-26T19:16:19.384546Z,hit,11,13,-93,-16,-108,1,sf=11 seq=13 rx_rssi=-93 rx_snr=-16 tx_rssi=-108 tx_snr=1
2026-05-26T19:16:20.631659Z,hit,11,14,-93,-17,-108,0,sf=11 seq=14 rx_rssi=-93 rx_snr=-17 tx_rssi=-108 tx_snr=0
2026-05-26T19:16:21.879054Z,hit,11,15,-93,-17,-108,0,sf=11 seq=15 rx_rssi=-93 rx_snr=-17 tx_rssi=-108 tx_snr=0
2026-05-26T19:16:23.126292Z,hit,11,16,-93,-20,-109,-3,sf=11 seq=16 rx_rssi=-93 rx_snr=-20 tx_rssi=-109 tx_snr=-3
2026-05-26T19:16:24.373557Z,hit,11,17,-93,-19,-109,-1,sf=11 seq=17 rx_rssi=-93 rx_snr=-19 tx_rssi=-109 tx_snr=-1
2026-05-26T19:16:28.283604Z,miss,11,18,,,,,miss sf=11 seq=18
2026-05-26T19:16:32.196347Z,miss,11,19,,,,,miss sf=11 seq=19
2026-05-26T19:16:32.254898Z,info,,,,,,,=== SF11 summary: hits=16/20 per=20% rx_rssi_avg=-93 rx_snr_avg=-14 tx_rssi_avg=-104 tx_snr_avg=2 ===
2026-05-26T19:16:40.465544Z,miss,12,0,,,,,miss sf=12 seq=0
2026-05-26T19:16:42.902700Z,info,,,,,,,sf=12 seq=1 r-93 rx_snr=-19 tx_rssi=-110 tx_snr=-2
2026-05-26T19:16:45.338058Z,hit,12,2,-93,-14,-107,-1,sf=12 seq=2 rx_rssi=-93 rx_snr=-14 tx_rssi=-107 tx_snr=-1
2026-05-26T19:16:47.772890Z,hit,12,3,-93,-13,-103,3,sf=12 seq=3 rx_rssi=-93 rx_snr=-13 tx_rssi=-103 tx_snr=3
2026-05-26T19:16:50.207601Z,hit,12,4,-93,-15,-108,-2,sf=12 seq=4 rx_rssi=-93 rx_snr=-15 tx_rssi=-108 tx_snr=-2
2026-05-26T19:16:52.642390Z,hit,12,5,-93,-10,-106,-1,sf=12 seq=5 rx_rssi=-93 rx_snr=-10 tx_rssi=-106 tx_snr=-1
2026-05-26T19:16:55.077086Z,hit,12,6,-93,-14,-106,1,sf=12 seq=6 rx_rssi=-93 rx_snr=-14 tx_rssi=-106 tx_snr=1
2026-05-26T19:16:56.643105Z,miss,12,7,,,,,miss sf=12 seq=7
2026-05-26T19:17:04.412905Z,miss,12,8,,,,,miss sf=12 seq=8
2026-05-26T19:17:06.851785Z,hit,12,9,-94,-11,-106,2,sf=12 seq=9 rx_rssi=-94 rx_snr=-11 tx_rssi=-106 tx_snr=2
2026-05-26T19:17:09.286697Z,hit,12,10,-93,-16,-107,3,sf=12 seq=10 rx_rssi=-93 rx_snr=-16 tx_rssi=-107 tx_snr=3
2026-05-26T19:17:11.721473Z,hit,12,11,-92,-11,-108,-2,sf=12 seq=11 rx_rssi=-92 rx_snr=-11 tx_rssi=-108 tx_snr=-2
2026-05-26T19:17:14.155925Z,hit,12,12,-93,-17,-98,3,sf=12 seq=12 rx_rssi=-93 rx_snr=-17 tx_rssi=-98 tx_snr=3
2026-05-26T19:17:16.591193Z,hit,12,13,-93,-20,-12389,105,sf=12 seq=13 rx_rssi=-93 rx_snr=-20 tx_rssi=-12389 tx_snr=105
2026-05-26T19:17:19.025574Z,hit,12,14,-93,-15,-103,2,sf=12 seq=14 rx_rssi=-93 rx_snr=-15 tx_rssi=-103 tx_snr=2
2026-05-26T19:17:21.459907Z,hit,12,15,-92,-6,-96,5,sf=12 seq=15 rx_rssi=-92 rx_snr=-6 tx_rssi=-96 tx_snr=5
2026-05-26T19:17:23.894978Z,hit,12,16,-92,-8,-106,-4,sf=12 seq=16 rx_rssi=-92 rx_snr=-8 tx_rssi=-106 tx_snr=-4
2026-05-26T19:17:26.329667Z,hit,12,17,-93,-19,-103,3,sf=12 seq=17 rx_rssi=-93 rx_snr=-19 tx_rssi=-103 tx_snr=3
2026-05-26T19:17:34.094102Z,miss,12,18,,,,,miss sf=12 seq=18
2026-05-26T19:17:41.861475Z,miss,12,19,,,,,miss sf=12 seq=19
2026-05-26T19:17:41.919319Z,info,,,,,,,=== SF12 summary: hits=15/20 per=25% rx_rssi_avg=-92 rx_snr_avg=-13 tx_rssi_avg=-923 t7 ===
2026-05-26T19:17:42.475085Z,miss,7,0,,,,,miss sf=7 seq=0
2026-05-26T19:17:42.779650Z,miss,7,1,,,,,miss sf=7 seq=1
2026-05-26T19:17:42.904405Z,miss,7,2,,,,,miss sf=7 seq=2
2026-05-26T19:17:43.209026Z,miss,7,3,,,,,miss sf=7 seq=3
2026-05-26T19:17:43.330167Z,miss,7,4,,,,,miss sf=7 seq=4
2026-05-26T19:17:43.634700Z,miss,7,5,,,,,miss sf=7 seq=5
2026-05-26T19:17:43.939185Z,miss,7,6,,,,,miss sf=7 seq=6
2026-05-26T19:17:44.243767Z,miss,7,7,,,,,miss sf=7 seq=7
2026-05-26T19:17:44.548263Z,miss,7,8,,,,,miss sf=7 seq=8
2026-05-26T19:17:44.698648Z,hit,7,9,-93,-8,-100,8,sf=7 seq=9 rx_rssi=-93 rx_snr=-8 tx_rssi=-100 tx_snr=8
2026-05-26T19:17:44.846306Z,hit,7,10,-93,-7,-99,8,sf=7 seq=10 rx_rssi=-93 rx_snr=-7 tx_rssi=-99 tx_snr=8
2026-05-26T19:17:44.993579Z,hit,7,11,-93,-7,-99,8,sf=7 seq=11 rx_rssi=-93 rx_snr=-7 tx_rssi=-99 tx_snr=8
2026-05-26T19:17:45.140988Z,hit,7,12,-92,-7,-99,9,sf=7 seq=12 rx_rssi=-92 rx_snr=-7 tx_rssi=-99 tx_snr=9
2026-05-26T19:17:45.288546Z,hit,7,13,-93,-7,-100,8,sf=7 seq=13 rx_rssi=-93 rx_snr=-7 tx_rssi=-100 tx_snr=8
2026-05-26T19:17:45.436545Z,hit,7,14,-93,-9,-101,7,sf=7 seq=14 rx_rssi=-93 rx_snr=-9 tx_rssi=-101 tx_snr=7
2026-05-26T19:17:45.583758Z,hit,7,15,-92,-8,-101,7,sf=7 seq=15 rx_rssi=-92 rx_snr=-8 tx_rssi=-101 tx_snr=7
2026-05-26T19:17:45.730984Z,hit,7,16,-92,-6,-99,9,sf=7 seq=16 rx_rssi=-92 rx_snr=-6 tx_rssi=-99 tx_snr=9
2026-05-26T19:17:45.878849Z,hit,7,17,-92,-6,-97,10,sf=7 seq=17 rx_rssi=-92 rx_snr=-6 tx_rssi=-97 tx_snr=10
2026-05-26T19:17:46.180409Z,miss,7,18,,,,,miss sf=7 seq=18
2026-05-26T19:17:46.484864Z,miss,7,19,,,,,miss sf=7 seq=19
2026-05-26T19:17:46.543283Z,info,,,,,,,=== SF7 summary: hits=9/20 per=55% rx_rssi_avg=-92 rx_snr_avg=-7 tx_rssi_avg=-99 tx_snr_avg=8 ===
2026-05-26T19:17:47.537209Z,miss,8,0,,,,,miss sf=8 seq=0
2026-05-26T19:17:47.771436Z,hit,8,1,-93,-10,-103,6,sf=8 seq=1 rx_rssi=-93 rx_snr=-10 tx_rssi=-103 tx_snr=6
2026-05-26T19:17:48.003092Z,hit,8,2,-92,-10,-102,7,sf=8 seq=2 rx_rssi=-92 rx_snr=-10 tx_rssi=-102 tx_snr=7
2026-05-26T19:17:48.550417Z,miss,8,3,,,,,miss sf=8 seq=3
2026-05-26T19:17:48.784862Z,hit,8,4,-93,-8,-101,8,sf=8 seq=4 rx_rssi=-93 rx_snr=-8 tx_rssi=-101 tx_snr=8
2026-05-26T19:17:48.946520Z,miss,8,5,,,,,miss sf=8 seq=5
2026-05-26T19:17:49.497134Z,miss,8,6,,,,,miss sf=8 seq=6
2026-05-26T19:17:49.731302Z,hit,8,7,-92,-5,-98,10,sf=8 seq=7 rx_rssi=-92 rx_snr=-5 tx_rssi=-98 tx_snr=10
2026-05-26T19:17:49.962495Z,hit,8,8,-92,-5,-98,9,sf=8 seq=8 rx_rssi=-92 rx_snr=-5 tx_rssi=-98 tx_snr=9
2026-05-26T19:17:50.193770Z,hit,8,9,-91,-3,-96,10,sf=8 seq=9 rx_rssi=-91 rx_snr=-3 tx_rssi=-96 tx_snr=10
2026-05-26T19:17:50.425379Z,hit,8,10,-92,-3,-95,11,sf=8 seq=10 rx_rssi=-92 rx_snr=-3 tx_rssi=-95 tx_snr=11
2026-05-26T19:17:50.656563Z,hit,8,11,-93,-7,-97,10,sf=8 seq=11 rx_rssi=-93 rx_snr=-7 tx_rssi=-97 tx_snr=10
2026-05-26T19:17:50.887769Z,hit,8,12,-92,-6,-101,8,sf=8 seq=12 rx_rssi=-92 rx_snr=-6 tx_rssi=-101 tx_snr=8
2026-05-26T19:17:51.119453Z,hit,8,13,-92,-5,-97,10,sf=8 seq=13 rx_rssi=-92 rx_snr=-5 tx_rssi=-97 tx_snr=10
2026-05-26T19:17:51.350634Z,hit,8,14,-92,-5,-98,10,sf=8 seq=14 rx_rssi=-92 rx_snr=-5 tx_rssi=-98 tx_snr=10
2026-05-26T19:17:51.581788Z,hit,8,15,-92,-3,-96,10,sf=8 seq=15 rx_rssi=-92 rx_snr=-3 tx_rssi=-96 tx_snr=10
2026-05-26T19:17:51.812989Z,hit,8,16,-92,-3,-95,11,sf=8 seq=16 rx_rssi=-92 rx_snr=-3 tx_rssi=-95 tx_snr=11
2026-05-26T19:17:52.044444Z,hit,8,17,-91,-3,-95,11,sf=8 seq=17 rx_rssi=-91 rx_snr=-3 tx_rssi=-95 tx_snr=11
2026-05-26T19:17:52.591876Z,miss,8,18,,,,,miss sf=8 seq=18
2026-05-26T19:17:53.142532Z,miss,8,19,,,,,miss sf=8 seq=19
2026-05-26T19:17:53.200926Z,info,,,,,,,=== SF8 summary: hits=14/20 per=30% rx_rssi_avg=-92 rx_snr_avg=-5 tx_rssi_avg=-98 tx_snr_avg=9 ===
2026-05-26T19:17:54.005827Z,hit,9,0,-91,-2,-93,10,sf=9 seq=0 rx_rssi=-91 rx_snr=-2 tx_rssi=-93 tx_snr=10
2026-05-26T19:17:54.364486Z,hit,9,1,-91,-2,-94,9,sf=9 seq=1 rx_rssi=-91 rx_snr=-2 tx_rssi=-94 tx_snr=9
2026-05-26T19:17:54.723140Z,hit,9,2,-91,0,-93,10,sf=9 seq=2 rx_rssi=-91 rx_snr=0 tx_rssi=-93 tx_snr=10
2026-05-26T19:17:55.081785Z,hit,9,3,-90,0,-92,10,sf=9 seq=3 rx_rssi=-90 rx_snr=0 tx_rssi=-92 tx_snr=10
2026-05-26T19:17:55.440234Z,info,,,,,,,sf=9 seq=4 rx_rssi=-91 rx_s-2 tx_rssi=-93 tx_snr=10
2026-05-26T19:17:55.799075Z,hit,9,5,-93,-7,-97,9,sf=9 seq=5 rx_rssi=-93 rx_snr=-7 tx_rssi=-97 tx_snr=9
2026-05-26T19:17:56.158035Z,hit,9,6,-92,-7,-100,7,sf=9 seq=6 rx_rssi=-92 rx_snr=-7 tx_rssi=-100 tx_snr=7
2026-05-26T19:17:56.516696Z,hit,9,7,-92,-6,-98,8,sf=9 seq=7 rx_rssi=-92 rx_snr=-6 tx_rssi=-98 tx_snr=8
2026-05-26T19:17:56.875090Z,hit,9,8,-92,-7,-99,7,sf=9 seq=8 rx_rssi=-92 rx_snr=-7 tx_rssi=-99 tx_snr=7
2026-05-26T19:17:57.234481Z,hit,9,9,-92,-6,-99,8,sf=9 seq=9 rx_rssi=-92 rx_snr=-6 tx_rssi=-99 tx_snr=8
2026-05-26T19:17:57.593022Z,hit,9,10,-92,-5,-98,8,sf=9 seq=10 rx_rssi=-92 rx_snr=-5 tx_rssi=-98 tx_snr=8
2026-05-26T19:17:57.951761Z,hit,9,11,-92,-4,-96,9,sf=9 seq=11 rx_rssi=-92 rx_snr=-4 tx_rssi=-96 tx_snr=9
2026-05-26T19:17:58.310400Z,hit,9,12,-92,-3,-95,9,sf=9 seq=12 rx_rssi=-92 rx_snr=-3 tx_rssi=-95 tx_snr=9
2026-05-26T19:17:58.669168Z,hit,9,13,-91,-3,-95,9,sf=9 seq=13 rx_rssi=-91 rx_snr=-3 tx_rssi=-95 tx_snr=9
2026-05-26T19:17:59.027933Z,hit,9,14,-91,-3,-95,9,sf=9 seq=14 rx_rssi=-91 rx_snr=-3 tx_rssi=-95 tx_snr=9
2026-05-26T19:17:59.386671Z,hit,9,15,-91,-3,-95,10,sf=9 seq=15 rx_rssi=-91 rx_snr=-3 tx_rssi=-95 tx_snr=10
2026-05-26T19:17:59.745370Z,hit,9,16,-91,-3,-95,9,sf=9 seq=16 rx_rssi=-91 rx_snr=-3 tx_rssi=-95 tx_snr=9
2026-05-26T19:18:00.104172Z,hit,9,17,-92,-7,-97,8,sf=9 seq=17 rx_rssi=-92 rx_snr=-7 tx_rssi=-97 tx_snr=8
2026-05-26T19:18:01.123590Z,miss,9,18,,,,,miss sf=9 seq=18
2026-05-26T19:18:02.145582Z,miss,9,19,,,,,miss sf=9 seq=19
2026-05-26T19:18:02.204018Z,info,,,,,,,=== SF9 summary: hits=18/20 per=10% rx_rssi_avg=-91 rx_snr_avg=-3 tx_rssi_avg=-95 tx_snr_avg=8 ===
2026-05-26T19:18:03.304561Z,hit,10,0,-88,2,-94,9,sf=10 seq=0 rx_rssi=-88 rx_snr=2 tx_rssi=-94 tx_snr=9
2026-05-26T19:18:03.959156Z,hit,10,1,-92,-6,-93,8,sf=10 seq=1 rx_rssi=-92 rx_snr=-6 tx_rssi=-93 tx_snr=8
2026-05-26T19:18:04.613512Z,info,,,,,,,sf=10 seq=2 rx_rssi=-93 rx-17 tx_rssi=-105 tx_snr=3
2026-05-26T19:18:05.268373Z,hit,10,3,-89,1,-96,7,sf=10 seq=3 rx_rssi=-89 rx_snr=1 tx_rssi=-96 tx_snr=7
2026-05-26T19:18:05.923118Z,hit,10,4,-88,2,-90,7,sf=10 seq=4 rx_rssi=-88 rx_snr=2 tx_rssi=-90 tx_snr=7
2026-05-26T19:18:06.577595Z,hit,10,5,-88,3,-88,9,sf=10 seq=5 rx_rssi=-88 rx_snr=3 tx_rssi=-88 tx_snr=9
2026-05-26T19:18:07.231974Z,hit,10,6,-89,2,-88,9,sf=10 seq=6 rx_rssi=-89 rx_snr=2 tx_rssi=-88 tx_snr=9
2026-05-26T19:18:07.886581Z,hit,10,7,-91,-1,-92,8,sf=10 seq=7 rx_rssi=-91 rx_snr=-1 tx_rssi=-92 tx_snr=8
2026-05-26T19:18:08.541650Z,hit,10,8,-89,2,-90,7,sf=10 seq=8 rx_rssi=-89 rx_snr=2 tx_rssi=-90 tx_snr=7
2026-05-26T19:18:09.195441Z,hit,10,9,-88,3,-89,8,sf=10 seq=9 rx_rssi=-88 rx_snr=3 tx_rssi=-89 tx_snr=8
2026-05-26T19:18:09.850307Z,hit,10,10,-88,4,-88,8,sf=10 seq=10 rx_rssi=-88 rx_snr=4 tx_rssi=-88 tx_snr=8
2026-05-26T19:18:10.504619Z,hit,10,11,-90,1,-90,8,sf=10 seq=11 rx_rssi=-90 rx_snr=1 tx_rssi=-90 tx_snr=8
2026-05-26T19:18:11.159116Z,hit,10,12,-91,-3,-94,8,sf=10 seq=12 rx_rssi=-91 rx_snr=-3 tx_rssi=-94 tx_snr=8
2026-05-26T19:18:11.813843Z,hit,10,13,-90,-1,-95,9,sf=10 seq=13 rx_rssi=-90 rx_snr=-1 tx_rssi=-95 tx_snr=9
2026-05-26T19:18:12.468194Z,hit,10,14,-88,3,-89,9,sf=10 seq=14 rx_rssi=-88 rx_snr=3 tx_rssi=-89 tx_snr=9
2026-05-26T19:18:13.726484Z,hit,10,16,-93,-10,-102,6,sf=10 seq=16 rx_rssi=-93 rx_snr=-10 tx_rssi=-102 tx_snr=6
2026-05-26T19:18:14.381154Z,hit,10,17,-92,-9,-103,5,sf=10 seq=17 rx_rssi=-92 rx_snr=-9 tx_rssi=-103 tx_snr=5
2026-05-26T19:18:16.363996Z,miss,10,18,,,,,miss sf=10 seq=18
2026-05-26T19:18:18.349633Z,miss,10,19,,,,,miss sf=10 seq=19
2026-05-26T19:18:18.408124Z,info,,,,,,,=== SF10 summary: hits=17/20 per=15% rx_rssi_avg=-89 rx_snr_avg=-1 tx_rssi_avg=-93 tx_snr_avg=7 ===
2026-05-26T19:18:20.101511Z,hit,11,0,-92,-6,-96,6,sf=11 seq=0 rx_rssi=-92 rx_snr=-6 tx_rssi=-96 tx_snr=6
2026-05-26T19:18:21.348469Z,info,,,,,,,sf=11 seq=1 rx_rs-92 rx_snr=-6 tx_rssi=-99 tx_snr=5
2026-05-26T19:18:22.596125Z,hit,11,2,-93,-8,-103,5,sf=11 seq=2 rx_rssi=-93 rx_snr=-8 tx_rssi=-103 tx_snr=5
2026-05-26T19:18:23.843242Z,hit,11,3,-92,-4,-97,6,sf=11 seq=3 rx_rssi=-92 rx_snr=-4 tx_rssi=-97 tx_snr=6
2026-05-26T19:18:25.090463Z,hit,11,4,-92,-5,-104,4,sf=11 seq=4 rx_rssi=-92 rx_snr=-5 tx_rssi=-104 tx_snr=4
2026-05-26T19:18:26.337462Z,hit,11,5,-92,-3,-93,6,sf=11 seq=5 rx_rssi=-92 rx_snr=-3 tx_rssi=-93 tx_snr=6
2026-05-26T19:18:27.584998Z,hit,11,6,-93,-11,-102,5,sf=11 seq=6 rx_rssi=-93 rx_snr=-11 tx_rssi=-102 tx_snr=5
2026-05-26T19:18:28.831971Z,hit,11,7,-92,-3,-96,6,sf=11 seq=7 rx_rssi=-92 rx_snr=-3 tx_rssi=-96 tx_snr=6
2026-05-26T19:18:30.079185Z,hit,11,8,-90,2,-92,6,sf=11 seq=8 rx_rssi=-90 rx_snr=2 tx_rssi=-92 tx_snr=6
2026-05-26T19:18:31.326509Z,hit,11,9,-92,-2,-92,6,sf=11 seq=9 rx_rssi=-92 rx_snr=-2 tx_rssi=-92 tx_snr=6
2026-05-26T19:18:32.573740Z,hit,11,10,-92,-4,-97,5,sf=11 seq=10 rx_rssi=-92 rx_snr=-4 tx_rssi=-97 tx_snr=5
2026-05-26T19:18:33.821360Z,hit,11,11,-93,-13,-106,3,sf=11 seq=11 rx_rssi=-93 rx_snr=-13 tx_rssi=-106 tx_snr=3
2026-05-26T19:18:35.068222Z,hit,11,12,-92,-1,-92,6,sf=11 seq=12 rx_rssi=-92 rx_snr=-1 tx_rssi=-92 tx_snr=6
2026-05-26T19:18:36.315508Z,hit,11,13,-89,2,-102,5,sf=11 seq=13 rx_rssi=-89 rx_snr=2 tx_rssi=-102 tx_snr=5
2026-05-26T19:18:37.562754Z,hit,11,14,-89,2,-90,6,sf=11 seq=14 rx_rssi=-89 rx_snr=2 tx_rssi=-90 tx_snr=6
2026-05-26T19:18:38.809950Z,hit,11,15,-92,-4,-97,7,sf=11 seq=15 rx_rssi=-92 rx_snr=-4 tx_rssi=-97 tx_snr=7
2026-05-26T19:18:40.057409Z,hit,11,16,-92,-6,-100,6,sf=11 seq=16 rx_rssi=-92 rx_snr=-6 tx_rssi=-100 tx_snr=6
2026-05-26T19:18:41.304524Z,hit,11,17,-93,-11,-91,6,sf=11 seq=17 rx_rssi=-93 rx_snr=-11 tx_rssi=-91 tx_snr=6
2026-05-26T19:18:45.214613Z,miss,11,18,,,,,miss sf=11 seq=18
2026-05-26T19:18:49.127623Z,miss,11,19,,,,,miss sf=11 seq=19
2026-05-26T19:18:49.185146Z,info,,,,,,,=== SF11 summary: hits=18/20 per=10% rx_-91 rx_snr_avg=-4 tx_rssi_avg=-97 tx_snr_avg=5 ===
2026-05-26T19:18:52.066864Z,hit,12,0,-93,-15,-100,5,sf=12 seq=0 rx_rssi=-93 rx_snr=-15 tx_rssi=-100 tx_snr=5
2026-05-26T19:18:54.501470Z,hit,12,1,-92,-6,-100,5,sf=12 seq=1 rx_rssi=-92 rx_snr=-6 tx_rssi=-100 tx_snr=5
2026-05-26T19:18:56.936130Z,hit,12,2,-92,-5,-100,4,sf=12 seq=2 rx_rssi=-92 rx_snr=-5 tx_rssi=-100 tx_snr=4
2026-05-26T19:18:59.370669Z,hit,12,3,-88,0,-98,6,sf=12 seq=3 rx_rssi=-88 rx_snr=0 tx_rssi=-98 tx_snr=6
2026-05-26T19:19:01.805376Z,hit,12,4,-88,1,-96,6,sf=12 seq=4 rx_rssi=-88 rx_snr=1 tx_rssi=-96 tx_snr=6
2026-05-26T19:19:04.240117Z,hit,12,5,-91,-4,-97,4,sf=12 seq=5 rx_rssi=-91 rx_snr=-4 tx_rssi=-97 tx_snr=4
2026-05-26T19:19:06.674797Z,hit,12,6,-85,2,-98,5,sf=12 seq=6 rx_rssi=-85 rx_snr=2 tx_rssi=-98 tx_snr=5
2026-05-26T19:19:09.109463Z,hit,12,7,-88,0,-102,5,sf=12 seq=7 rx_rssi=-88 rx_snr=0 tx_rssi=-102 tx_snr=5
2026-05-26T19:19:11.544081Z,hit,12,8,-86,3,-100,5,sf=12 seq=8 rx_rssi=-86 rx_snr=3 tx_rssi=-100 tx_snr=5
2026-05-26T19:19:13.978621Z,hit,12,9,-87,3,-94,5,sf=12 seq=9 rx_rssi=-87 rx_snr=3 tx_rssi=-94 tx_snr=5
2026-05-26T19:19:16.413434Z,hit,12,10,-86,0,-94,6,sf=12 seq=10 rx_rssi=-86 rx_snr=0 tx_rssi=-94 tx_snr=6
2026-05-26T19:19:18.847958Z,hit,12,11,-88,3,-87,6,sf=12 seq=11 rx_rssi=-88 rx_snr=3 tx_rssi=-87 tx_snr=6
2026-05-26T19:19:21.282724Z,hit,12,12,-85,1,-95,6,sf=12 seq=12 rx_rssi=-85 rx_snr=1 tx_rssi=-95 tx_snr=6
2026-05-26T19:19:23.717373Z,hit,12,13,-87,2,-85,6,sf=12 seq=13 rx_rssi=-87 rx_snr=2 tx_rssi=-85 tx_snr=6
2026-05-26T19:19:26.152320Z,hit,12,14,-82,5,-85,6,sf=12 seq=14 rx_rssi=-82 rx_snr=5 tx_rssi=-85 tx_snr=6
2026-05-26T19:19:28.586726Z,hit,12,15,-80,5,-81,6,sf=12 seq=15 rx_rssi=-80 rx_snr=5 tx_rssi=-81 tx_snr=6
2026-05-26T19:19:31.021379Z,hit,12,16,-80,5,-82,6,sf=12 seq=16 rx_rssi=-80 rx_snr=5 tx_rssi=-82 tx_snr=6
2026-05-26T19:19:33.455939Z,info,,,,,,,sf=12 seq=17 rx_rssi-78 rx_snr=5 tx_rssi=-80 tx_snr=6
2026-05-26T19:19:41.220584Z,miss,12,18,,,,,miss sf=12 seq=18
2026-05-26T19:19:48.988186Z,miss,12,19,,,,,miss sf=12 seq=19
2026-05-26T19:19:49.046383Z,info,,,,,,,=== SF12 summary: hits=18/20 per=10% rx_rssi_avg=-86 rx_snr_avg=0 tx_rssi_avg=-93 tx_snr_avg=5 ===
2026-05-26T19:19:49.640015Z,hit,7,0,-79,10,-79,12,sf=7 seq=0 rx_rssi=-79 rx_snr=10 tx_rssi=-79 tx_snr=12
2026-05-26T19:19:49.787456Z,hit,7,1,-80,10,-80,12,sf=7 seq=1 rx_rssi=-80 rx_snr=10 tx_rssi=-80 tx_snr=12
2026-05-26T19:19:49.934811Z,hit,7,2,-81,9,-81,12,sf=7 seq=2 rx_rssi=-81 rx_snr=9 tx_rssi=-81 tx_snr=12
2026-05-26T19:19:50.082443Z,hit,7,3,-83,7,-83,12,sf=7 seq=3 rx_rssi=-83 rx_snr=7 tx_rssi=-83 tx_snr=12
2026-05-26T19:19:50.229853Z,hit,7,4,-82,9,-83,12,sf=7 seq=4 rx_rssi=-82 rx_snr=9 tx_rssi=-83 tx_snr=12
2026-05-26T19:19:50.377266Z,hit,7,5,-79,10,-80,12,sf=7 seq=5 rx_rssi=-79 rx_snr=10 tx_rssi=-80 tx_snr=12
2026-05-26T19:19:50.524801Z,hit,7,6,-79,10,-79,12,sf=7 seq=6 rx_rssi=-79 rx_snr=10 tx_rssi=-79 tx_snr=12
2026-05-26T19:19:50.672213Z,hit,7,7,-79,10,-80,12,sf=7 seq=7 rx_rssi=-79 rx_snr=10 tx_rssi=-80 tx_snr=12
2026-05-26T19:19:50.819985Z,hit,7,8,-78,10,-80,13,sf=7 seq=8 rx_rssi=-78 rx_snr=10 tx_rssi=-80 tx_snr=13
2026-05-26T19:19:50.967295Z,hit,7,9,-77,10,-78,12,sf=7 seq=9 rx_rssi=-77 rx_snr=10 tx_rssi=-78 tx_snr=12
2026-05-26T19:19:51.114672Z,hit,7,10,-77,11,-77,12,sf=7 seq=10 rx_rssi=-77 rx_snr=11 tx_rssi=-77 tx_snr=12
2026-05-26T19:19:51.261983Z,hit,7,11,-78,11,-78,12,sf=7 seq=11 rx_rssi=-78 rx_snr=11 tx_rssi=-78 tx_snr=12
2026-05-26T19:19:51.409330Z,hit,7,12,-81,9,-81,13,sf=7 seq=12 rx_rssi=-81 rx_snr=9 tx_rssi=-81 tx_snr=13
2026-05-26T19:19:51.556665Z,hit,7,13,-83,9,-82,13,sf=7 seq=13 rx_rssi=-83 rx_snr=9 tx_rssi=-82 tx_snr=13
2026-05-26T19:19:51.704130Z,hit,7,14,-84,7,-83,12,sf=7 seq=14 rx_rssi=-84 rx_snr=7 tx_rssi=-83 tx_snr=12
2026-05-26T19:19:51.850996Z,info,,,,,,,sf=7 seq=15 -86 rx_snr=5 tx_rssi=-85 tx_snr=12
2026-05-26T19:19:51.999098Z,hit,7,16,-90,1,-91,11,sf=7 seq=16 rx_rssi=-90 rx_snr=1 tx_rssi=-91 tx_snr=11
2026-05-26T19:19:52.146473Z,hit,7,17,-89,2,-92,11,sf=7 seq=17 rx_rssi=-89 rx_snr=2 tx_rssi=-92 tx_snr=11
2026-05-26T19:19:52.448218Z,miss,7,18,,,,,miss sf=7 seq=18
2026-05-26T19:19:52.752674Z,miss,7,19,,,,,miss sf=7 seq=19
2026-05-26T19:19:52.811141Z,info,,,,,,,=== SF7 summary: hits=18/20 per=10% rx_rssi_avg=-81 rx_snr_avg=8 tx_rssi_avg=-81 tx_snr_avg=12 ===
2026-05-26T19:19:53.488442Z,hit,8,0,-82,9,-81,13,sf=8 seq=0 rx_rssi=-82 rx_snr=9 tx_rssi=-81 tx_snr=13
2026-05-26T19:19:53.719821Z,hit,8,1,-83,8,-82,14,sf=8 seq=1 rx_rssi=-83 rx_snr=8 tx_rssi=-82 tx_snr=14
2026-05-26T19:19:53.951209Z,hit,8,2,-81,9,-82,15,sf=8 seq=2 rx_rssi=-81 rx_snr=9 tx_rssi=-82 tx_snr=15
2026-05-26T19:19:54.182559Z,hit,8,3,-80,10,-80,13,sf=8 seq=3 rx_rssi=-80 rx_snr=10 tx_rssi=-80 tx_snr=13
2026-05-26T19:19:54.413890Z,hit,8,4,-83,7,-82,14,sf=8 seq=4 rx_rssi=-83 rx_snr=7 tx_rssi=-82 tx_snr=14
2026-05-26T19:19:54.645296Z,hit,8,5,-85,7,-84,13,sf=8 seq=5 rx_rssi=-85 rx_snr=7 tx_rssi=-84 tx_snr=13
2026-05-26T19:19:54.876009Z,hit,8,6,-91,0,-88,13,sf=8 seq=6 rx_rssi=-91 rx_snr=0 tx_rssi=-88 tx_snr=13
2026-05-26T19:19:55.107435Z,hit,8,7,-86,5,-91,12,sf=8 seq=7 rx_rssi=-86 rx_snr=5 tx_rssi=-91 tx_snr=12
2026-05-26T19:19:55.338503Z,hit,8,8,-83,9,-83,13,sf=8 seq=8 rx_rssi=-83 rx_snr=9 tx_rssi=-83 tx_snr=13
2026-05-26T19:19:55.570043Z,hit,8,9,-83,7,-83,14,sf=8 seq=9 rx_rssi=-83 rx_snr=7 tx_rssi=-83 tx_snr=14
2026-05-26T19:19:55.801368Z,hit,8,10,-91,-2,-88,13,sf=8 seq=10 rx_rssi=-91 rx_snr=-2 tx_rssi=-88 tx_snr=13
2026-05-26T19:19:56.032545Z,hit,8,11,-90,1,-94,11,sf=8 seq=11 rx_rssi=-90 rx_snr=1 tx_rssi=-94 tx_snr=11
2026-05-26T19:19:56.263768Z,hit,8,12,-91,-3,-92,11,sf=8 seq=12 rx_rssi=-91 rx_snr=-3 tx_rssi=-92 tx_snr=11
2026-05-26T19:19:56.494890Z,info,,,,,,,sf=8 seq=13 rx_rssi-91 rx_snr=-2 tx_rssi=-95 tx_snr=10
2026-05-26T19:19:56.726141Z,hit,8,14,-89,2,-92,12,sf=8 seq=14 rx_rssi=-89 rx_snr=2 tx_rssi=-92 tx_snr=12
2026-05-26T19:19:56.957390Z,hit,8,15,-87,5,-87,12,sf=8 seq=15 rx_rssi=-87 rx_snr=5 tx_rssi=-87 tx_snr=12
2026-05-26T19:19:57.188569Z,hit,8,16,-85,7,-86,13,sf=8 seq=16 rx_rssi=-85 rx_snr=7 tx_rssi=-86 tx_snr=13
2026-05-26T19:19:57.419998Z,hit,8,17,-86,6,-84,13,sf=8 seq=17 rx_rssi=-86 rx_snr=6 tx_rssi=-84 tx_snr=13
2026-05-26T19:19:57.967751Z,miss,8,18,,,,,miss sf=8 seq=18
2026-05-26T19:19:58.518406Z,miss,8,19,,,,,miss sf=8 seq=19
2026-05-26T19:19:58.576876Z,info,,,,,,,=== SF8 summary: hits=18/20 per=10% rx_rssi_avg=-85 rx_snr_avg=4 tx_rssi_avg=-86 tx_snr_avg=12 ===
2026-05-26T19:19:59.381677Z,hit,9,0,-92,-6,-87,10,sf=9 seq=0 rx_rssi=-92 rx_snr=-6 tx_rssi=-87 tx_snr=10
2026-05-26T19:19:59.740269Z,hit,9,1,-83,7,-84,10,sf=9 seq=1 rx_rssi=-83 rx_snr=7 tx_rssi=-84 tx_snr=10
2026-05-26T19:20:00.098794Z,hit,9,2,-88,3,-86,10,sf=9 seq=2 rx_rssi=-88 rx_snr=3 tx_rssi=-86 tx_snr=10
2026-05-26T19:20:00.457552Z,hit,9,3,-88,4,-88,11,sf=9 seq=3 rx_rssi=-88 rx_snr=4 tx_rssi=-88 tx_snr=11
2026-05-26T19:20:00.816073Z,hit,9,4,-90,0,-94,9,sf=9 seq=4 rx_rssi=-90 rx_snr=0 tx_rssi=-94 tx_snr=9
2026-05-26T19:20:01.835626Z,miss,9,5,,,,,miss sf=9 seq=5
2026-05-26T19:20:02.197058Z,hit,9,6,-88,3,-91,11,sf=9 seq=6 rx_rssi=-88 rx_snr=3 tx_rssi=-91 tx_snr=11
2026-05-26T19:20:02.555652Z,hit,9,7,-90,0,-90,10,sf=9 seq=7 rx_rssi=-90 rx_snr=0 tx_rssi=-90 tx_snr=10
2026-05-26T19:20:02.914467Z,hit,9,8,-83,6,-87,11,sf=9 seq=8 rx_rssi=-83 rx_snr=6 tx_rssi=-87 tx_snr=11
2026-05-26T19:20:03.273226Z,hit,9,9,-78,10,-79,11,sf=9 seq=9 rx_rssi=-78 rx_snr=10 tx_rssi=-79 tx_snr=11
2026-05-26T19:20:03.632022Z,hit,9,10,-79,9,-78,11,sf=9 seq=10 rx_rssi=-79 rx_snr=9 tx_rssi=-78 tx_snr=11
2026-05-26T19:20:03.990527Z,hit,9,11,-77,9,-79,11,sf=9 seq=11 rx_rssi=-77 rx_snr=9 tx_rssi=-79 tx_snr=11
2026-05-26T19:20:04.349334Z,info,,,,,,,sf9 seq=12 rx_rssi=-77 rx_snr=10 tx_rssi=-77 tx_snr=11
2026-05-26T19:20:04.708173Z,hit,9,13,-73,10,-75,11,sf=9 seq=13 rx_rssi=-73 rx_snr=10 tx_rssi=-75 tx_snr=11
2026-05-26T19:20:05.066805Z,hit,9,14,-73,10,-73,11,sf=9 seq=14 rx_rssi=-73 rx_snr=10 tx_rssi=-73 tx_snr=11
2026-05-26T19:20:05.425423Z,hit,9,15,-75,10,-74,11,sf=9 seq=15 rx_rssi=-75 rx_snr=10 tx_rssi=-74 tx_snr=11
2026-05-26T19:20:05.783995Z,hit,9,16,-75,10,-74,10,sf=9 seq=16 rx_rssi=-75 rx_snr=10 tx_rssi=-74 tx_snr=10
2026-05-26T19:20:06.142597Z,hit,9,17,-76,10,-75,10,sf=9 seq=17 rx_rssi=-76 rx_snr=10 tx_rssi=-75 tx_snr=10
2026-05-26T19:20:07.161996Z,miss,9,18,,,,,miss sf=9 seq=18
2026-05-26T19:20:08.184091Z,miss,9,19,,,,,miss sf=9 seq=19
2026-05-26T19:20:08.243117Z,info,,,,,,,=== SF9 summary: hits=17/20 per=15% rx_rssi_avg=-81 rx_snr_avg=6 tx_rssi_avg=-81 tx_snr_avg=10 ===
2026-05-26T19:20:09.342987Z,hit,10,0,-78,7,-75,8,sf=10 seq=0 rx_rssi=-78 rx_snr=7 tx_rssi=-75 tx_snr=8
2026-05-26T19:20:09.997830Z,hit,10,1,-78,7,-77,8,sf=10 seq=1 rx_rssi=-78 rx_snr=7 tx_rssi=-77 tx_snr=8
2026-05-26T19:20:10.652303Z,hit,10,2,-84,6,-84,9,sf=10 seq=2 rx_rssi=-84 rx_snr=6 tx_rssi=-84 tx_snr=9
2026-05-26T19:20:11.306716Z,hit,10,3,-74,8,-78,8,sf=10 seq=3 rx_rssi=-74 rx_snr=8 tx_rssi=-78 tx_snr=8
2026-05-26T19:20:11.961298Z,hit,10,4,-77,8,-77,8,sf=10 seq=4 rx_rssi=-77 rx_snr=8 tx_rssi=-77 tx_snr=8
2026-05-26T19:20:12.615985Z,hit,10,5,-80,7,-85,8,sf=10 seq=5 rx_rssi=-80 rx_snr=7 tx_rssi=-85 tx_snr=8
2026-05-26T19:20:13.270323Z,hit,10,6,-83,6,-80,8,sf=10 seq=6 rx_rssi=-83 rx_snr=6 tx_rssi=-80 tx_snr=8
2026-05-26T19:20:13.924908Z,hit,10,7,-79,7,-83,8,sf=10 seq=7 rx_rssi=-79 rx_snr=7 tx_rssi=-83 tx_snr=8
2026-05-26T19:20:14.579630Z,hit,10,8,-82,6,-82,8,sf=10 seq=8 rx_rssi=-82 rx_snr=6 tx_rssi=-82 tx_snr=8
2026-05-26T19:20:15.888521Z,hit,10,9,-88,4,-83,8,sf=10 seq=9 rx_rssi=-88 rx_snr=4 tx_rssi=-83 tx_snr=8sf=10 seq=10 rx_rssi=-85 rx_snr=5 tx_rssi=-82 tx_snr=9
2026-05-26T19:20:16.543008Z,hit,10,11,-83,7,-81,8,sf=10 seq=11 rx_rssi=-83 rx_snr=7 tx_rssi=-81 tx_snr=8
2026-05-26T19:20:17.197536Z,hit,10,12,-78,8,-82,9,sf=10 seq=12 rx_rssi=-78 rx_snr=8 tx_rssi=-82 tx_snr=9
2026-05-26T19:20:17.852093Z,hit,10,13,-77,8,-76,8,sf=10 seq=13 rx_rssi=-77 rx_snr=8 tx_rssi=-76 tx_snr=8
2026-05-26T19:20:18.506419Z,hit,10,14,-90,2,-86,8,sf=10 seq=14 rx_rssi=-90 rx_snr=2 tx_rssi=-86 tx_snr=8
2026-05-26T19:20:19.160903Z,hit,10,15,-80,7,-81,8,sf=10 seq=15 rx_rssi=-80 rx_snr=7 tx_rssi=-81 tx_snr=8
2026-05-26T19:20:19.815450Z,hit,10,16,-83,6,-82,8,sf=10 seq=16 rx_rssi=-83 rx_snr=6 tx_rssi=-82 tx_snr=8
2026-05-26T19:20:20.469873Z,hit,10,17,-89,-1,-88,8,sf=10 seq=17 rx_rssi=-89 rx_snr=-1 tx_rssi=-88 tx_snr=8
2026-05-26T19:20:22.452872Z,miss,10,18,,,,,miss sf=10 seq=18
2026-05-26T19:20:24.438565Z,miss,10,19,,,,,miss sf=10 seq=19
2026-05-26T19:20:24.497034Z,info,,,,,,,=== SF10 summary: hits=18/20 per=10% rx_rssi_avg=-81 rx_snr_avg=6 tx_rssi_avg=-81 tx_snr_avg=8 ===
2026-05-26T19:20:26.190197Z,hit,11,0,-77,6,-87,6,sf=11 seq=0 rx_rssi=-77 rx_snr=6 tx_rssi=-87 tx_snr=6
2026-05-26T19:20:27.437377Z,hit,11,1,-81,6,-77,8,sf=11 seq=1 rx_rssi=-81 rx_snr=6 tx_rssi=-77 tx_snr=8
2026-05-26T19:20:28.684561Z,hit,11,2,-74,7,-79,7,sf=11 seq=2 rx_rssi=-74 rx_snr=7 tx_rssi=-79 tx_snr=7
2026-05-26T19:20:29.931882Z,hit,11,3,-74,6,-79,7,sf=11 seq=3 rx_rssi=-74 rx_snr=6 tx_rssi=-79 tx_snr=7
2026-05-26T19:20:31.179039Z,hit,11,4,-77,7,-78,7,sf=11 seq=4 rx_rssi=-77 rx_snr=7 tx_rssi=-78 tx_snr=7
2026-05-26T19:20:32.426341Z,hit,11,5,-81,6,-79,7,sf=11 seq=5 rx_rssi=-81 rx_snr=6 tx_rssi=-79 tx_snr=7
2026-05-26T19:20:33.673544Z,hit,11,6,-77,7,-77,7,sf=11 seq=6 rx_rssi=-77 rx_snr=7 tx_rssi=-77 tx_snr=7
2026-05-26T19:20:34.920681Z,hit,11,7,-82,6,-77,7,sf=11 seq=7 rx_rssi=-82 rx_snr=6 tx_rssi=-77 tx_snr=7
2026-05-26T19:20:36.167888Z,hit,11,8,-78,7,-78,7,sf=11 seq=8 rx_rssi=-78 rx_snr=7 tx_rssi=-78 tx_snr=7
2026-05-26T19:20:37.415285Z,hit,11,9,-77,6,-82,8,sf=11 seq=9 rx_rssi=-77 rx_snr=6 tx_rssi=-82 tx_snr=8
2026-05-26T19:20:38.662678Z,hit,11,10,-77,6,-83,7,sf=11 seq=10 rx_rssi=-77 rx_snr=6 tx_rssi=-83 tx_snr=7
2026-05-26T19:20:39.909670Z,hit,11,11,-75,7,-81,7,sf=11 seq=11 rx_rssi=-75 rx_snr=7 tx_rssi=-81 tx_snr=7
2026-05-26T19:20:41.156884Z,hit,11,12,-72,6,-73,7,sf=11 seq=12 rx_rssi=-72 rx_snr=6 tx_rssi=-73 tx_snr=7
2026-05-26T19:20:42.404093Z,hit,11,13,-75,7,-77,7,sf=11 seq=13 rx_rssi=-75 rx_snr=7 tx_rssi=-77 tx_snr=7
2026-05-26T19:20:43.651231Z,hit,11,14,-75,8,-75,7,sf=11 seq=14 rx_rssi=-75 rx_snr=8 tx_rssi=-75 tx_snr=7
2026-05-26T19:20:44.898543Z,hit,11,15,-71,7,-73,7,sf=11 seq=15 rx_rssi=-71 rx_snr=7 tx_rssi=-73 tx_snr=7
2026-05-26T19:20:46.145588Z,hit,11,16,-68,8,-68,8,sf=11 seq=16 rx_rssi=-68 rx_snr=8 tx_rssi=-68 tx_snr=8
2026-05-26T19:20:47.392795Z,hit,11,17,-71,7,-69,7,sf=11 seq=17 rx_rssi=-71 rx_snr=7 tx_rssi=-69 tx_snr=7
2026-05-26T19:20:51.303149Z,miss,11,18,,,,,miss sf=11 seq=18
2026-05-26T19:20:55.216029Z,miss,11,19,,,,,miss sf=11 seq=19
2026-05-26T19:20:55.274215Z,info,,,,,,,=== SF11 summary: hits=18/20 per=10% rx_rssi_avg=-75 rx_snr_avg=6 tx_rssi_avg=-77 tx_snr_avg=7 ===
2026-05-26T19:20:58.154912Z,hit,12,0,-67,6,-69,6,sf=12 seq=0 rx_rssi=-67 rx_snr=6 tx_rssi=-69 tx_snr=6
2026-05-26T19:21:00.589483Z,hit,12,1,-71,7,-69,6,sf=12 seq=1 rx_rssi=-71 rx_snr=7 tx_rssi=-69 tx_snr=6
2026-05-26T19:21:03.024459Z,hit,12,2,-61,6,-64,7,sf=12 seq=2 rx_rssi=-61 rx_snr=6 tx_rssi=-64 tx_snr=7
2026-05-26T19:21:05.458855Z,hit,12,3,-69,6,-67,6,sf=12 seq=3 rx_rssi=-69 rx_snr=6 tx_rssi=-67 tx_snr=6
2026-05-26T19:21:07.893635Z,hit,12,4,-74,6,-71,6,sf=12 seq=4 rx_rssi=-74 rx_snr=6 tx_rssi=-71 tx_snr=6
2026-05-26T19:21:10.327988Z,info,,,,,,,sf=12 seq=5 rx_rssi=-71 rx_snr=6 tx_rssi=-71 tx_sn6
2026-05-26T19:21:12.762958Z,hit,12,6,-76,5,-68,6,sf=12 seq=6 rx_rssi=-76 rx_snr=5 tx_rssi=-68 tx_snr=6
2026-05-26T19:21:15.197712Z,hit,12,7,-72,6,-65,6,sf=12 seq=7 rx_rssi=-72 rx_snr=6 tx_rssi=-65 tx_snr=6
2026-05-26T19:21:17.632280Z,hit,12,8,-74,6,-69,7,sf=12 seq=8 rx_rssi=-74 rx_snr=6 tx_rssi=-69 tx_snr=7
2026-05-26T19:21:20.066969Z,hit,12,9,-66,6,-79,6,sf=12 seq=9 rx_rssi=-66 rx_snr=6 tx_rssi=-79 tx_snr=6
2026-05-26T19:21:22.501685Z,hit,12,10,-66,6,-70,7,sf=12 seq=10 rx_rssi=-66 rx_snr=6 tx_rssi=-70 tx_snr=7
2026-05-26T19:21:24.936328Z,hit,12,11,-67,6,-69,6,sf=12 seq=11 rx_rssi=-67 rx_snr=6 tx_rssi=-69 tx_snr=6
2026-05-26T19:21:27.371130Z,hit,12,12,-66,6,-75,6,sf=12 seq=12 rx_rssi=-66 rx_snr=6 tx_rssi=-75 tx_snr=6
2026-05-26T19:21:29.805785Z,hit,12,13,-67,6,-59,6,sf=12 seq=13 rx_rssi=-67 rx_snr=6 tx_rssi=-59 tx_snr=6
2026-05-26T19:21:32.240270Z,hit,12,14,-65,6,-62,7,sf=12 seq=14 rx_rssi=-65 rx_snr=6 tx_rssi=-62 tx_snr=7
2026-05-26T19:21:34.675040Z,hit,12,15,-71,6,-66,7,sf=12 seq=15 rx_rssi=-71 rx_snr=6 tx_rssi=-66 tx_snr=7
2026-05-26T19:21:37.109690Z,hit,12,16,-58,6,-61,6,sf=12 seq=16 rx_rssi=-58 rx_snr=6 tx_rssi=-61 tx_snr=6
2026-05-26T19:21:39.544311Z,hit,12,17,-58,6,-58,6,sf=12 seq=17 rx_rssi=-58 rx_snr=6 tx_rssi=-58 tx_snr=6
2026-05-26T19:21:47.309011Z,miss,12,18,,,,,miss sf=12 seq=18
2026-05-26T19:21:55.076345Z,miss,12,19,,,,,miss sf=12 seq=19
2026-05-26T19:21:55.134678Z,info,,,,,,,=== SF12 summary: hits=18/20 per=10% rx_rssi_avg=-67 rx_snr_avg=6 tx_rssi_avg=-67 tx_snr_avg=6 ===
2026-05-26T19:21:55.728279Z,hit,7,0,-68,12,-68,12,sf=7 seq=0 rx_rssi=-68 rx_snr=12 tx_rssi=-68 tx_snr=12
2026-05-26T19:21:55.875787Z,hit,7,1,-68,12,-68,13,sf=7 seq=1 rx_rssi=-68 rx_snr=12 tx_rssi=-68 tx_snr=13
2026-05-26T19:21:56.023035Z,hit,7,2,-67,13,-68,13,sf=7 seq=2 rx_rssi=-67 rx_snr=13 tx_rssi=-68 tx_snr=13
2026-05-26T19:21:56.170302Z,info,,,,,,,sf=7 seq=3 rx_rssi=-66 rx_snr=12 tx_rssi=-66 tx12
2026-05-26T19:21:56.318119Z,hit,7,4,-66,12,-66,12,sf=7 seq=4 rx_rssi=-66 rx_snr=12 tx_rssi=-66 tx_snr=12
2026-05-26T19:21:56.465576Z,hit,7,5,-66,12,-66,12,sf=7 seq=5 rx_rssi=-66 rx_snr=12 tx_rssi=-66 tx_snr=12
2026-05-26T19:21:56.612821Z,hit,7,6,-66,12,-65,12,sf=7 seq=6 rx_rssi=-66 rx_snr=12 tx_rssi=-65 tx_snr=12
2026-05-26T19:21:56.760382Z,hit,7,7,-67,13,-66,12,sf=7 seq=7 rx_rssi=-67 rx_snr=13 tx_rssi=-66 tx_snr=12
2026-05-26T19:21:56.907773Z,hit,7,8,-67,13,-67,13,sf=7 seq=8 rx_rssi=-67 rx_snr=13 tx_rssi=-67 tx_snr=13
2026-05-26T19:21:57.055280Z,hit,7,9,-68,13,-67,12,sf=7 seq=9 rx_rssi=-68 rx_snr=13 tx_rssi=-67 tx_snr=12
2026-05-26T19:21:57.202788Z,hit,7,10,-67,13,-67,12,sf=7 seq=10 rx_rssi=-67 rx_snr=13 tx_rssi=-67 tx_snr=12
2026-05-26T19:21:57.350265Z,hit,7,11,-67,13,-67,12,sf=7 seq=11 rx_rssi=-67 rx_snr=13 tx_rssi=-67 tx_snr=12
2026-05-26T19:21:57.497677Z,hit,7,12,-68,12,-67,13,sf=7 seq=12 rx_rssi=-68 rx_snr=12 tx_rssi=-67 tx_snr=13
2026-05-26T19:21:57.645022Z,hit,7,13,-69,13,-69,12,sf=7 seq=13 rx_rssi=-69 rx_snr=13 tx_rssi=-69 tx_snr=12
2026-05-26T19:21:57.792402Z,hit,7,14,-69,13,-69,12,sf=7 seq=14 rx_rssi=-69 rx_snr=13 tx_rssi=-69 tx_snr=12
2026-05-26T19:21:57.939842Z,hit,7,15,-69,12,-69,12,sf=7 seq=15 rx_rssi=-69 rx_snr=12 tx_rssi=-69 tx_snr=12
2026-05-26T19:21:58.087697Z,hit,7,16,-70,12,-70,12,sf=7 seq=16 rx_rssi=-70 rx_snr=12 tx_rssi=-70 tx_snr=12
2026-05-26T19:21:58.234504Z,hit,7,17,-71,13,-71,13,sf=7 seq=17 rx_rssi=-71 rx_snr=13 tx_rssi=-71 tx_snr=13
2026-05-26T19:21:58.536237Z,miss,7,18,,,,,miss sf=7 seq=18
2026-05-26T19:21:58.840791Z,miss,7,19,,,,,miss sf=7 seq=19
2026-05-26T19:21:58.899210Z,info,,,,,,,=== SF7 summary: hits=18/20 per=10% rx_rssi_avg=-67 rx_snr_avg=12 tx_rssi_avg=-67 tx_snr_avg=12 ===
2026-05-26T19:21:59.576506Z,hit,8,0,-69,12,-69,12,sf=8 seq=0 rx_rssi=-69 rx_snr=12 tx_rssi=-69 tx_snr=12
2026-05-26T19:21:59.807363Z,info,,,,,,,sf=8 seq=1 rx_rssi=-66 rx_snr=12 tx-67 tx_snr=14
2026-05-26T19:22:00.039043Z,hit,8,2,-65,13,-65,13,sf=8 seq=2 rx_rssi=-65 rx_snr=13 tx_rssi=-65 tx_snr=13
2026-05-26T19:22:00.270806Z,hit,8,3,-65,12,-65,13,sf=8 seq=3 rx_rssi=-65 rx_snr=12 tx_rssi=-65 tx_snr=13
2026-05-26T19:22:00.501777Z,hit,8,4,-64,14,-64,14,sf=8 seq=4 rx_rssi=-64 rx_snr=14 tx_rssi=-64 tx_snr=14
2026-05-26T19:22:00.733122Z,hit,8,5,-64,14,-64,13,sf=8 seq=5 rx_rssi=-64 rx_snr=14 tx_rssi=-64 tx_snr=13
2026-05-26T19:22:00.964380Z,hit,8,6,-65,12,-65,12,sf=8 seq=6 rx_rssi=-65 rx_snr=12 tx_rssi=-65 tx_snr=12
2026-05-26T19:22:01.195452Z,hit,8,7,-64,14,-64,14,sf=8 seq=7 rx_rssi=-64 rx_snr=14 tx_rssi=-64 tx_snr=14
2026-05-26T19:22:01.426850Z,hit,8,8,-64,13,-63,12,sf=8 seq=8 rx_rssi=-64 rx_snr=13 tx_rssi=-63 tx_snr=12
2026-05-26T19:22:01.658032Z,hit,8,9,-63,12,-63,12,sf=8 seq=9 rx_rssi=-63 rx_snr=12 tx_rssi=-63 tx_snr=12
2026-05-26T19:22:01.889241Z,hit,8,10,-64,13,-64,13,sf=8 seq=10 rx_rssi=-64 rx_snr=13 tx_rssi=-64 tx_snr=13
2026-05-26T19:22:02.120779Z,hit,8,11,-65,12,-65,12,sf=8 seq=11 rx_rssi=-65 rx_snr=12 tx_rssi=-65 tx_snr=12
2026-05-26T19:22:02.351888Z,hit,8,12,-63,13,-64,13,sf=8 seq=12 rx_rssi=-63 rx_snr=13 tx_rssi=-64 tx_snr=13
2026-05-26T19:22:02.583048Z,hit,8,13,-63,13,-63,12,sf=8 seq=13 rx_rssi=-63 rx_snr=13 tx_rssi=-63 tx_snr=12
2026-05-26T19:22:02.814391Z,hit,8,14,-65,12,-64,13,sf=8 seq=14 rx_rssi=-65 rx_snr=12 tx_rssi=-64 tx_snr=13
2026-05-26T19:22:03.045575Z,hit,8,15,-65,12,-65,12,sf=8 seq=15 rx_rssi=-65 rx_snr=12 tx_rssi=-65 tx_snr=12
2026-05-26T19:22:03.276775Z,hit,8,16,-64,14,-64,14,sf=8 seq=16 rx_rssi=-64 rx_snr=14 tx_rssi=-64 tx_snr=14
2026-05-26T19:22:03.507899Z,hit,8,17,-65,12,-64,14,sf=8 seq=17 rx_rssi=-65 rx_snr=12 tx_rssi=-64 tx_snr=14
2026-05-26T19:22:04.055685Z,miss,8,18,,,,,miss sf=8 seq=18
2026-05-26T19:22:04.606366Z,miss,8,19,,,,,miss sf=8 seq=19
2026-05-26T19:22:04.663921Z,info,,,,,,,=== SF8 summary: hits=18/20 per=10% rx_rssi_avg=-64 rx_snr_avg=12 tx_-64 tx_snr_avg=12 ===
2026-05-26T19:22:05.469533Z,hit,9,0,-66,11,-64,11,sf=9 seq=0 rx_rssi=-66 rx_snr=11 tx_rssi=-64 tx_snr=11
2026-05-26T19:22:05.827958Z,hit,9,1,-64,11,-65,11,sf=9 seq=1 rx_rssi=-64 rx_snr=11 tx_rssi=-65 tx_snr=11
2026-05-26T19:22:06.186755Z,hit,9,2,-65,11,-65,11,sf=9 seq=2 rx_rssi=-65 rx_snr=11 tx_rssi=-65 tx_snr=11
2026-05-26T19:22:06.545407Z,hit,9,3,-65,11,-65,11,sf=9 seq=3 rx_rssi=-65 rx_snr=11 tx_rssi=-65 tx_snr=11
2026-05-26T19:22:06.904062Z,hit,9,4,-66,11,-65,11,sf=9 seq=4 rx_rssi=-66 rx_snr=11 tx_rssi=-65 tx_snr=11
2026-05-26T19:22:07.262767Z,hit,9,5,-66,10,-65,11,sf=9 seq=5 rx_rssi=-66 rx_snr=10 tx_rssi=-65 tx_snr=11
2026-05-26T19:22:07.621351Z,hit,9,6,-66,10,-65,11,sf=9 seq=6 rx_rssi=-66 rx_snr=10 tx_rssi=-65 tx_snr=11
2026-05-26T19:22:07.979998Z,hit,9,7,-66,11,-65,11,sf=9 seq=7 rx_rssi=-66 rx_snr=11 tx_rssi=-65 tx_snr=11
2026-05-26T19:22:08.338904Z,hit,9,8,-65,11,-65,11,sf=9 seq=8 rx_rssi=-65 rx_snr=11 tx_rssi=-65 tx_snr=11
2026-05-26T19:22:08.697535Z,hit,9,9,-66,11,-65,11,sf=9 seq=9 rx_rssi=-66 rx_snr=11 tx_rssi=-65 tx_snr=11
2026-05-26T19:22:09.056202Z,hit,9,10,-65,10,-65,11,sf=9 seq=10 rx_rssi=-65 rx_snr=10 tx_rssi=-65 tx_snr=11
2026-05-26T19:22:09.414953Z,hit,9,11,-65,11,-65,11,sf=9 seq=11 rx_rssi=-65 rx_snr=11 tx_rssi=-65 tx_snr=11
2026-05-26T19:22:09.773681Z,hit,9,12,-65,11,-64,11,sf=9 seq=12 rx_rssi=-65 rx_snr=11 tx_rssi=-64 tx_snr=11
2026-05-26T19:22:10.132598Z,hit,9,13,-65,11,-64,11,sf=9 seq=13 rx_rssi=-65 rx_snr=11 tx_rssi=-64 tx_snr=11
2026-05-26T19:22:10.491243Z,hit,9,14,-67,11,-66,11,sf=9 seq=14 rx_rssi=-67 rx_snr=11 tx_rssi=-66 tx_snr=11
2026-05-26T19:22:10.849869Z,hit,9,15,-69,11,-70,11,sf=9 seq=15 rx_rssi=-69 rx_snr=11 tx_rssi=-70 tx_snr=11
2026-05-26T19:22:11.208541Z,hit,9,16,-65,11,-65,11,sf=9 seq=16 rx_rssi=-65 rx_snr=11 tx_rssi=-65 tx_snr=11
2026-05-26T19:22:11.567254Z,hit,9,17,-67,11,-66,11,sf=9 seq=17 rx_rssi=-67 rx_snr=11 tx_rssi=-66 tx_snr=11
2026-05-26T19:22:12.586652Z,miss,9,18,,,,,miss sf=9 seq=18
2026-05-26T19:22:13.608778Z,miss,9,19,,,,,miss sf=9 seq=19
2026-05-26T19:22:13.667112Z,info,,,,,,,=== SF9 summary: hits=18/20 per=10% rx_rssi_avg=-65 rx_snr_avg=10 tx_rssi_avg=-65 tx_snr_avg=11 ===
2026-05-26T19:22:14.767551Z,hit,10,0,-62,8,-62,9,sf=10 seq=0 rx_rssi=-62 rx_snr=8 tx_rssi=-62 tx_snr=9
2026-05-26T19:22:15.422082Z,hit,10,1,-62,8,-72,8,sf=10 seq=1 rx_rssi=-62 rx_snr=8 tx_rssi=-72 tx_snr=8
2026-05-26T19:22:16.076530Z,hit,10,2,-68,8,-63,8,sf=10 seq=2 rx_rssi=-68 rx_snr=8 tx_rssi=-63 tx_snr=8
2026-05-26T19:22:16.731077Z,hit,10,3,-73,8,-67,8,sf=10 seq=3 rx_rssi=-73 rx_snr=8 tx_rssi=-67 tx_snr=8
2026-05-26T19:22:17.385506Z,hit,10,4,-68,9,-70,8,sf=10 seq=4 rx_rssi=-68 rx_snr=9 tx_rssi=-70 tx_snr=8
2026-05-26T19:22:18.040046Z,hit,10,5,-74,7,-75,8,sf=10 seq=5 rx_rssi=-74 rx_snr=7 tx_rssi=-75 tx_snr=8
2026-05-26T19:22:18.694514Z,hit,10,6,-63,8,-70,9,sf=10 seq=6 rx_rssi=-63 rx_snr=8 tx_rssi=-70 tx_snr=9
2026-05-26T19:22:19.349011Z,hit,10,7,-62,9,-63,9,sf=10 seq=7 rx_rssi=-62 rx_snr=9 tx_rssi=-63 tx_snr=9
2026-05-26T19:22:20.003569Z,hit,10,8,-71,9,-66,9,sf=10 seq=8 rx_rssi=-71 rx_snr=9 tx_rssi=-66 tx_snr=9
2026-05-26T19:22:20.658010Z,hit,10,9,-71,9,-66,9,sf=10 seq=9 rx_rssi=-71 rx_snr=9 tx_rssi=-66 tx_snr=9
2026-05-26T19:22:21.312579Z,hit,10,10,-69,8,-72,8,sf=10 seq=10 rx_rssi=-69 rx_snr=8 tx_rssi=-72 tx_snr=8
2026-05-26T19:22:21.966951Z,hit,10,11,-66,8,-73,9,sf=10 seq=11 rx_rssi=-66 rx_snr=8 tx_rssi=-73 tx_snr=9
2026-05-26T19:22:22.621462Z,hit,10,12,-82,7,-75,8,sf=10 seq=12 rx_rssi=-82 rx_snr=7 tx_rssi=-75 tx_snr=8
2026-05-26T19:22:23.276018Z,hit,10,13,-70,8,-68,8,sf=10 seq=13 rx_rssi=-70 rx_snr=8 tx_rssi=-68 tx_snr=8
2026-05-26T19:22:23.930515Z,hit,10,14,-76,8,-74,8,sf=10 seq=14 rx_rssi=-76 rx_snr=8 tx_rssi=-74 tx_snr=8
2026-05-26T19:22:24.584985Z,hit,10,15,-74,8,-76,8,sf=10 seq=15 rx_rssi=-74 rx_snr=8 tx_rssi=-76 tx_snr=8
2026-05-26T19:22:25.239423Z,hit,10,16,-74,9,-76,9,sf=10 seq=16 rx_rssi=-74 rx_snr=9 tx_rssi=-76 tx_snr=9
2026-05-26T19:22:25.893915Z,hit,10,17,-70,9,-76,8,sf=10 seq=17 rx_rssi=-70 rx_snr=9 tx_rssi=-76 tx_snr=8
2026-05-26T19:22:27.876929Z,miss,10,18,,,,,miss sf=10 seq=18
2026-05-26T19:22:29.862612Z,miss,10,19,,,,,miss sf=10 seq=19
2026-05-26T19:22:29.921003Z,info,,,,,,,=== SF10 summary: hits=18/20 per=10% rx_rssi_avg=-69 rx_snr_avg=8 tx_rssi_avg=-70 tx_snr_avg=8 ===
2026-05-26T19:22:31.614175Z,hit,11,0,-83,6,-72,7,sf=11 seq=0 rx_rssi=-83 rx_snr=6 tx_rssi=-72 tx_snr=7
2026-05-26T19:22:32.861470Z,hit,11,1,-76,7,-74,7,sf=11 seq=1 rx_rssi=-76 rx_snr=7 tx_rssi=-74 tx_snr=7
2026-05-26T19:22:34.108480Z,hit,11,2,-79,6,-76,7,sf=11 seq=2 rx_rssi=-79 rx_snr=6 tx_rssi=-76 tx_snr=7
2026-05-26T19:22:35.355763Z,hit,11,3,-81,6,-79,7,sf=11 seq=3 rx_rssi=-81 rx_snr=6 tx_rssi=-79 tx_snr=7
2026-05-26T19:22:36.603077Z,hit,11,4,-83,6,-72,7,sf=11 seq=4 rx_rssi=-83 rx_snr=6 tx_rssi=-72 tx_snr=7
2026-05-26T19:22:37.850398Z,hit,11,5,-79,8,-81,7,sf=11 seq=5 rx_rssi=-79 rx_snr=8 tx_rssi=-81 tx_snr=7
2026-05-26T19:22:39.097628Z,hit,11,6,-82,4,-86,8,sf=11 seq=6 rx_rssi=-82 rx_snr=4 tx_rssi=-86 tx_snr=8
2026-05-26T19:22:40.344745Z,hit,11,7,-73,7,-83,6,sf=11 seq=7 rx_rssi=-73 rx_snr=7 tx_rssi=-83 tx_snr=6
2026-05-26T19:22:41.591890Z,hit,11,8,-76,5,-70,8,sf=11 seq=8 rx_rssi=-76 rx_snr=5 tx_rssi=-70 tx_snr=8
2026-05-26T19:22:42.839085Z,hit,11,9,-84,6,-69,7,sf=11 seq=9 rx_rssi=-84 rx_snr=6 tx_rssi=-69 tx_snr=7
2026-05-26T19:22:44.086477Z,hit,11,10,-70,7,-71,7,sf=11 seq=10 rx_rssi=-70 rx_snr=7 tx_rssi=-71 tx_snr=7
2026-05-26T19:22:45.333631Z,hit,11,11,-60,8,-61,7,sf=11 seq=11 rx_rssi=-60 rx_snr=8 tx_rssi=-61 tx_snr=7
2026-05-26T19:22:46.580774Z,hit,11,12,-62,7,-64,7,sf=11 seq=12 rx_rssi=-62 rx_snr=7 tx_rssi=-64 tx_snr=7
2026-05-26T19:22:47.827966Z,hit,11,13,-71,6,-67,7,sf=11 seq=13 rx_rssi=-71 rx_snr=6 tx_rssi=-67 tx_snr=7
2026-05-26T19:22:49.075128Z,hit,11,14,-80,6,-75,7,sf=11 seq=14 rx_rssi=-80 rx_snr=6 tx_rssi=-75 tx_snr=7
2026-05-26T19:22:50.322256Z,hit,11,15,-81,4,-72,7,sf=11 seq=15 rx_rssi=-81 rx_snr=4 tx_rssi=-72 tx_snr=7
2026-05-26T19:22:51.569488Z,hit,11,16,-75,7,-68,8,sf=11 seq=16 rx_rssi=-75 rx_snr=7 tx_rssi=-68 tx_snr=8
2026-05-26T19:22:52.816611Z,hit,11,17,-78,7,-69,7,sf=11 seq=17 rx_rssi=-78 rx_snr=7 tx_rssi=-69 tx_snr=7
2026-05-26T19:22:56.726654Z,miss,11,18,,,,,miss sf=11 seq=18
2026-05-26T19:23:00.639899Z,miss,11,19,,,,,miss sf=11 seq=19
2026-05-26T19:23:00.698182Z,info,,,,,,,=== SF11 summary: hits=18/20 per=10% rx_rssi_avg=-76 rx_snr_avg=6 tx_rssi_avg=-72 tx_snr_avg=7 ===
2026-05-26T19:23:03.578912Z,hit,12,0,-73,6,-63,6,sf=12 seq=0 rx_rssi=-73 rx_snr=6 tx_rssi=-63 tx_snr=6
2026-05-26T19:23:06.013455Z,hit,12,1,-69,6,-64,5,sf=12 seq=1 rx_rssi=-69 rx_snr=6 tx_rssi=-64 tx_snr=5
2026-05-26T19:23:08.448209Z,hit,12,2,-75,6,-70,6,sf=12 seq=2 rx_rssi=-75 rx_snr=6 tx_rssi=-70 tx_snr=6
2026-05-26T19:23:10.882915Z,hit,12,3,-70,6,-72,5,sf=12 seq=3 rx_rssi=-70 rx_snr=6 tx_rssi=-72 tx_snr=5
2026-05-26T19:23:13.317611Z,hit,12,4,-69,6,-75,6,sf=12 seq=4 rx_rssi=-69 rx_snr=6 tx_rssi=-75 tx_snr=6
2026-05-26T19:23:15.752229Z,hit,12,5,-64,6,-66,6,sf=12 seq=5 rx_rssi=-64 rx_snr=6 tx_rssi=-66 tx_snr=6
2026-05-26T19:23:18.186782Z,hit,12,6,-56,6,-61,6,sf=12 seq=6 rx_rssi=-56 rx_snr=6 tx_rssi=-61 tx_snr=6
2026-05-26T19:23:20.621515Z,hit,12,7,-54,6,-63,6,sf=12 seq=7 rx_rssi=-54 rx_snr=6 tx_rssi=-63 tx_snr=6
2026-05-26T19:23:23.056060Z,hit,12,8,-53,6,-54,6,sf=12 seq=8 rx_rssi=-53 rx_snr=6 tx_rssi=-54 tx_snr=6
2026-05-26T19:23:25.491326Z,hit,12,9,-58,6,-51,6,sf=12 seq=9 rx_rssi=-58 rx_snr=6 tx_rssi=-51 tx_snr=6
2026-05-26T19:23:27.925572Z,hit,12,10,-68,6,-71,7,sf=12 seq=10 rx_rssi=-68 rx_snr=6 tx_rssi=-71 tx_snr=7
2026-05-26T19:23:30.360298Z,hit,12,11,-67,5,-73,7,sf=12 seq=11 rx_rssi=-67 rx_snr=5 tx_rssi=-73 tx_snr=7
2026-05-26T19:23:32.795011Z,hit,12,12,-61,6,-64,6,sf=12 seq=12 rx_rssi=-61 rx_snr=6 tx_rssi=-64 tx_snr=6
2026-05-26T19:23:35.229500Z,hit,12,13,-64,7,-64,7,sf=12 seq=13 rx_rssi=-64 rx_snr=7 tx_rssi=-64 tx_snr=7
2026-05-26T19:23:37.664385Z,hit,12,14,-74,6,-59,7,sf=12 seq=14 rx_rssi=-74 rx_snr=6 tx_rssi=-59 tx_snr=7
2026-05-26T19:23:40.099045Z,hit,12,15,-59,6,-58,6,sf=12 seq=15 rx_rssi=-59 rx_snr=6 tx_rssi=-58 tx_snr=6
2026-05-26T19:23:42.533857Z,hit,12,16,-55,7,-57,6,sf=12 seq=16 rx_rssi=-55 rx_snr=7 tx_rssi=-57 tx_snr=6
2026-05-26T19:23:44.968387Z,hit,12,17,-64,7,-66,6,sf=12 seq=17 rx_rssi=-64 rx_snr=7 tx_rssi=-66 tx_snr=6
2026-05-26T19:23:52.733221Z,miss,12,18,,,,,miss sf=12 seq=18
2026-05-26T19:24:00.500546Z,miss,12,19,,,,,miss sf=12 seq=19
2026-05-26T19:24:00.558731Z,info,,,,,,,=== SF12 summary: hits=18/20 per=10% rx_rssi_avg=-64 rx_snr_avg=6 tx_rssi_avg=-63 tx_snr_avg=6 ===
2026-05-26T19:24:01.152299Z,hit,7,0,-51,13,-53,13,sf=7 seq=0 rx_rssi=-51 rx_snr=13 tx_rssi=-53 tx_snr=13
2026-05-26T19:24:01.299848Z,hit,7,1,-49,13,-50,13,sf=7 seq=1 rx_rssi=-49 rx_snr=13 tx_rssi=-50 tx_snr=13
2026-05-26T19:24:01.447347Z,hit,7,2,-48,13,-49,13,sf=7 seq=2 rx_rssi=-48 rx_snr=13 tx_rssi=-49 tx_snr=13
2026-05-26T19:24:01.594594Z,hit,7,3,-49,12,-49,12,sf=7 seq=3 rx_rssi=-49 rx_snr=12 tx_rssi=-49 tx_snr=12
2026-05-26T19:24:01.742160Z,hit,7,4,-50,12,-51,12,sf=7 seq=4 rx_rssi=-50 rx_snr=12 tx_rssi=-51 tx_snr=12
2026-05-26T19:24:01.889836Z,hit,7,5,-49,12,-50,12,sf=7 seq=5 rx_rssi=-49 rx_snr=12 tx_rssi=-50 tx_snr=12
2026-05-26T19:24:02.037371Z,hit,7,6,-50,12,-50,12,sf=7 seq=6 rx_rssi=-50 rx_snr=12 tx_rssi=-50 tx_snr=12
2026-05-26T19:24:02.184842Z,hit,7,7,-49,13,-51,12,sf=7 seq=7 rx_rssi=-49 rx_snr=13 tx_rssi=-51 tx_snr=12
2026-05-26T19:24:02.332051Z,hit,7,8,-49,13,-49,12,sf=7 seq=8 rx_rssi=-49 rx_snr=13 tx_rssi=-49 tx_snr=12
2026-05-26T19:24:02.479282Z,hit,7,9,-49,12,-50,12,sf=7 seq=9 rx_rssi=-49 rx_snr=12 tx_rssi=-50 tx_snr=12
2026-05-26T19:24:02.626876Z,hit,7,10,-51,13,-51,13,sf=7 seq=10 rx_rssi=-51 rx_snr=13 tx_rssi=-51 tx_snr=13
2026-05-26T19:24:02.774402Z,hit,7,11,-51,12,-51,13,sf=7 seq=11 rx_rssi=-51 rx_snr=12 tx_rssi=-51 tx_snr=13
2026-05-26T19:24:02.921906Z,hit,7,12,-50,12,-50,12,sf=7 seq=12 rx_rssi=-50 rx_snr=12 tx_rssi=-50 tx_snr=12
2026-05-26T19:24:03.069208Z,hit,7,13,-50,12,-51,12,sf=7 seq=13 rx_rssi=-50 rx_snr=12 tx_rssi=-51 tx_snr=12
2026-05-26T19:24:03.216673Z,hit,7,14,-51,13,-51,13,sf=7 seq=14 rx_rssi=-51 rx_snr=13 tx_rssi=-51 tx_snr=13
2026-05-26T19:24:03.364188Z,hit,7,15,-53,13,-53,12,sf=7 seq=15 rx_rssi=-53 rx_snr=13 tx_rssi=-53 tx_snr=12
2026-05-26T19:24:03.511504Z,hit,7,16,-57,13,-56,12,sf=7 seq=16 rx_rssi=-57 rx_snr=13 tx_rssi=-56 tx_snr=12
2026-05-26T19:24:03.658913Z,hit,7,17,-61,12,-61,13,sf=7 seq=17 rx_rssi=-61 rx_snr=12 tx_rssi=-61 tx_snr=13
2026-05-26T19:24:03.960621Z,miss,7,18,,,,,miss sf=7 seq=18
2026-05-26T19:24:04.264947Z,miss,7,19,,,,,miss sf=7 seq=19
2026-05-26T19:24:04.323656Z,info,,,,,,,=== SF7 summary: hits=18/20 per=10% rx_rssi_avg=-50 rx_snr_avg=12 tx_rssi_avg=-51 tx_snr_avg=12 ===
2026-05-26T19:24:05.001011Z,hit,8,0,-48,12,-49,13,sf=8 seq=0 rx_rssi=-48 rx_snr=12 tx_rssi=-49 tx_snr=13
2026-05-26T19:24:05.232394Z,hit,8,1,-49,12,-49,13,sf=8 seq=1 rx_rssi=-49 rx_snr=12 tx_rssi=-49 tx_snr=13
2026-05-26T19:24:05.463600Z,hit,8,2,-49,12,-48,15,sf=8 seq=2 rx_rssi=-49 rx_snr=12 tx_rssi=-48 tx_snr=15
2026-05-26T19:24:05.694749Z,hit,8,3,-48,13,-49,13,sf=8 seq=3 rx_rssi=-48 rx_snr=13 tx_rssi=-49 tx_snr=13
2026-05-26T19:24:05.926070Z,hit,8,4,-48,12,-49,13,sf=8 seq=4 rx_rssi=-48 rx_snr=12 tx_rssi=-49 tx_snr=13
2026-05-26T19:24:06.157395Z,hit,8,5,-47,14,-48,13,sf=8 seq=5 rx_rssi=-47 rx_snr=14 tx_rssi=-48 tx_snr=13
2026-05-26T19:24:06.388849Z,hit,8,6,-47,14,-48,14,sf=8 seq=6 rx_rssi=-47 rx_snr=14 tx_rssi=-48 tx_snr=14
2026-05-26T19:24:06.619667Z,info,,,,,,,sf=8 seq=7 rx_r-47 rx_snr=13 tx_rssi=-47 tx_snr=15
2026-05-26T19:24:06.851305Z,hit,8,8,-47,13,-47,15,sf=8 seq=8 rx_rssi=-47 rx_snr=13 tx_rssi=-47 tx_snr=15
2026-05-26T19:24:07.082659Z,hit,8,9,-45,12,-47,13,sf=8 seq=9 rx_rssi=-45 rx_snr=12 tx_rssi=-47 tx_snr=13
2026-05-26T19:24:07.313897Z,hit,8,10,-45,13,-45,13,sf=8 seq=10 rx_rssi=-45 rx_snr=13 tx_rssi=-45 tx_snr=13
2026-05-26T19:24:07.544879Z,hit,8,11,-45,12,-45,13,sf=8 seq=11 rx_rssi=-45 rx_snr=12 tx_rssi=-45 tx_snr=13
2026-05-26T19:24:07.776183Z,hit,8,12,-46,13,-46,12,sf=8 seq=12 rx_rssi=-46 rx_snr=13 tx_rssi=-46 tx_snr=12
2026-05-26T19:24:08.007561Z,hit,8,13,-46,12,-46,13,sf=8 seq=13 rx_rssi=-46 rx_snr=12 tx_rssi=-46 tx_snr=13
2026-05-26T19:24:08.238895Z,hit,8,14,-46,12,-47,13,sf=8 seq=14 rx_rssi=-46 rx_snr=12 tx_rssi=-47 tx_snr=13
2026-05-26T19:24:08.469811Z,hit,8,15,-46,12,-46,13,sf=8 seq=15 rx_rssi=-46 rx_snr=12 tx_rssi=-46 tx_snr=13
2026-05-26T19:24:08.701154Z,hit,8,16,-46,12,-47,14,sf=8 seq=16 rx_rssi=-46 rx_snr=12 tx_rssi=-47 tx_snr=14
2026-05-26T19:24:08.932398Z,hit,8,17,-46,12,-46,13,sf=8 seq=17 rx_rssi=-46 rx_snr=12 tx_rssi=-46 tx_snr=13
2026-05-26T19:24:09.479743Z,miss,8,18,,,,,miss sf=8 seq=18
2026-05-26T19:24:10.030544Z,miss,8,19,,,,,miss sf=8 seq=19
2026-05-26T19:24:10.089099Z,info,,,,,,,=== SF8 summary: hits=18/20 per=10% rx_rssi_avg=-46 rx_snr_avg=12 tx_rssi_avg=-47 tx_snr_avg=13 ===
2026-05-26T19:24:10.894117Z,hit,9,0,-48,12,-49,11,sf=9 seq=0 rx_rssi=-48 rx_snr=12 tx_rssi=-49 tx_snr=11
2026-05-26T19:24:11.252671Z,hit,9,1,-49,11,-50,11,sf=9 seq=1 rx_rssi=-49 rx_snr=11 tx_rssi=-50 tx_snr=11
2026-05-26T19:24:11.611412Z,hit,9,2,-48,11,-50,11,sf=9 seq=2 rx_rssi=-48 rx_snr=11 tx_rssi=-50 tx_snr=11
2026-05-26T19:24:11.969908Z,hit,9,3,-49,11,-49,11,sf=9 seq=3 rx_rssi=-49 rx_snr=11 tx_rssi=-49 tx_snr=11
2026-05-26T19:24:12.328675Z,hit,9,4,-49,11,-50,10,sf=9 seq=4 rx_rssi=-49 rx_snr=11 tx_rssi=-50 tx_snr=10
2026-05-26T19:24:12.687219Z,info,,,,,,,sf9 seq=5 rx_rssi=-49 rx_snr=12 tx_rssi=-49 tx_snr=11
2026-05-26T19:24:13.046036Z,hit,9,6,-48,12,-49,11,sf=9 seq=6 rx_rssi=-48 rx_snr=12 tx_rssi=-49 tx_snr=11
2026-05-26T19:24:13.404679Z,hit,9,7,-49,11,-50,11,sf=9 seq=7 rx_rssi=-49 rx_snr=11 tx_rssi=-50 tx_snr=11
2026-05-26T19:24:13.763512Z,hit,9,8,-48,11,-49,12,sf=9 seq=8 rx_rssi=-48 rx_snr=11 tx_rssi=-49 tx_snr=12
2026-05-26T19:24:14.122163Z,hit,9,9,-48,12,-48,11,sf=9 seq=9 rx_rssi=-48 rx_snr=12 tx_rssi=-48 tx_snr=11
2026-05-26T19:24:14.481012Z,hit,9,10,-46,11,-47,12,sf=9 seq=10 rx_rssi=-46 rx_snr=11 tx_rssi=-47 tx_snr=12
2026-05-26T19:24:14.839547Z,hit,9,11,-45,13,-45,11,sf=9 seq=11 rx_rssi=-45 rx_snr=13 tx_rssi=-45 tx_snr=11
2026-05-26T19:24:15.198216Z,hit,9,12,-44,11,-45,11,sf=9 seq=12 rx_rssi=-44 rx_snr=11 tx_rssi=-45 tx_snr=11
2026-05-26T19:24:15.557007Z,hit,9,13,-45,11,-45,11,sf=9 seq=13 rx_rssi=-45 rx_snr=11 tx_rssi=-45 tx_snr=11
2026-05-26T19:24:15.915647Z,hit,9,14,-45,11,-46,11,sf=9 seq=14 rx_rssi=-45 rx_snr=11 tx_rssi=-46 tx_snr=11
2026-05-26T19:24:16.274367Z,hit,9,15,-44,11,-45,12,sf=9 seq=15 rx_rssi=-44 rx_snr=11 tx_rssi=-45 tx_snr=12
2026-05-26T19:24:16.632993Z,hit,9,16,-43,11,-44,11,sf=9 seq=16 rx_rssi=-43 rx_snr=11 tx_rssi=-44 tx_snr=11
2026-05-26T19:24:16.991773Z,hit,9,17,-43,11,-43,11,sf=9 seq=17 rx_rssi=-43 rx_snr=11 tx_rssi=-43 tx_snr=11
2026-05-26T19:24:18.011110Z,miss,9,18,,,,,miss sf=9 seq=18
2026-05-26T19:24:19.033325Z,miss,9,19,,,,,miss sf=9 seq=19
2026-05-26T19:24:19.091690Z,info,,,,,,,=== SF9 summary: hits=18/20 per=10% rx_rssi_avg=-46 rx_snr_avg=11 tx_rssi_avg=-47 tx_snr_avg=11 ===
2026-05-26T19:24:20.192264Z,hit,10,0,-40,8,-41,8,sf=10 seq=0 rx_rssi=-40 rx_snr=8 tx_rssi=-41 tx_snr=8
2026-05-26T19:24:20.846758Z,hit,10,1,-41,8,-42,8,sf=10 seq=1 rx_rssi=-41 rx_snr=8 tx_rssi=-42 tx_snr=8
2026-05-26T19:24:21.501022Z,hit,10,2,-46,8,-44,9,sf=10 seq=2 rx_rssi=-46 rx_snr=8 tx_rssi=-44 tx_snr=9
2026-05-26T19:24:22.155734Z,hit,10,3,-43,8,-44,8,sf=10 seq=3 rx_rssi=-43 rx_snr=8 tx_rssi=-44 tx_snr=8
2026-05-26T19:24:22.810165Z,hit,10,4,-43,9,-44,8,sf=10 seq=4 rx_rssi=-43 rx_snr=9 tx_rssi=-44 tx_snr=8
2026-05-26T19:24:23.464655Z,hit,10,5,-41,9,-42,9,sf=10 seq=5 rx_rssi=-41 rx_snr=9 tx_rssi=-42 tx_snr=9
2026-05-26T19:24:24.118938Z,hit,10,6,-41,9,-42,8,sf=10 seq=6 rx_rssi=-41 rx_snr=9 tx_rssi=-42 tx_snr=8
2026-05-26T19:24:24.773444Z,hit,10,7,-42,9,-43,9,sf=10 seq=7 rx_rssi=-42 rx_snr=9 tx_rssi=-43 tx_snr=9
2026-05-26T19:24:25.427996Z,hit,10,8,-41,8,-42,8,sf=10 seq=8 rx_rssi=-41 rx_snr=8 tx_rssi=-42 tx_snr=8
2026-05-26T19:24:26.082418Z,hit,10,9,-43,8,-44,9,sf=10 seq=9 rx_rssi=-43 rx_snr=8 tx_rssi=-44 tx_snr=9
2026-05-26T19:24:26.737Z,hit,10,10,-43,8,-44,8,sf=10 seq=10 rx_rssi=-43 rx_snr=8 tx_rssi=-44 tx_snr=8
2026-05-26T19:24:27.391534Z,hit,10,11,-42,9,-44,9,sf=10 seq=11 rx_rssi=-42 rx_snr=9 tx_rssi=-44 tx_snr=9
2026-05-26T19:24:28.045995Z,hit,10,12,-42,8,-46,8,sf=10 seq=12 rx_rssi=-42 rx_snr=8 tx_rssi=-46 tx_snr=8
2026-05-26T19:24:28.700492Z,hit,10,13,-40,8,-40,8,sf=10 seq=13 rx_rssi=-40 rx_snr=8 tx_rssi=-40 tx_snr=8
2026-05-26T19:24:29.354962Z,hit,10,14,-44,8,-45,8,sf=10 seq=14 rx_rssi=-44 rx_snr=8 tx_rssi=-45 tx_snr=8
2026-05-26T19:24:30.009332Z,hit,10,15,-43,8,-45,9,sf=10 seq=15 rx_rssi=-43 rx_snr=8 tx_rssi=-45 tx_snr=9
2026-05-26T19:24:30.663933Z,hit,10,16,-43,8,-44,9,sf=10 seq=16 rx_rssi=-43 rx_snr=8 tx_rssi=-44 tx_snr=9
2026-05-26T19:24:31.318418Z,hit,10,17,-50,9,-49,9,sf=10 seq=17 rx_rssi=-50 rx_snr=9 tx_rssi=-49 tx_snr=9
2026-05-26T19:24:33.301705Z,miss,10,18,,,,,miss sf=10 seq=18
2026-05-26T19:24:35.287378Z,miss,10,19,,,,,miss sf=10 seq=19
2026-05-26T19:24:35.345649Z,info,,,,,,,=== SF10 summary: hits=18/20 per=10% rx_rssi_avg=-42 rx_snr_avg=8 tx_rssi_avg=-43 tx_snr_avg=8 ===
2026-05-26T19:24:37.038677Z,hit,11,0,-64,5,-44,8,sf=11 seq=0 rx_rssi=-64 rx_snr=5 tx_rssi=-44 tx_snr=8
2026-05-26T19:24:38.286150Z,hit,11,1,-58,7,-60,7,sf=11 seq=1 rx_rssi=-58 rx_snr=7 tx_rssi=-60 tx_snr=7
2026-05-26T19:24:39.533257Z,hit,11,2,-43,7,-55,7,sf=11 seq=2 rx_rssi=-43 rx_snr=7 tx_rssi=-55 tx_snr=7
2026-05-26T19:24:40.780486Z,hit,11,3,-56,6,-51,7,sf=11 seq=3 rx_rssi=-56 rx_snr=6 tx_rssi=-51 tx_snr=7
2026-05-26T19:24:42.027703Z,hit,11,4,-43,7,-56,7,sf=11 seq=4 rx_rssi=-43 rx_snr=7 tx_rssi=-56 tx_snr=7
2026-05-26T19:24:43.274916Z,hit,11,5,-47,7,-41,8,sf=11 seq=5 rx_rssi=-47 rx_snr=7 tx_rssi=-41 tx_snr=8
2026-05-26T19:24:44.522213Z,hit,11,6,-43,7,-43,8,sf=11 seq=6 rx_rssi=-43 rx_snr=7 tx_rssi=-43 tx_snr=8
2026-05-26T19:24:45.769303Z,hit,11,7,-43,7,-41,7,sf=11 seq=7 rx_rssi=-43 rx_snr=7 tx_rssi=-41 tx_snr=7
2026-05-26T19:24:47.016446Z,hit,11,8,-44,7,-42,7,sf=11 seq=8 rx_rssi=-44 rx_snr=7 tx_rssi=-42 tx_snr=7
2026-05-26T19:24:48.263782Z,hit,11,9,-44,7,-43,7,sf=11 seq=9 rx_rssi=-44 rx_snr=7 tx_rssi=-43 tx_snr=7
2026-05-26T19:24:49.510972Z,hit,11,10,-42,9,-41,8,sf=11 seq=10 rx_rssi=-42 rx_snr=9 tx_rssi=-41 tx_snr=8
2026-05-26T19:24:50.758283Z,hit,11,11,-42,7,-41,8,sf=11 seq=11 rx_rssi=-42 rx_snr=7 tx_rssi=-41 tx_snr=8
2026-05-26T19:24:52.005376Z,hit,11,12,-43,9,-42,7,sf=11 seq=12 rx_rssi=-43 rx_snr=9 tx_rssi=-42 tx_snr=7
2026-05-26T19:24:53.252610Z,hit,11,13,-43,7,-43,7,sf=11 seq=13 rx_rssi=-43 rx_snr=7 tx_rssi=-43 tx_snr=7
2026-05-26T19:24:54.499582Z,hit,11,14,-45,9,-43,7,sf=11 seq=14 rx_rssi=-45 rx_snr=9 tx_rssi=-43 tx_snr=7
2026-05-26T19:24:55.746877Z,hit,11,15,-41,7,-41,7,sf=11 seq=15 rx_rssi=-41 rx_snr=7 tx_rssi=-41 tx_snr=7
2026-05-26T19:24:56.994043Z,hit,11,16,-45,8,-42,8,sf=11 seq=16 rx_rssi=-45 rx_snr=8 tx_rssi=-42 tx_snr=8
2026-05-26T19:24:58.241208Z,hit,11,17,-42,9,-43,7,sf=11 seq=17 rx_rssi=-42 rx_snr=9 tx_rssi=-43 tx_snr=7
2026-05-26T19:25:02.151473Z,miss,11,18,,,,,miss sf=11 seq=18
2026-05-26T19:25:06.064413Z,miss,11,19,,,,,miss sf=11 seq=19
2026-05-26T19:25:06.122402Z,info,,,,,,,=== SF11 summary: hits=18/20 p10% rx_rssi_avg=-46 rx_snr_avg=7 tx_rssi_avg=-45 tx_snr_avg=7 ===
2026-05-26T19:25:09.003451Z,hit,12,0,-39,6,-41,6,sf=12 seq=0 rx_rssi=-39 rx_snr=6 tx_rssi=-41 tx_snr=6
2026-05-26T19:25:11.438136Z,hit,12,1,-39,7,-39,6,sf=12 seq=1 rx_rssi=-39 rx_snr=7 tx_rssi=-39 tx_snr=6
2026-05-26T19:25:13.872979Z,hit,12,2,-41,6,-38,6,sf=12 seq=2 rx_rssi=-41 rx_snr=6 tx_rssi=-38 tx_snr=6
2026-05-26T19:25:16.307566Z,hit,12,3,-40,6,-37,5,sf=12 seq=3 rx_rssi=-40 rx_snr=6 tx_rssi=-37 tx_snr=5
2026-05-26T19:25:18.742245Z,hit,12,4,-39,6,-38,7,sf=12 seq=4 rx_rssi=-39 rx_snr=6 tx_rssi=-38 tx_snr=7
2026-05-26T19:25:21.177137Z,hit,12,5,-40,6,-38,7,sf=12 seq=5 rx_rssi=-40 rx_snr=6 tx_rssi=-38 tx_snr=7
2026-05-26T19:25:23.611682Z,hit,12,6,-39,6,-39,6,sf=12 seq=6 rx_rssi=-39 rx_snr=6 tx_rssi=-39 tx_snr=6
2026-05-26T19:25:26.046302Z,hit,12,7,-39,6,-38,7,sf=12 seq=7 rx_rssi=-39 rx_snr=6 tx_rssi=-38 tx_snr=7
2026-05-26T19:25:28.481251Z,hit,12,8,-39,6,-38,6,sf=12 seq=8 rx_rssi=-39 rx_snr=6 tx_rssi=-38 tx_snr=6
2026-05-26T19:25:30.916033Z,hit,12,9,-40,5,-38,7,sf=12 seq=9 rx_rssi=-40 rx_snr=5 tx_rssi=-38 tx_snr=7
2026-05-26T19:25:33.350701Z,hit,12,10,-40,7,-40,7,sf=12 seq=10 rx_rssi=-40 rx_snr=7 tx_rssi=-40 tx_snr=7
2026-05-26T19:25:35.785499Z,hit,12,11,-40,7,-39,6,sf=12 seq=11 rx_rssi=-40 rx_snr=7 tx_rssi=-39 tx_snr=6
2026-05-26T19:25:38.222599Z,hit,12,12,-43,6,-40,7,sf=12 seq=12 rx_rssi=-43 rx_snr=6 tx_rssi=-40 tx_snr=7
2026-05-26T19:25:40.654746Z,hit,12,13,-44,7,-42,6,sf=12 seq=13 rx_rssi=-44 rx_snr=7 tx_rssi=-42 tx_snr=6
2026-05-26T19:25:43.089372Z,hit,12,14,-45,6,-40,6,sf=12 seq=14 rx_rssi=-45 rx_snr=6 tx_rssi=-40 tx_snr=6
2026-05-26T19:25:45.524191Z,hit,12,15,-39,6,-42,6,sf=12 seq=15 rx_rssi=-39 rx_snr=6 tx_rssi=-42 tx_snr=6
2026-05-26T19:25:47.958850Z,hit,12,16,-38,7,-37,6,sf=12 seq=16 rx_rssi=-38 rx_snr=7 tx_rssi=-37 tx_snr=6
2026-05-26T19:25:50.392928Z,info,,,,,,,sf=12 seq=17 rx-38 rx_snr=6 tx_rssi=-46 tx_snr=6
2026-05-26T19:25:58.158180Z,miss,12,18,,,,,miss sf=12 seq=18
2026-05-26T19:26:05.925419Z,miss,12,19,,,,,miss sf=12 seq=19
2026-05-26T19:26:05.983987Z,info,,,,,,,=== SF12 summary: hits=18/20 per=10% rx_rssi_avg=-40 rx_snr_avg=6 tx_rssi_avg=-39 tx_snr_avg=6 ===
2026-05-26T19:26:06.577340Z,hit,7,0,-11,13,-13,12,sf=7 seq=0 rx_rssi=-11 rx_snr=13 tx_rssi=-13 tx_snr=12
2026-05-26T19:26:06.724659Z,hit,7,1,-9,13,-10,13,sf=7 seq=1 rx_rssi=-9 rx_snr=13 tx_rssi=-10 tx_snr=13
2026-05-26T19:26:06.872257Z,hit,7,2,-5,13,-6,12,sf=7 seq=2 rx_rssi=-5 rx_snr=13 tx_rssi=-6 tx_snr=12
2026-05-26T19:26:07.019906Z,hit,7,3,-5,13,-5,12,sf=7 seq=3 rx_rssi=-5 rx_snr=13 tx_rssi=-5 tx_snr=12
2026-05-26T19:26:07.167059Z,hit,7,4,-5,13,-5,12,sf=7 seq=4 rx_rssi=-5 rx_snr=13 tx_rssi=-5 tx_snr=12
2026-05-26T19:26:07.314476Z,hit,7,5,-5,13,-5,12,sf=7 seq=5 rx_rssi=-5 rx_snr=13 tx_rssi=-5 tx_snr=12
2026-05-26T19:26:07.461789Z,hit,7,6,-5,13,-5,12,sf=7 seq=6 rx_rssi=-5 rx_snr=13 tx_rssi=-5 tx_snr=12
2026-05-26T19:26:07.609139Z,hit,7,7,-5,13,-6,12,sf=7 seq=7 rx_rssi=-5 rx_snr=13 tx_rssi=-6 tx_snr=12
2026-05-26T19:26:07.756500Z,hit,7,8,-5,12,-5,12,sf=7 seq=8 rx_rssi=-5 rx_snr=12 tx_rssi=-5 tx_snr=12
2026-05-26T19:26:07.904191Z,hit,7,9,-5,12,-5,12,sf=7 seq=9 rx_rssi=-5 rx_snr=12 tx_rssi=-5 tx_snr=12
2026-05-26T19:26:08.051625Z,hit,7,10,-5,13,-6,12,sf=7 seq=10 rx_rssi=-5 rx_snr=13 tx_rssi=-6 tx_snr=12
2026-05-26T19:26:08.199352Z,hit,7,11,-5,13,-6,12,sf=7 seq=11 rx_rssi=-5 rx_snr=13 tx_rssi=-6 tx_snr=12
2026-05-26T19:26:08.346393Z,hit,7,12,-6,12,-6,12,sf=7 seq=12 rx_rssi=-6 rx_snr=12 tx_rssi=-6 tx_snr=12
2026-05-26T19:26:08.493883Z,hit,7,13,-6,13,-6,12,sf=7 seq=13 rx_rssi=-6 rx_snr=13 tx_rssi=-6 tx_snr=12
2026-05-26T19:26:08.641201Z,hit,7,14,-6,13,-6,12,sf=7 seq=14 rx_rssi=-6 rx_snr=13 tx_rssi=-6 tx_snr=12
2026-05-26T19:26:08.787882Z,info,,,,,,,sf=7 seq=15 rx_rssi=-6 rx_snr=13 -6 tx_snr=12
2026-05-26T19:26:08.936135Z,hit,7,16,-6,13,-6,12,sf=7 seq=16 rx_rssi=-6 rx_snr=13 tx_rssi=-6 tx_snr=12
2026-05-26T19:26:09.083787Z,hit,7,17,-6,13,-6,12,sf=7 seq=17 rx_rssi=-6 rx_snr=13 tx_rssi=-6 tx_snr=12
2026-05-26T19:26:09.385474Z,miss,7,18,,,,,miss sf=7 seq=18
2026-05-26T19:26:09.689949Z,miss,7,19,,,,,miss sf=7 seq=19
2026-05-26T19:26:09.748345Z,info,,,,,,,=== SF7 summary: hits=18/20 per=10% rx_rssi_avg=-5 rx_snr_avg=12 tx_rssi_avg=-6 tx_snr_avg=12 ===
2026-05-26T19:26:10.425481Z,hit,8,0,-5,13,-5,13,sf=8 seq=0 rx_rssi=-5 rx_snr=13 tx_rssi=-5 tx_snr=13
2026-05-26T19:26:10.656775Z,hit,8,1,-5,13,-5,13,sf=8 seq=1 rx_rssi=-5 rx_snr=13 tx_rssi=-5 tx_snr=13
2026-05-26T19:26:10.888101Z,hit,8,2,-5,13,-5,13,sf=8 seq=2 rx_rssi=-5 rx_snr=13 tx_rssi=-5 tx_snr=13
2026-05-26T19:26:11.119376Z,hit,8,3,-5,13,-6,12,sf=8 seq=3 rx_rssi=-5 rx_snr=13 tx_rssi=-6 tx_snr=12
2026-05-26T19:26:11.350500Z,hit,8,4,-5,13,-6,13,sf=8 seq=4 rx_rssi=-5 rx_snr=13 tx_rssi=-6 tx_snr=13
2026-05-26T19:26:11.581811Z,hit,8,5,-5,13,-5,13,sf=8 seq=5 rx_rssi=-5 rx_snr=13 tx_rssi=-5 tx_snr=13
2026-05-26T19:26:11.812957Z,hit,8,6,-5,13,-5,13,sf=8 seq=6 rx_rssi=-5 rx_snr=13 tx_rssi=-5 tx_snr=13
2026-05-26T19:26:12.044382Z,hit,8,7,-5,13,-5,13,sf=8 seq=7 rx_rssi=-5 rx_snr=13 tx_rssi=-5 tx_snr=13
2026-05-26T19:26:12.275608Z,hit,8,8,-5,13,-5,12,sf=8 seq=8 rx_rssi=-5 rx_snr=13 tx_rssi=-5 tx_snr=12
2026-05-26T19:26:12.506985Z,hit,8,9,-6,13,-5,12,sf=8 seq=9 rx_rssi=-6 rx_snr=13 tx_rssi=-5 tx_snr=12
2026-05-26T19:26:12.738358Z,hit,8,10,-5,13,-5,13,sf=8 seq=10 rx_rssi=-5 rx_snr=13 tx_rssi=-5 tx_snr=13
2026-05-26T19:26:12.969763Z,hit,8,11,-5,13,-5,12,sf=8 seq=11 rx_rssi=-5 rx_snr=13 tx_rssi=-5 tx_snr=12
2026-05-26T19:26:13.200824Z,hit,8,12,-5,13,-5,13,sf=8 seq=12 rx_rssi=-5 rx_snr=13 tx_rssi=-5 tx_snr=13
2026-05-26T19:26:13.432008Z,hit,8,13,-5,12,-5,13,sf=8 seq=13 rx_rssi=-5 rx_snr=12 tx_rssi=-5 tx_snr=13
2026-05-26T19:26:13.662988Z,info,,,,,,,sf=8 14 rx_rssi=-5 rx_snr=13 tx_rssi=-5 tx_snr=13
2026-05-26T19:26:13.894945Z,hit,8,15,-5,13,-6,12,sf=8 seq=15 rx_rssi=-5 rx_snr=13 tx_rssi=-6 tx_snr=12
2026-05-26T19:26:14.125806Z,hit,8,16,-5,13,-5,13,sf=8 seq=16 rx_rssi=-5 rx_snr=13 tx_rssi=-5 tx_snr=13
2026-05-26T19:26:14.357183Z,hit,8,17,-5,13,-5,13,sf=8 seq=17 rx_rssi=-5 rx_snr=13 tx_rssi=-5 tx_snr=13
2026-05-26T19:26:14.904895Z,miss,8,18,,,,,miss sf=8 seq=18
2026-05-26T19:26:15.455379Z,miss,8,19,,,,,miss sf=8 seq=19
2026-05-26T19:26:15.514177Z,info,,,,,,,=== SF8 summary: hits=18/20 per=10% rx_rssi_avg=-5 rx_snr_avg=12 tx_rssi_avg=-5 tx_snr_avg=12 ===
2026-05-26T19:26:16.318467Z,hit,9,0,-5,11,-5,11,sf=9 seq=0 rx_rssi=-5 rx_snr=11 tx_rssi=-5 tx_snr=11
2026-05-26T19:26:16.676915Z,hit,9,1,-5,11,-5,11,sf=9 seq=1 rx_rssi=-5 rx_snr=11 tx_rssi=-5 tx_snr=11
2026-05-26T19:26:17.035614Z,hit,9,2,-5,11,-5,11,sf=9 seq=2 rx_rssi=-5 rx_snr=11 tx_rssi=-5 tx_snr=11
2026-05-26T19:26:17.394314Z,hit,9,3,-5,11,-5,11,sf=9 seq=3 rx_rssi=-5 rx_snr=11 tx_rssi=-5 tx_snr=11
2026-05-26T19:26:17.753119Z,hit,9,4,-5,11,-5,12,sf=9 seq=4 rx_rssi=-5 rx_snr=11 tx_rssi=-5 tx_snr=12
2026-05-26T19:26:18.111664Z,hit,9,5,-5,11,-5,12,sf=9 seq=5 rx_rssi=-5 rx_snr=11 tx_rssi=-5 tx_snr=12
2026-05-26T19:26:18.470433Z,hit,9,6,-5,11,-5,11,sf=9 seq=6 rx_rssi=-5 rx_snr=11 tx_rssi=-5 tx_snr=11
2026-05-26T19:26:18.829054Z,hit,9,7,-5,11,-5,11,sf=9 seq=7 rx_rssi=-5 rx_snr=11 tx_rssi=-5 tx_snr=11
2026-05-26T19:26:19.187603Z,hit,9,8,-5,11,-5,11,sf=9 seq=8 rx_rssi=-5 rx_snr=11 tx_rssi=-5 tx_snr=11
2026-05-26T19:26:19.546373Z,hit,9,9,-5,11,-5,11,sf=9 seq=9 rx_rssi=-5 rx_snr=11 tx_rssi=-5 tx_snr=11
2026-05-26T19:26:19.905154Z,hit,9,10,-5,11,-5,11,sf=9 seq=10 rx_rssi=-5 rx_snr=11 tx_rssi=-5 tx_snr=11
2026-05-26T19:26:20.263723Z,hit,9,11,-5,11,-5,12,sf=9 seq=11 rx_rssi=-5 rx_snr=11 tx_rssi=-5 tx_snr=12
2026-05-26T19:26:20.622119Z,info,,,,,,,sf=9 seq=12 rx_rssi=-5 rx_sn12 tx_rssi=-5 tx_snr=11
2026-05-26T19:26:20.981139Z,hit,9,13,-5,11,-5,11,sf=9 seq=13 rx_rssi=-5 rx_snr=11 tx_rssi=-5 tx_snr=11
2026-05-26T19:26:21.339695Z,hit,9,14,-5,11,-6,11,sf=9 seq=14 rx_rssi=-5 rx_snr=11 tx_rssi=-6 tx_snr=11
2026-05-26T19:26:21.698381Z,hit,9,15,-5,11,-5,11,sf=9 seq=15 rx_rssi=-5 rx_snr=11 tx_rssi=-5 tx_snr=11
2026-05-26T19:26:22.057062Z,hit,9,16,-5,11,-5,11,sf=9 seq=16 rx_rssi=-5 rx_snr=11 tx_rssi=-5 tx_snr=11
2026-05-26T19:26:22.415967Z,hit,9,17,-5,12,-5,11,sf=9 seq=17 rx_rssi=-5 rx_snr=12 tx_rssi=-5 tx_snr=11
2026-05-26T19:26:23.435339Z,miss,9,18,,,,,miss sf=9 seq=18
2026-05-26T19:26:24.457532Z,miss,9,19,,,,,miss sf=9 seq=19
2026-05-26T19:26:24.515911Z,info,,,,,,,=== SF9 summary: hits=18/20 per=10% rx_rssi_avg=-5 rx_snr_avg=11 tx_rssi_avg=-5 tx_snr_avg=11 ===
2026-05-26T19:26:25.616112Z,hit,10,0,-5,9,-5,9,sf=10 seq=0 rx_rssi=-5 rx_snr=9 tx_rssi=-5 tx_snr=9
2026-05-26T19:26:26.270590Z,hit,10,1,-5,9,-5,9,sf=10 seq=1 rx_rssi=-5 rx_snr=9 tx_rssi=-5 tx_snr=9
2026-05-26T19:26:26.924998Z,hit,10,2,-5,9,-5,8,sf=10 seq=2 rx_rssi=-5 rx_snr=9 tx_rssi=-5 tx_snr=8
2026-05-26T19:26:27.579657Z,hit,10,3,-5,9,-5,9,sf=10 seq=3 rx_rssi=-5 rx_snr=9 tx_rssi=-5 tx_snr=9
2026-05-26T19:26:28.234148Z,hit,10,4,-5,9,-5,8,sf=10 seq=4 rx_rssi=-5 rx_snr=9 tx_rssi=-5 tx_snr=8
2026-05-26T19:26:28.888787Z,hit,10,5,-9,9,-5,9,sf=10 seq=5 rx_rssi=-9 rx_snr=9 tx_rssi=-5 tx_snr=9
2026-05-26T19:26:29.543131Z,hit,10,6,-5,9,-5,9,sf=10 seq=6 rx_rssi=-5 rx_snr=9 tx_rssi=-5 tx_snr=9
2026-05-26T19:26:30.197650Z,hit,10,7,-5,9,-5,8,sf=10 seq=7 rx_rssi=-5 rx_snr=9 tx_rssi=-5 tx_snr=8
2026-05-26T19:26:30.852313Z,hit,10,8,-5,9,-5,8,sf=10 seq=8 rx_rssi=-5 rx_snr=9 tx_rssi=-5 tx_snr=8
2026-05-26T19:26:31.506694Z,hit,10,9,-5,9,-5,8,sf=10 seq=9 rx_rssi=-5 rx_snr=9 tx_rssi=-5 tx_snr=8
2026-05-26T19:26:32.161288Z,hit,10,10,-5,9,-6,8,sf=10 seq=10 rx_rssi=-5 rx_snr=9 tx_rssi=-6 tx_snr=8
2026-05-26T19:26:32.823533Z,hit,10,11,-5,10,-5,8,sf=10 seq=11 rx_rssi=-5 rx_snr=10 tx_rssi=-5 tx_snr=8
2026-05-26T19:26:33.470289Z,hit,10,12,-5,9,-5,9,sf=10 seq=12 rx_rssi=-5 rx_snr=9 tx_rssi=-5 tx_snr=9
2026-05-26T19:26:34.124968Z,hit,10,13,-5,9,-5,8,sf=10 seq=13 rx_rssi=-5 rx_snr=9 tx_rssi=-5 tx_snr=8
2026-05-26T19:26:34.779226Z,hit,10,14,-5,9,-5,9,sf=10 seq=14 rx_rssi=-5 rx_snr=9 tx_rssi=-5 tx_snr=9
2026-05-26T19:26:35.433965Z,hit,10,15,-5,10,-5,8,sf=10 seq=15 rx_rssi=-5 rx_snr=10 tx_rssi=-5 tx_snr=8
2026-05-26T19:26:36.088288Z,hit,10,16,-5,9,-5,8,sf=10 seq=16 rx_rssi=-5 rx_snr=9 tx_rssi=-5 tx_snr=8
2026-05-26T19:26:36.742831Z,hit,10,17,-5,8,-5,8,sf=10 seq=17 rx_rssi=-5 rx_snr=8 tx_rssi=-5 tx_snr=8
2026-05-26T19:26:38.725990Z,miss,10,18,,,,,miss sf=10 seq=18
2026-05-26T19:26:40.711692Z,miss,10,19,,,,,miss sf=10 seq=19
2026-05-26T19:26:40.769822Z,info,,,,,,,=== SF10 summary: hits=18/20 per=10% rx_rssi_avg=-5 rx_snr_avg=9 tx_rssi_avg=-5 tx_snr_avg=8 ===
2026-05-26T19:26:42.462846Z,hit,11,0,-5,7,-5,7,sf=11 seq=0 rx_rssi=-5 rx_snr=7 tx_rssi=-5 tx_snr=7
2026-05-26T19:26:43.709993Z,hit,11,1,-5,8,-5,7,sf=11 seq=1 rx_rssi=-5 rx_snr=8 tx_rssi=-5 tx_snr=7
2026-05-26T19:26:44.957417Z,hit,11,2,-5,7,-6,7,sf=11 seq=2 rx_rssi=-5 rx_snr=7 tx_rssi=-6 tx_snr=7
2026-05-26T19:26:46.204397Z,hit,11,3,-5,7,-6,7,sf=11 seq=3 rx_rssi=-5 rx_snr=7 tx_rssi=-6 tx_snr=7
2026-05-26T19:26:47.451588Z,hit,11,4,-6,7,-6,7,sf=11 seq=4 rx_rssi=-6 rx_snr=7 tx_rssi=-6 tx_snr=7
2026-05-26T19:26:48.698718Z,hit,11,5,-6,7,-6,7,sf=11 seq=5 rx_rssi=-6 rx_snr=7 tx_rssi=-6 tx_snr=7
2026-05-26T19:26:49.946005Z,hit,11,6,-5,7,-6,8,sf=11 seq=6 rx_rssi=-5 rx_snr=7 tx_rssi=-6 tx_snr=8
2026-05-26T19:26:51.193167Z,hit,11,7,-6,7,-7,7,sf=11 seq=7 rx_rssi=-6 rx_snr=7 tx_rssi=-7 tx_snr=7
2026-05-26T19:26:52.440326Z,hit,11,8,-6,7,-7,7,sf=11 seq=8 rx_rssi=-6 rx_snr=7 tx_rssi=-7 tx_snr=7
2026-05-26T19:26:53.687176Z,info,,,,,,,sf=11 seq=9 rx_rssi=-6 rx_snr=7 tx_r-6 tx_snr=7
2026-05-26T19:26:54.934852Z,hit,11,10,-6,7,-6,7,sf=11 seq=10 rx_rssi=-6 rx_snr=7 tx_rssi=-6 tx_snr=7
2026-05-26T19:26:56.181951Z,hit,11,11,-6,7,-6,7,sf=11 seq=11 rx_rssi=-6 rx_snr=7 tx_rssi=-6 tx_snr=7
2026-05-26T19:26:57.429238Z,hit,11,12,-5,7,-7,7,sf=11 seq=12 rx_rssi=-5 rx_snr=7 tx_rssi=-7 tx_snr=7
2026-05-26T19:26:58.676330Z,hit,11,13,-5,7,-7,7,sf=11 seq=13 rx_rssi=-5 rx_snr=7 tx_rssi=-7 tx_snr=7
2026-05-26T19:26:59.923506Z,hit,11,14,-5,7,-6,7,sf=11 seq=14 rx_rssi=-5 rx_snr=7 tx_rssi=-6 tx_snr=7
2026-05-26T19:27:01.170803Z,hit,11,15,-6,7,-6,7,sf=11 seq=15 rx_rssi=-6 rx_snr=7 tx_rssi=-6 tx_snr=7
2026-05-26T19:27:02.417888Z,hit,11,16,-6,7,-6,7,sf=11 seq=16 rx_rssi=-6 rx_snr=7 tx_rssi=-6 tx_snr=7
2026-05-26T19:27:03.665249Z,hit,11,17,-6,7,-6,7,sf=11 seq=17 rx_rssi=-6 rx_snr=7 tx_rssi=-6 tx_snr=7
2026-05-26T19:27:07.575641Z,miss,11,18,,,,,miss sf=11 seq=18
2026-05-26T19:27:11.488461Z,miss,11,19,,,,,miss sf=11 seq=19
2026-05-26T19:27:11.546579Z,info,,,,,,,=== SF11 summary: hits=18/20 per=10% rx_rssi_avg=-5 rx_snr_avg=7 tx_rssi_avg=-6 tx_snr_avg=7 ===
2026-05-26T19:27:14.427052Z,hit,12,0,-5,7,-6,6,sf=12 seq=0 rx_rssi=-5 rx_snr=7 tx_rssi=-6 tx_snr=6
2026-05-26T19:27:16.861780Z,hit,12,1,-5,7,-5,6,sf=12 seq=1 rx_rssi=-5 rx_snr=7 tx_rssi=-5 tx_snr=6
2026-05-26T19:27:19.296532Z,hit,12,2,-5,6,-4,5,sf=12 seq=2 rx_rssi=-5 rx_snr=6 tx_rssi=-4 tx_snr=5
2026-05-26T19:27:21.731095Z,hit,12,3,-5,7,-6,6,sf=12 seq=3 rx_rssi=-5 rx_snr=7 tx_rssi=-6 tx_snr=6
2026-05-26T19:27:24.165829Z,hit,12,4,-6,7,-3,6,sf=12 seq=4 rx_rssi=-6 rx_snr=7 tx_rssi=-3 tx_snr=6
2026-05-26T19:27:26.600613Z,hit,12,5,-6,6,-3,5,sf=12 seq=5 rx_rssi=-6 rx_snr=6 tx_rssi=-3 tx_snr=5
2026-05-26T19:27:29.035127Z,hit,12,6,-6,7,-5,7,sf=12 seq=6 rx_rssi=-6 rx_snr=7 tx_rssi=-5 tx_snr=7
2026-05-26T19:27:31.469834Z,hit,12,7,-6,6,-5,7,sf=12 seq=7 rx_rssi=-6 rx_snr=6 tx_rssi=-5 tx_snr=7
2026-05-26T19:27:33.904499Z,info,,,,,,,sf=12 seq=8 rx_rssi-5 rx_snr=6 tx_rssi=-4 tx_snr=5
2026-05-26T19:27:36.339364Z,hit,12,9,-5,6,-3,5,sf=12 seq=9 rx_rssi=-5 rx_snr=6 tx_rssi=-3 tx_snr=5
2026-05-26T19:27:38.774127Z,hit,12,10,-5,6,-5,7,sf=12 seq=10 rx_rssi=-5 rx_snr=6 tx_rssi=-5 tx_snr=7
2026-05-26T19:27:41.208729Z,hit,12,11,-5,6,-5,7,sf=12 seq=11 rx_rssi=-5 rx_snr=6 tx_rssi=-5 tx_snr=7
2026-05-26T19:27:43.643590Z,hit,12,12,-5,6,-4,5,sf=12 seq=12 rx_rssi=-5 rx_snr=6 tx_rssi=-4 tx_snr=5
2026-05-26T19:27:46.078234Z,hit,12,13,-5,6,-6,6,sf=12 seq=13 rx_rssi=-5 rx_snr=6 tx_rssi=-6 tx_snr=6
2026-05-26T19:27:48.513005Z,hit,12,14,-5,6,-3,5,sf=12 seq=14 rx_rssi=-5 rx_snr=6 tx_rssi=-3 tx_snr=5
2026-05-26T19:27:50.947568Z,hit,12,15,-5,6,-6,7,sf=12 seq=15 rx_rssi=-5 rx_snr=6 tx_rssi=-6 tx_snr=7
2026-05-26T19:27:53.382304Z,hit,12,16,-5,6,-5,7,sf=12 seq=16 rx_rssi=-5 rx_snr=6 tx_rssi=-5 tx_snr=7
2026-05-26T19:27:55.817061Z,hit,12,17,-6,7,-3,5,sf=12 seq=17 rx_rssi=-6 rx_snr=7 tx_rssi=-3 tx_snr=5
